feature_id,timestamp,pod_name,service_name,label_memory_breach_next_30s,target_memory_mb_30s,target_memory_ratio_30s,actual_breach_within_30s,first_breach_second_offset
auth-api-6d1a0_30,2026-07-13T09:00:30+00:00,auth-api-6d1a0,auth-api,0,211.66,0.4134,0,
auth-api-6d1a0_31,2026-07-13T09:00:31+00:00,auth-api-6d1a0,auth-api,0,201.2,0.393,0,
auth-api-6d1a0_32,2026-07-13T09:00:32+00:00,auth-api-6d1a0,auth-api,0,222.39,0.4344,0,
auth-api-6d1a0_33,2026-07-13T09:00:33+00:00,auth-api-6d1a0,auth-api,0,211.34,0.4128,0,
auth-api-6d1a0_34,2026-07-13T09:00:34+00:00,auth-api-6d1a0,auth-api,0,225.03,0.4395,0,
auth-api-6d1a0_35,2026-07-13T09:00:35+00:00,auth-api-6d1a0,auth-api,0,217.95,0.4257,0,
auth-api-6d1a0_36,2026-07-13T09:00:36+00:00,auth-api-6d1a0,auth-api,0,224.08,0.4377,0,
auth-api-6d1a0_37,2026-07-13T09:00:37+00:00,auth-api-6d1a0,auth-api,0,212.23,0.4145,0,
auth-api-6d1a0_38,2026-07-13T09:00:38+00:00,auth-api-6d1a0,auth-api,0,222.75,0.4351,0,
auth-api-6d1a0_39,2026-07-13T09:00:39+00:00,auth-api-6d1a0,auth-api,0,221.3,0.4322,0,
auth-api-6d1a0_40,2026-07-13T09:00:40+00:00,auth-api-6d1a0,auth-api,0,209.92,0.41,0,
auth-api-6d1a0_41,2026-07-13T09:00:41+00:00,auth-api-6d1a0,auth-api,0,212.61,0.4153,0,
auth-api-6d1a0_42,2026-07-13T09:00:42+00:00,auth-api-6d1a0,auth-api,0,212.74,0.4155,0,
auth-api-6d1a0_43,2026-07-13T09:00:43+00:00,auth-api-6d1a0,auth-api,0,219.04,0.4278,0,
auth-api-6d1a0_44,2026-07-13T09:00:44+00:00,auth-api-6d1a0,auth-api,0,216.66,0.4232,0,
auth-api-6d1a0_45,2026-07-13T09:00:45+00:00,auth-api-6d1a0,auth-api,0,208.02,0.4063,0,
auth-api-6d1a0_46,2026-07-13T09:00:46+00:00,auth-api-6d1a0,auth-api,0,205.69,0.4017,0,
auth-api-6d1a0_47,2026-07-13T09:00:47+00:00,auth-api-6d1a0,auth-api,0,214.79,0.4195,0,
auth-api-6d1a0_48,2026-07-13T09:00:48+00:00,auth-api-6d1a0,auth-api,0,208.14,0.4065,0,
auth-api-6d1a0_49,2026-07-13T09:00:49+00:00,auth-api-6d1a0,auth-api,0,211.61,0.4133,0,
auth-api-6d1a0_50,2026-07-13T09:00:50+00:00,auth-api-6d1a0,auth-api,0,213.25,0.4165,0,
auth-api-6d1a0_51,2026-07-13T09:00:51+00:00,auth-api-6d1a0,auth-api,0,204.61,0.3996,0,
auth-api-6d1a0_52,2026-07-13T09:00:52+00:00,auth-api-6d1a0,auth-api,0,209.48,0.4091,0,
auth-api-6d1a0_53,2026-07-13T09:00:53+00:00,auth-api-6d1a0,auth-api,0,212.22,0.4145,0,
auth-api-6d1a0_54,2026-07-13T09:00:54+00:00,auth-api-6d1a0,auth-api,0,213.44,0.4169,0,
auth-api-6d1a0_55,2026-07-13T09:00:55+00:00,auth-api-6d1a0,auth-api,0,216.85,0.4235,0,
auth-api-6d1a0_56,2026-07-13T09:00:56+00:00,auth-api-6d1a0,auth-api,0,200.55,0.3917,0,
auth-api-6d1a0_57,2026-07-13T09:00:57+00:00,auth-api-6d1a0,auth-api,0,214.56,0.4191,0,
auth-api-6d1a0_58,2026-07-13T09:00:58+00:00,auth-api-6d1a0,auth-api,0,210.28,0.4107,0,
auth-api-6d1a0_59,2026-07-13T09:00:59+00:00,auth-api-6d1a0,auth-api,0,213.24,0.4165,0,
auth-api-6d1a0_60,2026-07-13T09:01:00+00:00,auth-api-6d1a0,auth-api,0,225.05,0.4396,0,
auth-api-6d1a0_61,2026-07-13T09:01:01+00:00,auth-api-6d1a0,auth-api,0,217.29,0.4244,0,
auth-api-6d1a0_62,2026-07-13T09:01:02+00:00,auth-api-6d1a0,auth-api,0,211.14,0.4124,0,
auth-api-6d1a0_63,2026-07-13T09:01:03+00:00,auth-api-6d1a0,auth-api,0,220.71,0.4311,0,
auth-api-6d1a0_64,2026-07-13T09:01:04+00:00,auth-api-6d1a0,auth-api,0,201.04,0.3927,0,
auth-api-6d1a0_65,2026-07-13T09:01:05+00:00,auth-api-6d1a0,auth-api,0,206.14,0.4026,0,
auth-api-6d1a0_66,2026-07-13T09:01:06+00:00,auth-api-6d1a0,auth-api,0,201.88,0.3943,0,
auth-api-6d1a0_67,2026-07-13T09:01:07+00:00,auth-api-6d1a0,auth-api,0,205.96,0.4023,0,
auth-api-6d1a0_68,2026-07-13T09:01:08+00:00,auth-api-6d1a0,auth-api,0,200.49,0.3916,0,
auth-api-6d1a0_69,2026-07-13T09:01:09+00:00,auth-api-6d1a0,auth-api,0,206.65,0.4036,0,
auth-api-6d1a0_70,2026-07-13T09:01:10+00:00,auth-api-6d1a0,auth-api,0,217.18,0.4242,0,
auth-api-6d1a0_71,2026-07-13T09:01:11+00:00,auth-api-6d1a0,auth-api,0,210.71,0.4115,0,
auth-api-6d1a0_72,2026-07-13T09:01:12+00:00,auth-api-6d1a0,auth-api,0,209.33,0.4088,0,
auth-api-6d1a0_73,2026-07-13T09:01:13+00:00,auth-api-6d1a0,auth-api,0,207.07,0.4044,0,
auth-api-6d1a0_74,2026-07-13T09:01:14+00:00,auth-api-6d1a0,auth-api,0,214.07,0.4181,0,
auth-api-6d1a0_75,2026-07-13T09:01:15+00:00,auth-api-6d1a0,auth-api,0,221.02,0.4317,0,
auth-api-6d1a0_76,2026-07-13T09:01:16+00:00,auth-api-6d1a0,auth-api,0,213.96,0.4179,0,
auth-api-6d1a0_77,2026-07-13T09:01:17+00:00,auth-api-6d1a0,auth-api,0,219.88,0.4295,0,
auth-api-6d1a0_78,2026-07-13T09:01:18+00:00,auth-api-6d1a0,auth-api,0,207.62,0.4055,0,
auth-api-6d1a0_79,2026-07-13T09:01:19+00:00,auth-api-6d1a0,auth-api,0,221.44,0.4325,0,
auth-api-6d1a0_80,2026-07-13T09:01:20+00:00,auth-api-6d1a0,auth-api,0,204.06,0.3986,0,
auth-api-6d1a0_81,2026-07-13T09:01:21+00:00,auth-api-6d1a0,auth-api,0,203.62,0.3977,0,
auth-api-6d1a0_82,2026-07-13T09:01:22+00:00,auth-api-6d1a0,auth-api,0,203.36,0.3972,0,
auth-api-6d1a0_83,2026-07-13T09:01:23+00:00,auth-api-6d1a0,auth-api,0,206.2,0.4027,0,
auth-api-6d1a0_84,2026-07-13T09:01:24+00:00,auth-api-6d1a0,auth-api,0,214.25,0.4185,0,
auth-api-6d1a0_85,2026-07-13T09:01:25+00:00,auth-api-6d1a0,auth-api,0,205.27,0.4009,0,
auth-api-6d1a0_86,2026-07-13T09:01:26+00:00,auth-api-6d1a0,auth-api,0,227.18,0.4437,0,
auth-api-6d1a0_87,2026-07-13T09:01:27+00:00,auth-api-6d1a0,auth-api,0,224.58,0.4386,0,
auth-api-6d1a0_88,2026-07-13T09:01:28+00:00,auth-api-6d1a0,auth-api,0,220.39,0.4304,0,
auth-api-6d1a0_89,2026-07-13T09:01:29+00:00,auth-api-6d1a0,auth-api,0,206.74,0.4038,0,
auth-api-6d1a0_90,2026-07-13T09:01:30+00:00,auth-api-6d1a0,auth-api,0,223.17,0.4359,0,
auth-api-6d1a0_91,2026-07-13T09:01:31+00:00,auth-api-6d1a0,auth-api,0,210.1,0.4104,0,
auth-api-6d1a0_92,2026-07-13T09:01:32+00:00,auth-api-6d1a0,auth-api,0,214.93,0.4198,0,
auth-api-6d1a0_93,2026-07-13T09:01:33+00:00,auth-api-6d1a0,auth-api,0,205.84,0.402,0,
auth-api-6d1a0_94,2026-07-13T09:01:34+00:00,auth-api-6d1a0,auth-api,0,203.68,0.3978,0,
auth-api-6d1a0_95,2026-07-13T09:01:35+00:00,auth-api-6d1a0,auth-api,0,223.05,0.4356,0,
auth-api-6d1a0_96,2026-07-13T09:01:36+00:00,auth-api-6d1a0,auth-api,0,211.27,0.4126,0,
auth-api-6d1a0_97,2026-07-13T09:01:37+00:00,auth-api-6d1a0,auth-api,0,216.52,0.4229,0,
auth-api-6d1a0_98,2026-07-13T09:01:38+00:00,auth-api-6d1a0,auth-api,0,215.74,0.4214,0,
auth-api-6d1a0_99,2026-07-13T09:01:39+00:00,auth-api-6d1a0,auth-api,0,201.65,0.3938,0,
auth-api-6d1a0_100,2026-07-13T09:01:40+00:00,auth-api-6d1a0,auth-api,0,208.44,0.4071,0,
auth-api-6d1a0_101,2026-07-13T09:01:41+00:00,auth-api-6d1a0,auth-api,0,212.42,0.4149,0,
auth-api-6d1a0_102,2026-07-13T09:01:42+00:00,auth-api-6d1a0,auth-api,0,218.55,0.4269,0,
auth-api-6d1a0_103,2026-07-13T09:01:43+00:00,auth-api-6d1a0,auth-api,0,204.39,0.3992,0,
auth-api-6d1a0_104,2026-07-13T09:01:44+00:00,auth-api-6d1a0,auth-api,0,197.74,0.3862,0,
auth-api-6d1a0_105,2026-07-13T09:01:45+00:00,auth-api-6d1a0,auth-api,0,211.81,0.4137,0,
auth-api-6d1a0_106,2026-07-13T09:01:46+00:00,auth-api-6d1a0,auth-api,0,216.98,0.4238,0,
auth-api-6d1a0_107,2026-07-13T09:01:47+00:00,auth-api-6d1a0,auth-api,0,213.38,0.4168,0,
auth-api-6d1a0_108,2026-07-13T09:01:48+00:00,auth-api-6d1a0,auth-api,0,208.29,0.4068,0,
auth-api-6d1a0_109,2026-07-13T09:01:49+00:00,auth-api-6d1a0,auth-api,0,209.95,0.4101,0,
auth-api-6d1a0_110,2026-07-13T09:01:50+00:00,auth-api-6d1a0,auth-api,0,214.6,0.4191,0,
auth-api-6d1a0_111,2026-07-13T09:01:51+00:00,auth-api-6d1a0,auth-api,0,201.6,0.3937,0,
auth-api-6d1a0_112,2026-07-13T09:01:52+00:00,auth-api-6d1a0,auth-api,0,210.82,0.4118,0,
auth-api-6d1a0_113,2026-07-13T09:01:53+00:00,auth-api-6d1a0,auth-api,0,208.55,0.4073,0,
auth-api-6d1a0_114,2026-07-13T09:01:54+00:00,auth-api-6d1a0,auth-api,0,211.47,0.413,0,
auth-api-6d1a0_115,2026-07-13T09:01:55+00:00,auth-api-6d1a0,auth-api,0,200.97,0.3925,0,
auth-api-6d1a0_116,2026-07-13T09:01:56+00:00,auth-api-6d1a0,auth-api,0,220.06,0.4298,0,
auth-api-6d1a0_117,2026-07-13T09:01:57+00:00,auth-api-6d1a0,auth-api,0,206.59,0.4035,0,
auth-api-6d1a0_118,2026-07-13T09:01:58+00:00,auth-api-6d1a0,auth-api,0,220.92,0.4315,0,
auth-api-6d1a0_119,2026-07-13T09:01:59+00:00,auth-api-6d1a0,auth-api,0,200.47,0.3915,0,
auth-api-6d1a0_120,2026-07-13T09:02:00+00:00,auth-api-6d1a0,auth-api,0,211.76,0.4136,0,
auth-api-6d1a0_121,2026-07-13T09:02:01+00:00,auth-api-6d1a0,auth-api,0,219.25,0.4282,0,
auth-api-6d1a0_122,2026-07-13T09:02:02+00:00,auth-api-6d1a0,auth-api,0,191.85,0.3747,0,
auth-api-6d1a0_123,2026-07-13T09:02:03+00:00,auth-api-6d1a0,auth-api,0,186.86,0.365,0,
auth-api-6d1a0_124,2026-07-13T09:02:04+00:00,auth-api-6d1a0,auth-api,0,194.81,0.3805,0,
auth-api-6d1a0_125,2026-07-13T09:02:05+00:00,auth-api-6d1a0,auth-api,0,209.66,0.4095,0,
auth-api-6d1a0_126,2026-07-13T09:02:06+00:00,auth-api-6d1a0,auth-api,0,219.08,0.4279,0,
auth-api-6d1a0_127,2026-07-13T09:02:07+00:00,auth-api-6d1a0,auth-api,0,208.54,0.4073,0,
auth-api-6d1a0_128,2026-07-13T09:02:08+00:00,auth-api-6d1a0,auth-api,0,203.43,0.3973,0,
auth-api-6d1a0_129,2026-07-13T09:02:09+00:00,auth-api-6d1a0,auth-api,0,211.49,0.4131,0,
auth-api-6d1a0_130,2026-07-13T09:02:10+00:00,auth-api-6d1a0,auth-api,0,224.22,0.4379,0,
auth-api-6d1a0_131,2026-07-13T09:02:11+00:00,auth-api-6d1a0,auth-api,0,203.01,0.3965,0,
auth-api-6d1a0_132,2026-07-13T09:02:12+00:00,auth-api-6d1a0,auth-api,0,211.87,0.4138,0,
auth-api-6d1a0_133,2026-07-13T09:02:13+00:00,auth-api-6d1a0,auth-api,0,208.58,0.4074,0,
auth-api-6d1a0_134,2026-07-13T09:02:14+00:00,auth-api-6d1a0,auth-api,0,207.66,0.4056,0,
auth-api-6d1a0_135,2026-07-13T09:02:15+00:00,auth-api-6d1a0,auth-api,0,210.86,0.4118,0,
auth-api-6d1a0_136,2026-07-13T09:02:16+00:00,auth-api-6d1a0,auth-api,0,206.51,0.4033,0,
auth-api-6d1a0_137,2026-07-13T09:02:17+00:00,auth-api-6d1a0,auth-api,0,185.5,0.3623,0,
auth-api-6d1a0_138,2026-07-13T09:02:18+00:00,auth-api-6d1a0,auth-api,0,215.25,0.4204,0,
auth-api-6d1a0_139,2026-07-13T09:02:19+00:00,auth-api-6d1a0,auth-api,0,197.12,0.385,0,
auth-api-6d1a0_140,2026-07-13T09:02:20+00:00,auth-api-6d1a0,auth-api,0,207.87,0.406,0,
auth-api-6d1a0_141,2026-07-13T09:02:21+00:00,auth-api-6d1a0,auth-api,0,219.49,0.4287,0,
auth-api-6d1a0_142,2026-07-13T09:02:22+00:00,auth-api-6d1a0,auth-api,0,211.91,0.4139,0,
auth-api-6d1a0_143,2026-07-13T09:02:23+00:00,auth-api-6d1a0,auth-api,0,204.3,0.399,0,
auth-api-6d1a0_144,2026-07-13T09:02:24+00:00,auth-api-6d1a0,auth-api,0,193.47,0.3779,0,
auth-api-6d1a0_145,2026-07-13T09:02:25+00:00,auth-api-6d1a0,auth-api,0,205.4,0.4012,0,
auth-api-6d1a0_146,2026-07-13T09:02:26+00:00,auth-api-6d1a0,auth-api,0,207.48,0.4052,0,
auth-api-6d1a0_147,2026-07-13T09:02:27+00:00,auth-api-6d1a0,auth-api,0,217.9,0.4256,0,
auth-api-6d1a0_148,2026-07-13T09:02:28+00:00,auth-api-6d1a0,auth-api,0,212.24,0.4145,0,
auth-api-6d1a0_149,2026-07-13T09:02:29+00:00,auth-api-6d1a0,auth-api,0,209.77,0.4097,0,
auth-api-6d1a0_150,2026-07-13T09:02:30+00:00,auth-api-6d1a0,auth-api,0,207.29,0.4049,0,
auth-api-6d1a0_151,2026-07-13T09:02:31+00:00,auth-api-6d1a0,auth-api,0,210.8,0.4117,0,
auth-api-6d1a0_152,2026-07-13T09:02:32+00:00,auth-api-6d1a0,auth-api,0,206.84,0.404,0,
auth-api-6d1a0_153,2026-07-13T09:02:33+00:00,auth-api-6d1a0,auth-api,0,196.17,0.3831,0,
auth-api-6d1a0_154,2026-07-13T09:02:34+00:00,auth-api-6d1a0,auth-api,0,202.52,0.3955,0,
auth-api-6d1a0_155,2026-07-13T09:02:35+00:00,auth-api-6d1a0,auth-api,0,216.09,0.4221,0,
auth-api-6d1a0_156,2026-07-13T09:02:36+00:00,auth-api-6d1a0,auth-api,0,211.57,0.4132,0,
auth-api-6d1a0_157,2026-07-13T09:02:37+00:00,auth-api-6d1a0,auth-api,0,209.33,0.4088,0,
auth-api-6d1a0_158,2026-07-13T09:02:38+00:00,auth-api-6d1a0,auth-api,0,215.04,0.42,0,
auth-api-6d1a0_159,2026-07-13T09:02:39+00:00,auth-api-6d1a0,auth-api,0,216.27,0.4224,0,
auth-api-6d1a0_160,2026-07-13T09:02:40+00:00,auth-api-6d1a0,auth-api,0,211.36,0.4128,0,
auth-api-6d1a0_161,2026-07-13T09:02:41+00:00,auth-api-6d1a0,auth-api,0,193.95,0.3788,0,
auth-api-6d1a0_162,2026-07-13T09:02:42+00:00,auth-api-6d1a0,auth-api,0,210.45,0.411,0,
auth-api-6d1a0_163,2026-07-13T09:02:43+00:00,auth-api-6d1a0,auth-api,0,202.62,0.3957,0,
auth-api-6d1a0_164,2026-07-13T09:02:44+00:00,auth-api-6d1a0,auth-api,0,199.63,0.3899,0,
auth-api-6d1a0_165,2026-07-13T09:02:45+00:00,auth-api-6d1a0,auth-api,0,211.44,0.413,0,
auth-api-6d1a0_166,2026-07-13T09:02:46+00:00,auth-api-6d1a0,auth-api,0,208.7,0.4076,0,
auth-api-6d1a0_167,2026-07-13T09:02:47+00:00,auth-api-6d1a0,auth-api,0,207.08,0.4045,0,
auth-api-6d1a0_168,2026-07-13T09:02:48+00:00,auth-api-6d1a0,auth-api,0,221.56,0.4327,0,
auth-api-6d1a0_169,2026-07-13T09:02:49+00:00,auth-api-6d1a0,auth-api,0,214.06,0.4181,0,
auth-api-6d1a0_170,2026-07-13T09:02:50+00:00,auth-api-6d1a0,auth-api,0,195.66,0.3821,0,
auth-api-6d1a0_171,2026-07-13T09:02:51+00:00,auth-api-6d1a0,auth-api,0,206.97,0.4042,0,
auth-api-6d1a0_172,2026-07-13T09:02:52+00:00,auth-api-6d1a0,auth-api,0,203.85,0.3981,0,
auth-api-6d1a0_173,2026-07-13T09:02:53+00:00,auth-api-6d1a0,auth-api,0,198.28,0.3873,0,
auth-api-6d1a0_174,2026-07-13T09:02:54+00:00,auth-api-6d1a0,auth-api,0,227.06,0.4435,0,
auth-api-6d1a0_175,2026-07-13T09:02:55+00:00,auth-api-6d1a0,auth-api,0,214.81,0.4196,0,
auth-api-6d1a0_176,2026-07-13T09:02:56+00:00,auth-api-6d1a0,auth-api,0,223.88,0.4373,0,
auth-api-6d1a0_177,2026-07-13T09:02:57+00:00,auth-api-6d1a0,auth-api,0,213.81,0.4176,0,
auth-api-6d1a0_178,2026-07-13T09:02:58+00:00,auth-api-6d1a0,auth-api,0,208.92,0.408,0,
auth-api-6d1a0_179,2026-07-13T09:02:59+00:00,auth-api-6d1a0,auth-api,0,223.65,0.4368,0,
auth-api-6d1a0_180,2026-07-13T09:03:00+00:00,auth-api-6d1a0,auth-api,0,207.39,0.4051,0,
auth-api-6d1a0_181,2026-07-13T09:03:01+00:00,auth-api-6d1a0,auth-api,0,211.84,0.4138,0,
auth-api-6d1a0_182,2026-07-13T09:03:02+00:00,auth-api-6d1a0,auth-api,0,208.97,0.4081,0,
auth-api-6d1a0_183,2026-07-13T09:03:03+00:00,auth-api-6d1a0,auth-api,0,212.98,0.416,0,
auth-api-6d1a0_184,2026-07-13T09:03:04+00:00,auth-api-6d1a0,auth-api,0,212.2,0.4145,0,
auth-api-6d1a0_185,2026-07-13T09:03:05+00:00,auth-api-6d1a0,auth-api,0,218.75,0.4272,0,
auth-api-6d1a0_186,2026-07-13T09:03:06+00:00,auth-api-6d1a0,auth-api,0,209.52,0.4092,0,
auth-api-6d1a0_187,2026-07-13T09:03:07+00:00,auth-api-6d1a0,auth-api,0,212.19,0.4144,0,
auth-api-6d1a0_188,2026-07-13T09:03:08+00:00,auth-api-6d1a0,auth-api,0,198.9,0.3885,0,
auth-api-6d1a0_189,2026-07-13T09:03:09+00:00,auth-api-6d1a0,auth-api,0,209.22,0.4086,0,
auth-api-6d1a0_190,2026-07-13T09:03:10+00:00,auth-api-6d1a0,auth-api,0,208.27,0.4068,0,
auth-api-6d1a0_191,2026-07-13T09:03:11+00:00,auth-api-6d1a0,auth-api,0,208.55,0.4073,0,
auth-api-6d1a0_192,2026-07-13T09:03:12+00:00,auth-api-6d1a0,auth-api,0,200.41,0.3914,0,
auth-api-6d1a0_193,2026-07-13T09:03:13+00:00,auth-api-6d1a0,auth-api,0,208.62,0.4075,0,
auth-api-6d1a0_194,2026-07-13T09:03:14+00:00,auth-api-6d1a0,auth-api,0,212.07,0.4142,0,
auth-api-6d1a0_195,2026-07-13T09:03:15+00:00,auth-api-6d1a0,auth-api,0,219.12,0.428,0,
auth-api-6d1a0_196,2026-07-13T09:03:16+00:00,auth-api-6d1a0,auth-api,0,208.78,0.4078,0,
auth-api-6d1a0_197,2026-07-13T09:03:17+00:00,auth-api-6d1a0,auth-api,0,218.49,0.4267,0,
auth-api-6d1a0_198,2026-07-13T09:03:18+00:00,auth-api-6d1a0,auth-api,0,204.71,0.3998,0,
auth-api-6d1a0_199,2026-07-13T09:03:19+00:00,auth-api-6d1a0,auth-api,0,209.22,0.4086,0,
auth-api-6d1a0_200,2026-07-13T09:03:20+00:00,auth-api-6d1a0,auth-api,0,211.47,0.413,0,
auth-api-6d1a0_201,2026-07-13T09:03:21+00:00,auth-api-6d1a0,auth-api,0,208.11,0.4065,0,
auth-api-6d1a0_202,2026-07-13T09:03:22+00:00,auth-api-6d1a0,auth-api,0,201.17,0.3929,0,
auth-api-6d1a0_203,2026-07-13T09:03:23+00:00,auth-api-6d1a0,auth-api,0,203.42,0.3973,0,
auth-api-6d1a0_204,2026-07-13T09:03:24+00:00,auth-api-6d1a0,auth-api,0,197.36,0.3855,0,
auth-api-6d1a0_205,2026-07-13T09:03:25+00:00,auth-api-6d1a0,auth-api,0,227.19,0.4437,0,
auth-api-6d1a0_206,2026-07-13T09:03:26+00:00,auth-api-6d1a0,auth-api,0,195.59,0.382,0,
auth-api-6d1a0_207,2026-07-13T09:03:27+00:00,auth-api-6d1a0,auth-api,0,212.16,0.4144,0,
auth-api-6d1a0_208,2026-07-13T09:03:28+00:00,auth-api-6d1a0,auth-api,0,215.82,0.4215,0,
auth-api-6d1a0_209,2026-07-13T09:03:29+00:00,auth-api-6d1a0,auth-api,0,213.75,0.4175,0,
auth-api-6d1a0_210,2026-07-13T09:03:30+00:00,auth-api-6d1a0,auth-api,0,209.74,0.4096,0,
auth-api-6d1a0_211,2026-07-13T09:03:31+00:00,auth-api-6d1a0,auth-api,0,214.98,0.4199,0,
auth-api-6d1a0_212,2026-07-13T09:03:32+00:00,auth-api-6d1a0,auth-api,0,202.02,0.3946,0,
auth-api-6d1a0_213,2026-07-13T09:03:33+00:00,auth-api-6d1a0,auth-api,0,217.23,0.4243,0,
auth-api-6d1a0_214,2026-07-13T09:03:34+00:00,auth-api-6d1a0,auth-api,0,202.78,0.3961,0,
auth-api-6d1a0_215,2026-07-13T09:03:35+00:00,auth-api-6d1a0,auth-api,0,214.08,0.4181,0,
auth-api-6d1a0_216,2026-07-13T09:03:36+00:00,auth-api-6d1a0,auth-api,0,218.43,0.4266,0,
auth-api-6d1a0_217,2026-07-13T09:03:37+00:00,auth-api-6d1a0,auth-api,0,216.99,0.4238,0,
auth-api-6d1a0_218,2026-07-13T09:03:38+00:00,auth-api-6d1a0,auth-api,0,197.36,0.3855,0,
auth-api-6d1a0_219,2026-07-13T09:03:39+00:00,auth-api-6d1a0,auth-api,0,214.3,0.4186,0,
auth-api-6d1a0_220,2026-07-13T09:03:40+00:00,auth-api-6d1a0,auth-api,0,201.55,0.3937,0,
auth-api-6d1a0_221,2026-07-13T09:03:41+00:00,auth-api-6d1a0,auth-api,0,207.86,0.406,0,
auth-api-6d1a0_222,2026-07-13T09:03:42+00:00,auth-api-6d1a0,auth-api,0,206.96,0.4042,0,
auth-api-6d1a0_223,2026-07-13T09:03:43+00:00,auth-api-6d1a0,auth-api,0,216.46,0.4228,0,
auth-api-6d1a0_224,2026-07-13T09:03:44+00:00,auth-api-6d1a0,auth-api,0,200.97,0.3925,0,
auth-api-6d1a0_225,2026-07-13T09:03:45+00:00,auth-api-6d1a0,auth-api,0,212.71,0.4154,0,
auth-api-6d1a0_226,2026-07-13T09:03:46+00:00,auth-api-6d1a0,auth-api,0,222.93,0.4354,0,
auth-api-6d1a0_227,2026-07-13T09:03:47+00:00,auth-api-6d1a0,auth-api,0,191.92,0.3748,0,
auth-api-6d1a0_228,2026-07-13T09:03:48+00:00,auth-api-6d1a0,auth-api,0,207.85,0.406,0,
auth-api-6d1a0_229,2026-07-13T09:03:49+00:00,auth-api-6d1a0,auth-api,0,209.2,0.4086,0,
auth-api-6d1a0_230,2026-07-13T09:03:50+00:00,auth-api-6d1a0,auth-api,0,211.91,0.4139,0,
auth-api-6d1a0_231,2026-07-13T09:03:51+00:00,auth-api-6d1a0,auth-api,0,203.45,0.3974,0,
auth-api-6d1a0_232,2026-07-13T09:03:52+00:00,auth-api-6d1a0,auth-api,0,202.0,0.3945,0,
auth-api-6d1a0_233,2026-07-13T09:03:53+00:00,auth-api-6d1a0,auth-api,0,212.79,0.4156,0,
auth-api-6d1a0_234,2026-07-13T09:03:54+00:00,auth-api-6d1a0,auth-api,0,218.09,0.426,0,
auth-api-6d1a0_235,2026-07-13T09:03:55+00:00,auth-api-6d1a0,auth-api,0,222.02,0.4336,0,
auth-api-6d1a0_236,2026-07-13T09:03:56+00:00,auth-api-6d1a0,auth-api,0,201.62,0.3938,0,
auth-api-6d1a0_237,2026-07-13T09:03:57+00:00,auth-api-6d1a0,auth-api,0,218.18,0.4261,0,
auth-api-6d1a0_238,2026-07-13T09:03:58+00:00,auth-api-6d1a0,auth-api,0,224.42,0.4383,0,
auth-api-6d1a0_239,2026-07-13T09:03:59+00:00,auth-api-6d1a0,auth-api,0,215.09,0.4201,0,
auth-api-6d1a0_240,2026-07-13T09:04:00+00:00,auth-api-6d1a0,auth-api,0,216.26,0.4224,0,
auth-api-6d1a0_241,2026-07-13T09:04:01+00:00,auth-api-6d1a0,auth-api,0,207.19,0.4047,0,
auth-api-6d1a0_242,2026-07-13T09:04:02+00:00,auth-api-6d1a0,auth-api,0,208.1,0.4064,0,
auth-api-6d1a0_243,2026-07-13T09:04:03+00:00,auth-api-6d1a0,auth-api,0,222.89,0.4353,0,
auth-api-6d1a0_244,2026-07-13T09:04:04+00:00,auth-api-6d1a0,auth-api,0,214.01,0.418,0,
auth-api-6d1a0_245,2026-07-13T09:04:05+00:00,auth-api-6d1a0,auth-api,0,208.85,0.4079,0,
auth-api-6d1a0_246,2026-07-13T09:04:06+00:00,auth-api-6d1a0,auth-api,0,221.51,0.4326,0,
auth-api-6d1a0_247,2026-07-13T09:04:07+00:00,auth-api-6d1a0,auth-api,0,212.97,0.416,0,
auth-api-6d1a0_248,2026-07-13T09:04:08+00:00,auth-api-6d1a0,auth-api,0,216.36,0.4226,0,
auth-api-6d1a0_249,2026-07-13T09:04:09+00:00,auth-api-6d1a0,auth-api,0,202.96,0.3964,0,
auth-api-6d1a0_250,2026-07-13T09:04:10+00:00,auth-api-6d1a0,auth-api,0,213.04,0.4161,0,
auth-api-6d1a0_251,2026-07-13T09:04:11+00:00,auth-api-6d1a0,auth-api,0,218.87,0.4275,0,
auth-api-6d1a0_252,2026-07-13T09:04:12+00:00,auth-api-6d1a0,auth-api,0,197.43,0.3856,0,
auth-api-6d1a0_253,2026-07-13T09:04:13+00:00,auth-api-6d1a0,auth-api,0,212.99,0.416,0,
auth-api-6d1a0_254,2026-07-13T09:04:14+00:00,auth-api-6d1a0,auth-api,0,213.71,0.4174,0,
auth-api-6d1a0_255,2026-07-13T09:04:15+00:00,auth-api-6d1a0,auth-api,0,222.15,0.4339,0,
auth-api-6d1a0_256,2026-07-13T09:04:16+00:00,auth-api-6d1a0,auth-api,0,206.65,0.4036,0,
auth-api-6d1a0_257,2026-07-13T09:04:17+00:00,auth-api-6d1a0,auth-api,0,212.42,0.4149,0,
auth-api-6d1a0_258,2026-07-13T09:04:18+00:00,auth-api-6d1a0,auth-api,0,209.29,0.4088,0,
auth-api-6d1a0_259,2026-07-13T09:04:19+00:00,auth-api-6d1a0,auth-api,0,203.83,0.3981,0,
auth-api-6d1a0_260,2026-07-13T09:04:20+00:00,auth-api-6d1a0,auth-api,0,215.59,0.4211,0,
auth-api-6d1a0_261,2026-07-13T09:04:21+00:00,auth-api-6d1a0,auth-api,0,217.83,0.4254,0,
auth-api-6d1a0_262,2026-07-13T09:04:22+00:00,auth-api-6d1a0,auth-api,0,212.43,0.4149,0,
auth-api-6d1a0_263,2026-07-13T09:04:23+00:00,auth-api-6d1a0,auth-api,0,214.06,0.4181,0,
auth-api-6d1a0_264,2026-07-13T09:04:24+00:00,auth-api-6d1a0,auth-api,0,205.43,0.4012,0,
auth-api-6d1a0_265,2026-07-13T09:04:25+00:00,auth-api-6d1a0,auth-api,0,208.53,0.4073,0,
auth-api-6d1a0_266,2026-07-13T09:04:26+00:00,auth-api-6d1a0,auth-api,0,202.72,0.3959,0,
auth-api-6d1a0_267,2026-07-13T09:04:27+00:00,auth-api-6d1a0,auth-api,0,202.4,0.3953,0,
auth-api-6d1a0_268,2026-07-13T09:04:28+00:00,auth-api-6d1a0,auth-api,0,197.44,0.3856,0,
auth-api-6d1a0_269,2026-07-13T09:04:29+00:00,auth-api-6d1a0,auth-api,0,197.36,0.3855,0,
auth-api-6d1a0_270,2026-07-13T09:04:30+00:00,auth-api-6d1a0,auth-api,0,212.61,0.4153,0,
auth-api-6d1a0_271,2026-07-13T09:04:31+00:00,auth-api-6d1a0,auth-api,0,223.78,0.4371,0,
auth-api-6d1a0_272,2026-07-13T09:04:32+00:00,auth-api-6d1a0,auth-api,0,202.06,0.3946,0,
auth-api-6d1a0_273,2026-07-13T09:04:33+00:00,auth-api-6d1a0,auth-api,0,214.17,0.4183,0,
auth-api-6d1a0_274,2026-07-13T09:04:34+00:00,auth-api-6d1a0,auth-api,0,213.13,0.4163,0,
auth-api-6d1a0_275,2026-07-13T09:04:35+00:00,auth-api-6d1a0,auth-api,0,210.03,0.4102,0,
auth-api-6d1a0_276,2026-07-13T09:04:36+00:00,auth-api-6d1a0,auth-api,0,221.05,0.4317,0,
auth-api-6d1a0_277,2026-07-13T09:04:37+00:00,auth-api-6d1a0,auth-api,0,221.84,0.4333,0,
auth-api-6d1a0_278,2026-07-13T09:04:38+00:00,auth-api-6d1a0,auth-api,0,206.07,0.4025,0,
auth-api-6d1a0_279,2026-07-13T09:04:39+00:00,auth-api-6d1a0,auth-api,0,194.62,0.3801,0,
auth-api-6d1a0_280,2026-07-13T09:04:40+00:00,auth-api-6d1a0,auth-api,0,216.85,0.4235,0,
auth-api-6d1a0_281,2026-07-13T09:04:41+00:00,auth-api-6d1a0,auth-api,0,205.11,0.4006,0,
auth-api-6d1a0_282,2026-07-13T09:04:42+00:00,auth-api-6d1a0,auth-api,0,214.64,0.4192,0,
auth-api-6d1a0_283,2026-07-13T09:04:43+00:00,auth-api-6d1a0,auth-api,0,207.64,0.4055,0,
auth-api-6d1a0_284,2026-07-13T09:04:44+00:00,auth-api-6d1a0,auth-api,0,212.53,0.4151,0,
auth-api-6d1a0_285,2026-07-13T09:04:45+00:00,auth-api-6d1a0,auth-api,0,205.49,0.4013,0,
auth-api-6d1a0_286,2026-07-13T09:04:46+00:00,auth-api-6d1a0,auth-api,0,214.05,0.4181,0,
auth-api-6d1a0_287,2026-07-13T09:04:47+00:00,auth-api-6d1a0,auth-api,0,213.19,0.4164,0,
auth-api-6d1a0_288,2026-07-13T09:04:48+00:00,auth-api-6d1a0,auth-api,0,215.37,0.4206,0,
auth-api-6d1a0_289,2026-07-13T09:04:49+00:00,auth-api-6d1a0,auth-api,0,223.76,0.437,0,
auth-api-6d1a0_290,2026-07-13T09:04:50+00:00,auth-api-6d1a0,auth-api,0,208.57,0.4074,0,
auth-api-6d1a0_291,2026-07-13T09:04:51+00:00,auth-api-6d1a0,auth-api,0,206.6,0.4035,0,
auth-api-6d1a0_292,2026-07-13T09:04:52+00:00,auth-api-6d1a0,auth-api,0,205.97,0.4023,0,
auth-api-6d1a0_293,2026-07-13T09:04:53+00:00,auth-api-6d1a0,auth-api,0,218.05,0.4259,0,
auth-api-6d1a0_294,2026-07-13T09:04:54+00:00,auth-api-6d1a0,auth-api,0,193.77,0.3785,0,
auth-api-6d1a0_295,2026-07-13T09:04:55+00:00,auth-api-6d1a0,auth-api,0,200.65,0.3919,0,
auth-api-6d1a0_296,2026-07-13T09:04:56+00:00,auth-api-6d1a0,auth-api,0,220.02,0.4297,0,
auth-api-6d1a0_297,2026-07-13T09:04:57+00:00,auth-api-6d1a0,auth-api,0,202.98,0.3964,0,
auth-api-6d1a0_298,2026-07-13T09:04:58+00:00,auth-api-6d1a0,auth-api,0,213.01,0.416,0,
auth-api-6d1a0_299,2026-07-13T09:04:59+00:00,auth-api-6d1a0,auth-api,0,200.29,0.3912,0,
auth-api-6d1a0_300,2026-07-13T09:05:00+00:00,auth-api-6d1a0,auth-api,0,212.84,0.4157,0,
auth-api-6d1a0_301,2026-07-13T09:05:01+00:00,auth-api-6d1a0,auth-api,0,227.62,0.4446,0,
auth-api-6d1a0_302,2026-07-13T09:05:02+00:00,auth-api-6d1a0,auth-api,0,206.79,0.4039,0,
auth-api-6d1a0_303,2026-07-13T09:05:03+00:00,auth-api-6d1a0,auth-api,0,206.41,0.4031,0,
auth-api-6d1a0_304,2026-07-13T09:05:04+00:00,auth-api-6d1a0,auth-api,0,220.56,0.4308,0,
auth-api-6d1a0_305,2026-07-13T09:05:05+00:00,auth-api-6d1a0,auth-api,0,208.43,0.4071,0,
auth-api-6d1a0_306,2026-07-13T09:05:06+00:00,auth-api-6d1a0,auth-api,0,201.8,0.3941,0,
auth-api-6d1a0_307,2026-07-13T09:05:07+00:00,auth-api-6d1a0,auth-api,0,225.56,0.4405,0,
auth-api-6d1a0_308,2026-07-13T09:05:08+00:00,auth-api-6d1a0,auth-api,0,213.49,0.417,0,
auth-api-6d1a0_309,2026-07-13T09:05:09+00:00,auth-api-6d1a0,auth-api,0,225.69,0.4408,0,
auth-api-6d1a0_310,2026-07-13T09:05:10+00:00,auth-api-6d1a0,auth-api,0,199.7,0.39,0,
auth-api-6d1a0_311,2026-07-13T09:05:11+00:00,auth-api-6d1a0,auth-api,0,217.38,0.4246,0,
auth-api-6d1a0_312,2026-07-13T09:05:12+00:00,auth-api-6d1a0,auth-api,0,199.94,0.3905,0,
auth-api-6d1a0_313,2026-07-13T09:05:13+00:00,auth-api-6d1a0,auth-api,0,225.71,0.4408,0,
auth-api-6d1a0_314,2026-07-13T09:05:14+00:00,auth-api-6d1a0,auth-api,0,213.89,0.4178,0,
auth-api-6d1a0_315,2026-07-13T09:05:15+00:00,auth-api-6d1a0,auth-api,0,202.3,0.3951,0,
auth-api-6d1a0_316,2026-07-13T09:05:16+00:00,auth-api-6d1a0,auth-api,0,210.74,0.4116,0,
auth-api-6d1a0_317,2026-07-13T09:05:17+00:00,auth-api-6d1a0,auth-api,0,201.93,0.3944,0,
auth-api-6d1a0_318,2026-07-13T09:05:18+00:00,auth-api-6d1a0,auth-api,0,214.78,0.4195,0,
auth-api-6d1a0_319,2026-07-13T09:05:19+00:00,auth-api-6d1a0,auth-api,0,199.86,0.3904,0,
auth-api-6d1a0_320,2026-07-13T09:05:20+00:00,auth-api-6d1a0,auth-api,0,200.43,0.3915,0,
auth-api-6d1a0_321,2026-07-13T09:05:21+00:00,auth-api-6d1a0,auth-api,0,214.04,0.418,0,
auth-api-6d1a0_322,2026-07-13T09:05:22+00:00,auth-api-6d1a0,auth-api,0,212.86,0.4157,0,
auth-api-6d1a0_323,2026-07-13T09:05:23+00:00,auth-api-6d1a0,auth-api,0,195.81,0.3824,0,
auth-api-6d1a0_324,2026-07-13T09:05:24+00:00,auth-api-6d1a0,auth-api,0,211.96,0.414,0,
auth-api-6d1a0_325,2026-07-13T09:05:25+00:00,auth-api-6d1a0,auth-api,0,211.28,0.4127,0,
auth-api-6d1a0_326,2026-07-13T09:05:26+00:00,auth-api-6d1a0,auth-api,0,205.48,0.4013,0,
auth-api-6d1a0_327,2026-07-13T09:05:27+00:00,auth-api-6d1a0,auth-api,0,210.59,0.4113,0,
auth-api-6d1a0_328,2026-07-13T09:05:28+00:00,auth-api-6d1a0,auth-api,0,210.46,0.4111,0,
auth-api-6d1a0_329,2026-07-13T09:05:29+00:00,auth-api-6d1a0,auth-api,0,218.72,0.4272,0,
auth-api-6d1a0_330,2026-07-13T09:05:30+00:00,auth-api-6d1a0,auth-api,0,214.84,0.4196,0,
auth-api-6d1a0_331,2026-07-13T09:05:31+00:00,auth-api-6d1a0,auth-api,0,220.92,0.4315,0,
auth-api-6d1a0_332,2026-07-13T09:05:32+00:00,auth-api-6d1a0,auth-api,0,205.52,0.4014,0,
auth-api-6d1a0_333,2026-07-13T09:05:33+00:00,auth-api-6d1a0,auth-api,0,216.65,0.4231,0,
auth-api-6d1a0_334,2026-07-13T09:05:34+00:00,auth-api-6d1a0,auth-api,0,221.81,0.4332,0,
auth-api-6d1a0_335,2026-07-13T09:05:35+00:00,auth-api-6d1a0,auth-api,0,206.79,0.4039,0,
auth-api-6d1a0_336,2026-07-13T09:05:36+00:00,auth-api-6d1a0,auth-api,0,220.15,0.43,0,
auth-api-6d1a0_337,2026-07-13T09:05:37+00:00,auth-api-6d1a0,auth-api,0,223.86,0.4372,0,
auth-api-6d1a0_338,2026-07-13T09:05:38+00:00,auth-api-6d1a0,auth-api,0,207.5,0.4053,0,
auth-api-6d1a0_339,2026-07-13T09:05:39+00:00,auth-api-6d1a0,auth-api,0,203.86,0.3982,0,
auth-api-6d1a0_340,2026-07-13T09:05:40+00:00,auth-api-6d1a0,auth-api,0,228.31,0.4459,0,
auth-api-6d1a0_341,2026-07-13T09:05:41+00:00,auth-api-6d1a0,auth-api,0,222.15,0.4339,0,
auth-api-6d1a0_342,2026-07-13T09:05:42+00:00,auth-api-6d1a0,auth-api,0,221.79,0.4332,0,
auth-api-6d1a0_343,2026-07-13T09:05:43+00:00,auth-api-6d1a0,auth-api,0,217.44,0.4247,0,
auth-api-6d1a0_344,2026-07-13T09:05:44+00:00,auth-api-6d1a0,auth-api,0,195.3,0.3814,0,
auth-api-6d1a0_345,2026-07-13T09:05:45+00:00,auth-api-6d1a0,auth-api,0,213.92,0.4178,0,
auth-api-6d1a0_346,2026-07-13T09:05:46+00:00,auth-api-6d1a0,auth-api,0,204.8,0.4,0,
auth-api-6d1a0_347,2026-07-13T09:05:47+00:00,auth-api-6d1a0,auth-api,0,204.04,0.3985,0,
auth-api-6d1a0_348,2026-07-13T09:05:48+00:00,auth-api-6d1a0,auth-api,0,216.28,0.4224,0,
auth-api-6d1a0_349,2026-07-13T09:05:49+00:00,auth-api-6d1a0,auth-api,0,216.95,0.4237,0,
auth-api-6d1a0_350,2026-07-13T09:05:50+00:00,auth-api-6d1a0,auth-api,0,221.2,0.432,0,
auth-api-6d1a0_351,2026-07-13T09:05:51+00:00,auth-api-6d1a0,auth-api,0,200.8,0.3922,0,
auth-api-6d1a0_352,2026-07-13T09:05:52+00:00,auth-api-6d1a0,auth-api,0,227.27,0.4439,0,
auth-api-6d1a0_353,2026-07-13T09:05:53+00:00,auth-api-6d1a0,auth-api,0,225.82,0.4411,0,
auth-api-6d1a0_354,2026-07-13T09:05:54+00:00,auth-api-6d1a0,auth-api,0,199.35,0.3894,0,
auth-api-6d1a0_355,2026-07-13T09:05:55+00:00,auth-api-6d1a0,auth-api,0,214.09,0.4181,0,
auth-api-6d1a0_356,2026-07-13T09:05:56+00:00,auth-api-6d1a0,auth-api,0,219.34,0.4284,0,
auth-api-6d1a0_357,2026-07-13T09:05:57+00:00,auth-api-6d1a0,auth-api,0,204.62,0.3996,0,
auth-api-6d1a0_358,2026-07-13T09:05:58+00:00,auth-api-6d1a0,auth-api,0,206.34,0.403,0,
auth-api-6d1a0_359,2026-07-13T09:05:59+00:00,auth-api-6d1a0,auth-api,0,225.87,0.4412,0,
auth-api-6d1a0_360,2026-07-13T09:06:00+00:00,auth-api-6d1a0,auth-api,0,214.94,0.4198,0,
auth-api-6d1a0_361,2026-07-13T09:06:01+00:00,auth-api-6d1a0,auth-api,0,218.53,0.4268,0,
auth-api-6d1a0_362,2026-07-13T09:06:02+00:00,auth-api-6d1a0,auth-api,0,206.73,0.4038,0,
auth-api-6d1a0_363,2026-07-13T09:06:03+00:00,auth-api-6d1a0,auth-api,0,202.14,0.3948,0,
auth-api-6d1a0_364,2026-07-13T09:06:04+00:00,auth-api-6d1a0,auth-api,0,228.54,0.4464,0,
auth-api-6d1a0_365,2026-07-13T09:06:05+00:00,auth-api-6d1a0,auth-api,0,227.2,0.4437,0,
auth-api-6d1a0_366,2026-07-13T09:06:06+00:00,auth-api-6d1a0,auth-api,0,201.24,0.393,0,
auth-api-6d1a0_367,2026-07-13T09:06:07+00:00,auth-api-6d1a0,auth-api,0,209.62,0.4094,0,
auth-api-6d1a0_368,2026-07-13T09:06:08+00:00,auth-api-6d1a0,auth-api,0,202.44,0.3954,0,
auth-api-6d1a0_369,2026-07-13T09:06:09+00:00,auth-api-6d1a0,auth-api,0,221.31,0.4322,0,
auth-api-6d1a0_370,2026-07-13T09:06:10+00:00,auth-api-6d1a0,auth-api,0,209.96,0.4101,0,
auth-api-6d1a0_371,2026-07-13T09:06:11+00:00,auth-api-6d1a0,auth-api,0,206.5,0.4033,0,
auth-api-6d1a0_372,2026-07-13T09:06:12+00:00,auth-api-6d1a0,auth-api,0,212.74,0.4155,0,
auth-api-6d1a0_373,2026-07-13T09:06:13+00:00,auth-api-6d1a0,auth-api,0,201.62,0.3938,0,
auth-api-6d1a0_374,2026-07-13T09:06:14+00:00,auth-api-6d1a0,auth-api,0,204.43,0.3993,0,
auth-api-6d1a0_375,2026-07-13T09:06:15+00:00,auth-api-6d1a0,auth-api,0,209.34,0.4089,0,
auth-api-6d1a0_376,2026-07-13T09:06:16+00:00,auth-api-6d1a0,auth-api,0,221.14,0.4319,0,
auth-api-6d1a0_377,2026-07-13T09:06:17+00:00,auth-api-6d1a0,auth-api,0,207.45,0.4052,0,
auth-api-6d1a0_378,2026-07-13T09:06:18+00:00,auth-api-6d1a0,auth-api,0,211.64,0.4134,0,
auth-api-6d1a0_379,2026-07-13T09:06:19+00:00,auth-api-6d1a0,auth-api,0,208.75,0.4077,0,
auth-api-6d1a0_380,2026-07-13T09:06:20+00:00,auth-api-6d1a0,auth-api,0,224.12,0.4377,0,
auth-api-6d1a0_381,2026-07-13T09:06:21+00:00,auth-api-6d1a0,auth-api,0,210.56,0.4113,0,
auth-api-6d1a0_382,2026-07-13T09:06:22+00:00,auth-api-6d1a0,auth-api,0,215.28,0.4205,0,
auth-api-6d1a0_383,2026-07-13T09:06:23+00:00,auth-api-6d1a0,auth-api,0,199.11,0.3889,0,
auth-api-6d1a0_384,2026-07-13T09:06:24+00:00,auth-api-6d1a0,auth-api,0,208.86,0.4079,0,
auth-api-6d1a0_385,2026-07-13T09:06:25+00:00,auth-api-6d1a0,auth-api,0,201.24,0.393,0,
auth-api-6d1a0_386,2026-07-13T09:06:26+00:00,auth-api-6d1a0,auth-api,0,216.44,0.4227,0,
auth-api-6d1a0_387,2026-07-13T09:06:27+00:00,auth-api-6d1a0,auth-api,0,202.46,0.3954,0,
auth-api-6d1a0_388,2026-07-13T09:06:28+00:00,auth-api-6d1a0,auth-api,0,216.83,0.4235,0,
auth-api-6d1a0_389,2026-07-13T09:06:29+00:00,auth-api-6d1a0,auth-api,0,203.61,0.3977,0,
auth-api-6d1a0_390,2026-07-13T09:06:30+00:00,auth-api-6d1a0,auth-api,0,207.74,0.4057,0,
auth-api-6d1a0_391,2026-07-13T09:06:31+00:00,auth-api-6d1a0,auth-api,0,214.13,0.4182,0,
auth-api-6d1a0_392,2026-07-13T09:06:32+00:00,auth-api-6d1a0,auth-api,0,220.4,0.4305,0,
auth-api-6d1a0_393,2026-07-13T09:06:33+00:00,auth-api-6d1a0,auth-api,0,209.54,0.4093,0,
auth-api-6d1a0_394,2026-07-13T09:06:34+00:00,auth-api-6d1a0,auth-api,0,230.13,0.4495,0,
auth-api-6d1a0_395,2026-07-13T09:06:35+00:00,auth-api-6d1a0,auth-api,0,205.12,0.4006,0,
auth-api-6d1a0_396,2026-07-13T09:06:36+00:00,auth-api-6d1a0,auth-api,0,202.52,0.3955,0,
auth-api-6d1a0_397,2026-07-13T09:06:37+00:00,auth-api-6d1a0,auth-api,0,206.06,0.4025,0,
auth-api-6d1a0_398,2026-07-13T09:06:38+00:00,auth-api-6d1a0,auth-api,0,203.13,0.3967,0,
auth-api-6d1a0_399,2026-07-13T09:06:39+00:00,auth-api-6d1a0,auth-api,0,215.0,0.4199,0,
auth-api-6d1a0_400,2026-07-13T09:06:40+00:00,auth-api-6d1a0,auth-api,0,203.16,0.3968,0,
auth-api-6d1a0_401,2026-07-13T09:06:41+00:00,auth-api-6d1a0,auth-api,0,207.2,0.4047,0,
auth-api-6d1a0_402,2026-07-13T09:06:42+00:00,auth-api-6d1a0,auth-api,0,208.17,0.4066,0,
auth-api-6d1a0_403,2026-07-13T09:06:43+00:00,auth-api-6d1a0,auth-api,0,215.67,0.4212,0,
auth-api-6d1a0_404,2026-07-13T09:06:44+00:00,auth-api-6d1a0,auth-api,0,215.85,0.4216,0,
auth-api-6d1a0_405,2026-07-13T09:06:45+00:00,auth-api-6d1a0,auth-api,0,197.67,0.3861,0,
auth-api-6d1a0_406,2026-07-13T09:06:46+00:00,auth-api-6d1a0,auth-api,0,207.93,0.4061,0,
auth-api-6d1a0_407,2026-07-13T09:06:47+00:00,auth-api-6d1a0,auth-api,0,194.73,0.3803,0,
auth-api-6d1a0_408,2026-07-13T09:06:48+00:00,auth-api-6d1a0,auth-api,0,210.06,0.4103,0,
auth-api-6d1a0_409,2026-07-13T09:06:49+00:00,auth-api-6d1a0,auth-api,0,220.05,0.4298,0,
auth-api-6d1a0_410,2026-07-13T09:06:50+00:00,auth-api-6d1a0,auth-api,0,204.25,0.3989,0,
auth-api-6d1a0_411,2026-07-13T09:06:51+00:00,auth-api-6d1a0,auth-api,0,215.99,0.4219,0,
auth-api-6d1a0_412,2026-07-13T09:06:52+00:00,auth-api-6d1a0,auth-api,0,214.95,0.4198,0,
auth-api-6d1a0_413,2026-07-13T09:06:53+00:00,auth-api-6d1a0,auth-api,0,203.5,0.3975,0,
auth-api-6d1a0_414,2026-07-13T09:06:54+00:00,auth-api-6d1a0,auth-api,0,196.83,0.3844,0,
auth-api-6d1a0_415,2026-07-13T09:06:55+00:00,auth-api-6d1a0,auth-api,0,198.11,0.3869,0,
auth-api-6d1a0_416,2026-07-13T09:06:56+00:00,auth-api-6d1a0,auth-api,0,208.48,0.4072,0,
auth-api-6d1a0_417,2026-07-13T09:06:57+00:00,auth-api-6d1a0,auth-api,0,209.75,0.4097,0,
auth-api-6d1a0_418,2026-07-13T09:06:58+00:00,auth-api-6d1a0,auth-api,0,217.84,0.4255,0,
auth-api-6d1a0_419,2026-07-13T09:06:59+00:00,auth-api-6d1a0,auth-api,0,204.98,0.4004,0,
auth-api-6d1a0_420,2026-07-13T09:07:00+00:00,auth-api-6d1a0,auth-api,0,204.02,0.3985,0,
auth-api-6d1a0_421,2026-07-13T09:07:01+00:00,auth-api-6d1a0,auth-api,0,196.12,0.383,0,
auth-api-6d1a0_422,2026-07-13T09:07:02+00:00,auth-api-6d1a0,auth-api,0,221.27,0.4322,0,
auth-api-6d1a0_423,2026-07-13T09:07:03+00:00,auth-api-6d1a0,auth-api,0,206.82,0.4039,0,
auth-api-6d1a0_424,2026-07-13T09:07:04+00:00,auth-api-6d1a0,auth-api,0,206.94,0.4042,0,
auth-api-6d1a0_425,2026-07-13T09:07:05+00:00,auth-api-6d1a0,auth-api,0,212.29,0.4146,0,
auth-api-6d1a0_426,2026-07-13T09:07:06+00:00,auth-api-6d1a0,auth-api,0,214.38,0.4187,0,
auth-api-6d1a0_427,2026-07-13T09:07:07+00:00,auth-api-6d1a0,auth-api,0,223.96,0.4374,0,
auth-api-6d1a0_428,2026-07-13T09:07:08+00:00,auth-api-6d1a0,auth-api,0,214.89,0.4197,0,
auth-api-6d1a0_429,2026-07-13T09:07:09+00:00,auth-api-6d1a0,auth-api,0,216.14,0.4221,0,
auth-api-6d1a0_430,2026-07-13T09:07:10+00:00,auth-api-6d1a0,auth-api,0,211.81,0.4137,0,
auth-api-6d1a0_431,2026-07-13T09:07:11+00:00,auth-api-6d1a0,auth-api,0,208.03,0.4063,0,
auth-api-6d1a0_432,2026-07-13T09:07:12+00:00,auth-api-6d1a0,auth-api,0,204.47,0.3994,0,
auth-api-6d1a0_433,2026-07-13T09:07:13+00:00,auth-api-6d1a0,auth-api,0,222.85,0.4353,0,
auth-api-6d1a0_434,2026-07-13T09:07:14+00:00,auth-api-6d1a0,auth-api,0,223.77,0.4371,0,
auth-api-6d1a0_435,2026-07-13T09:07:15+00:00,auth-api-6d1a0,auth-api,0,193.33,0.3776,0,
auth-api-6d1a0_436,2026-07-13T09:07:16+00:00,auth-api-6d1a0,auth-api,0,211.67,0.4134,0,
auth-api-6d1a0_437,2026-07-13T09:07:17+00:00,auth-api-6d1a0,auth-api,0,207.84,0.4059,0,
auth-api-6d1a0_438,2026-07-13T09:07:18+00:00,auth-api-6d1a0,auth-api,0,200.35,0.3913,0,
auth-api-6d1a0_439,2026-07-13T09:07:19+00:00,auth-api-6d1a0,auth-api,0,209.92,0.41,0,
auth-api-6d1a0_440,2026-07-13T09:07:20+00:00,auth-api-6d1a0,auth-api,0,214.52,0.419,0,
auth-api-6d1a0_441,2026-07-13T09:07:21+00:00,auth-api-6d1a0,auth-api,0,227.9,0.4451,0,
auth-api-6d1a0_442,2026-07-13T09:07:22+00:00,auth-api-6d1a0,auth-api,0,206.78,0.4039,0,
auth-api-6d1a0_443,2026-07-13T09:07:23+00:00,auth-api-6d1a0,auth-api,0,211.19,0.4125,0,
auth-api-6d1a0_444,2026-07-13T09:07:24+00:00,auth-api-6d1a0,auth-api,0,214.48,0.4189,0,
auth-api-6d1a0_445,2026-07-13T09:07:25+00:00,auth-api-6d1a0,auth-api,0,208.81,0.4078,0,
auth-api-6d1a0_446,2026-07-13T09:07:26+00:00,auth-api-6d1a0,auth-api,0,208.0,0.4062,0,
auth-api-6d1a0_447,2026-07-13T09:07:27+00:00,auth-api-6d1a0,auth-api,0,195.77,0.3824,0,
auth-api-6d1a0_448,2026-07-13T09:07:28+00:00,auth-api-6d1a0,auth-api,0,209.89,0.4099,0,
auth-api-6d1a0_449,2026-07-13T09:07:29+00:00,auth-api-6d1a0,auth-api,0,207.44,0.4052,0,
auth-api-6d1a0_450,2026-07-13T09:07:30+00:00,auth-api-6d1a0,auth-api,0,210.19,0.4105,0,
auth-api-6d1a0_451,2026-07-13T09:07:31+00:00,auth-api-6d1a0,auth-api,0,196.69,0.3842,0,
auth-api-6d1a0_452,2026-07-13T09:07:32+00:00,auth-api-6d1a0,auth-api,0,206.81,0.4039,0,
auth-api-6d1a0_453,2026-07-13T09:07:33+00:00,auth-api-6d1a0,auth-api,0,202.92,0.3963,0,
auth-api-6d1a0_454,2026-07-13T09:07:34+00:00,auth-api-6d1a0,auth-api,0,207.77,0.4058,0,
auth-api-6d1a0_455,2026-07-13T09:07:35+00:00,auth-api-6d1a0,auth-api,0,209.99,0.4101,0,
auth-api-6d1a0_456,2026-07-13T09:07:36+00:00,auth-api-6d1a0,auth-api,0,204.66,0.3997,0,
auth-api-6d1a0_457,2026-07-13T09:07:37+00:00,auth-api-6d1a0,auth-api,0,210.43,0.411,0,
auth-api-6d1a0_458,2026-07-13T09:07:38+00:00,auth-api-6d1a0,auth-api,0,212.62,0.4153,0,
auth-api-6d1a0_459,2026-07-13T09:07:39+00:00,auth-api-6d1a0,auth-api,0,207.58,0.4054,0,
auth-api-6d1a0_460,2026-07-13T09:07:40+00:00,auth-api-6d1a0,auth-api,0,211.77,0.4136,0,
auth-api-6d1a0_461,2026-07-13T09:07:41+00:00,auth-api-6d1a0,auth-api,0,206.94,0.4042,0,
auth-api-6d1a0_462,2026-07-13T09:07:42+00:00,auth-api-6d1a0,auth-api,0,198.84,0.3884,0,
auth-api-6d1a0_463,2026-07-13T09:07:43+00:00,auth-api-6d1a0,auth-api,0,206.66,0.4036,0,
auth-api-6d1a0_464,2026-07-13T09:07:44+00:00,auth-api-6d1a0,auth-api,0,227.59,0.4445,0,
auth-api-6d1a0_465,2026-07-13T09:07:45+00:00,auth-api-6d1a0,auth-api,0,226.21,0.4418,0,
auth-api-6d1a0_466,2026-07-13T09:07:46+00:00,auth-api-6d1a0,auth-api,0,194.24,0.3794,0,
auth-api-6d1a0_467,2026-07-13T09:07:47+00:00,auth-api-6d1a0,auth-api,0,211.9,0.4139,0,
auth-api-6d1a0_468,2026-07-13T09:07:48+00:00,auth-api-6d1a0,auth-api,0,225.56,0.4405,0,
auth-api-6d1a0_469,2026-07-13T09:07:49+00:00,auth-api-6d1a0,auth-api,0,199.85,0.3903,0,
auth-api-6d1a0_470,2026-07-13T09:07:50+00:00,auth-api-6d1a0,auth-api,0,220.72,0.4311,0,
auth-api-6d1a0_471,2026-07-13T09:07:51+00:00,auth-api-6d1a0,auth-api,0,222.83,0.4352,0,
auth-api-6d1a0_472,2026-07-13T09:07:52+00:00,auth-api-6d1a0,auth-api,0,215.64,0.4212,0,
auth-api-6d1a0_473,2026-07-13T09:07:53+00:00,auth-api-6d1a0,auth-api,0,209.4,0.409,0,
auth-api-6d1a0_474,2026-07-13T09:07:54+00:00,auth-api-6d1a0,auth-api,0,207.28,0.4048,0,
auth-api-6d1a0_475,2026-07-13T09:07:55+00:00,auth-api-6d1a0,auth-api,0,201.63,0.3938,0,
auth-api-6d1a0_476,2026-07-13T09:07:56+00:00,auth-api-6d1a0,auth-api,0,214.45,0.4188,0,
auth-api-6d1a0_477,2026-07-13T09:07:57+00:00,auth-api-6d1a0,auth-api,0,207.48,0.4052,0,
auth-api-6d1a0_478,2026-07-13T09:07:58+00:00,auth-api-6d1a0,auth-api,0,199.04,0.3887,0,
auth-api-6d1a0_479,2026-07-13T09:07:59+00:00,auth-api-6d1a0,auth-api,0,209.12,0.4084,0,
auth-api-6d1a0_480,2026-07-13T09:08:00+00:00,auth-api-6d1a0,auth-api,0,203.32,0.3971,0,
auth-api-6d1a0_481,2026-07-13T09:08:01+00:00,auth-api-6d1a0,auth-api,0,202.07,0.3947,0,
auth-api-6d1a0_482,2026-07-13T09:08:02+00:00,auth-api-6d1a0,auth-api,0,219.65,0.429,0,
auth-api-6d1a0_483,2026-07-13T09:08:03+00:00,auth-api-6d1a0,auth-api,0,208.93,0.4081,0,
auth-api-6d1a0_484,2026-07-13T09:08:04+00:00,auth-api-6d1a0,auth-api,0,210.62,0.4114,0,
auth-api-6d1a0_485,2026-07-13T09:08:05+00:00,auth-api-6d1a0,auth-api,0,213.73,0.4174,0,
auth-api-6d1a0_486,2026-07-13T09:08:06+00:00,auth-api-6d1a0,auth-api,0,206.52,0.4034,0,
auth-api-6d1a0_487,2026-07-13T09:08:07+00:00,auth-api-6d1a0,auth-api,0,201.06,0.3927,0,
auth-api-6d1a0_488,2026-07-13T09:08:08+00:00,auth-api-6d1a0,auth-api,0,214.33,0.4186,0,
auth-api-6d1a0_489,2026-07-13T09:08:09+00:00,auth-api-6d1a0,auth-api,0,216.25,0.4224,0,
auth-api-6d1a0_490,2026-07-13T09:08:10+00:00,auth-api-6d1a0,auth-api,0,209.22,0.4086,0,
auth-api-6d1a0_491,2026-07-13T09:08:11+00:00,auth-api-6d1a0,auth-api,0,208.53,0.4073,0,
auth-api-6d1a0_492,2026-07-13T09:08:12+00:00,auth-api-6d1a0,auth-api,0,212.81,0.4156,0,
auth-api-6d1a0_493,2026-07-13T09:08:13+00:00,auth-api-6d1a0,auth-api,0,203.5,0.3975,0,
auth-api-6d1a0_494,2026-07-13T09:08:14+00:00,auth-api-6d1a0,auth-api,0,215.26,0.4204,0,
auth-api-6d1a0_495,2026-07-13T09:08:15+00:00,auth-api-6d1a0,auth-api,0,217.52,0.4248,0,
auth-api-6d1a0_496,2026-07-13T09:08:16+00:00,auth-api-6d1a0,auth-api,0,209.22,0.4086,0,
auth-api-6d1a0_497,2026-07-13T09:08:17+00:00,auth-api-6d1a0,auth-api,0,215.83,0.4215,0,
auth-api-6d1a0_498,2026-07-13T09:08:18+00:00,auth-api-6d1a0,auth-api,0,207.85,0.406,0,
auth-api-6d1a0_499,2026-07-13T09:08:19+00:00,auth-api-6d1a0,auth-api,0,214.08,0.4181,0,
auth-api-6d1a0_500,2026-07-13T09:08:20+00:00,auth-api-6d1a0,auth-api,0,215.6,0.4211,0,
auth-api-6d1a0_501,2026-07-13T09:08:21+00:00,auth-api-6d1a0,auth-api,0,218.03,0.4258,0,
auth-api-6d1a0_502,2026-07-13T09:08:22+00:00,auth-api-6d1a0,auth-api,0,214.31,0.4186,0,
auth-api-6d1a0_503,2026-07-13T09:08:23+00:00,auth-api-6d1a0,auth-api,0,194.56,0.38,0,
auth-api-6d1a0_504,2026-07-13T09:08:24+00:00,auth-api-6d1a0,auth-api,0,203.14,0.3968,0,
auth-api-6d1a0_505,2026-07-13T09:08:25+00:00,auth-api-6d1a0,auth-api,0,224.28,0.438,0,
auth-api-6d1a0_506,2026-07-13T09:08:26+00:00,auth-api-6d1a0,auth-api,0,208.81,0.4078,0,
auth-api-6d1a0_507,2026-07-13T09:08:27+00:00,auth-api-6d1a0,auth-api,0,217.26,0.4243,0,
auth-api-6d1a0_508,2026-07-13T09:08:28+00:00,auth-api-6d1a0,auth-api,0,211.99,0.414,0,
auth-api-6d1a0_509,2026-07-13T09:08:29+00:00,auth-api-6d1a0,auth-api,0,205.19,0.4008,0,
auth-api-6d1a0_510,2026-07-13T09:08:30+00:00,auth-api-6d1a0,auth-api,0,205.23,0.4008,0,
auth-api-6d1a0_511,2026-07-13T09:08:31+00:00,auth-api-6d1a0,auth-api,0,193.78,0.3785,0,
auth-api-6d1a0_512,2026-07-13T09:08:32+00:00,auth-api-6d1a0,auth-api,0,212.8,0.4156,0,
auth-api-6d1a0_513,2026-07-13T09:08:33+00:00,auth-api-6d1a0,auth-api,0,212.52,0.4151,0,
auth-api-6d1a0_514,2026-07-13T09:08:34+00:00,auth-api-6d1a0,auth-api,0,212.87,0.4158,0,
auth-api-6d1a0_515,2026-07-13T09:08:35+00:00,auth-api-6d1a0,auth-api,0,219.62,0.4289,0,
auth-api-6d1a0_516,2026-07-13T09:08:36+00:00,auth-api-6d1a0,auth-api,0,216.95,0.4237,0,
auth-api-6d1a0_517,2026-07-13T09:08:37+00:00,auth-api-6d1a0,auth-api,0,222.17,0.4339,0,
auth-api-6d1a0_518,2026-07-13T09:08:38+00:00,auth-api-6d1a0,auth-api,0,217.92,0.4256,0,
auth-api-6d1a0_519,2026-07-13T09:08:39+00:00,auth-api-6d1a0,auth-api,0,215.17,0.4203,0,
auth-api-6d1a0_520,2026-07-13T09:08:40+00:00,auth-api-6d1a0,auth-api,0,208.02,0.4063,0,
auth-api-6d1a0_521,2026-07-13T09:08:41+00:00,auth-api-6d1a0,auth-api,0,203.15,0.3968,0,
auth-api-6d1a0_522,2026-07-13T09:08:42+00:00,auth-api-6d1a0,auth-api,0,222.81,0.4352,0,
auth-api-6d1a0_523,2026-07-13T09:08:43+00:00,auth-api-6d1a0,auth-api,0,205.83,0.402,0,
auth-api-6d1a0_524,2026-07-13T09:08:44+00:00,auth-api-6d1a0,auth-api,0,219.15,0.428,0,
auth-api-6d1a0_525,2026-07-13T09:08:45+00:00,auth-api-6d1a0,auth-api,0,205.12,0.4006,0,
auth-api-6d1a0_526,2026-07-13T09:08:46+00:00,auth-api-6d1a0,auth-api,0,199.13,0.3889,0,
auth-api-6d1a0_527,2026-07-13T09:08:47+00:00,auth-api-6d1a0,auth-api,0,208.58,0.4074,0,
auth-api-6d1a0_528,2026-07-13T09:08:48+00:00,auth-api-6d1a0,auth-api,0,212.44,0.4149,0,
auth-api-6d1a0_529,2026-07-13T09:08:49+00:00,auth-api-6d1a0,auth-api,0,210.84,0.4118,0,
auth-api-6d1a0_530,2026-07-13T09:08:50+00:00,auth-api-6d1a0,auth-api,0,208.21,0.4067,0,
auth-api-6d1a0_531,2026-07-13T09:08:51+00:00,auth-api-6d1a0,auth-api,0,202.13,0.3948,0,
auth-api-6d1a0_532,2026-07-13T09:08:52+00:00,auth-api-6d1a0,auth-api,0,210.2,0.4105,0,
auth-api-6d1a0_533,2026-07-13T09:08:53+00:00,auth-api-6d1a0,auth-api,0,213.98,0.4179,0,
auth-api-6d1a0_534,2026-07-13T09:08:54+00:00,auth-api-6d1a0,auth-api,0,213.33,0.4167,0,
auth-api-6d1a0_535,2026-07-13T09:08:55+00:00,auth-api-6d1a0,auth-api,0,208.36,0.407,0,
auth-api-6d1a0_536,2026-07-13T09:08:56+00:00,auth-api-6d1a0,auth-api,0,212.76,0.4155,0,
auth-api-6d1a0_537,2026-07-13T09:08:57+00:00,auth-api-6d1a0,auth-api,0,206.15,0.4026,0,
auth-api-6d1a0_538,2026-07-13T09:08:58+00:00,auth-api-6d1a0,auth-api,0,206.8,0.4039,0,
auth-api-6d1a0_539,2026-07-13T09:08:59+00:00,auth-api-6d1a0,auth-api,0,206.01,0.4024,0,
auth-api-6d1a0_540,2026-07-13T09:09:00+00:00,auth-api-6d1a0,auth-api,0,205.3,0.401,0,
auth-api-6d1a0_541,2026-07-13T09:09:01+00:00,auth-api-6d1a0,auth-api,0,208.63,0.4075,0,
auth-api-6d1a0_542,2026-07-13T09:09:02+00:00,auth-api-6d1a0,auth-api,0,202.86,0.3962,0,
auth-api-6d1a0_543,2026-07-13T09:09:03+00:00,auth-api-6d1a0,auth-api,0,209.72,0.4096,0,
auth-api-6d1a0_544,2026-07-13T09:09:04+00:00,auth-api-6d1a0,auth-api,0,214.82,0.4196,0,
auth-api-6d1a0_545,2026-07-13T09:09:05+00:00,auth-api-6d1a0,auth-api,0,211.32,0.4127,0,
auth-api-6d1a0_546,2026-07-13T09:09:06+00:00,auth-api-6d1a0,auth-api,0,218.58,0.4269,0,
auth-api-6d1a0_547,2026-07-13T09:09:07+00:00,auth-api-6d1a0,auth-api,0,212.02,0.4141,0,
auth-api-6d1a0_548,2026-07-13T09:09:08+00:00,auth-api-6d1a0,auth-api,0,205.09,0.4006,0,
auth-api-6d1a0_549,2026-07-13T09:09:09+00:00,auth-api-6d1a0,auth-api,0,219.51,0.4287,0,
auth-api-6d1a0_550,2026-07-13T09:09:10+00:00,auth-api-6d1a0,auth-api,0,186.84,0.3649,0,
auth-api-6d1a0_551,2026-07-13T09:09:11+00:00,auth-api-6d1a0,auth-api,0,219.66,0.429,0,
auth-api-6d1a0_552,2026-07-13T09:09:12+00:00,auth-api-6d1a0,auth-api,0,197.49,0.3857,0,
auth-api-6d1a0_553,2026-07-13T09:09:13+00:00,auth-api-6d1a0,auth-api,0,213.33,0.4167,0,
auth-api-6d1a0_554,2026-07-13T09:09:14+00:00,auth-api-6d1a0,auth-api,0,206.46,0.4032,0,
auth-api-6d1a0_555,2026-07-13T09:09:15+00:00,auth-api-6d1a0,auth-api,0,207.58,0.4054,0,
auth-api-6d1a0_556,2026-07-13T09:09:16+00:00,auth-api-6d1a0,auth-api,0,196.31,0.3834,0,
auth-api-6d1a0_557,2026-07-13T09:09:17+00:00,auth-api-6d1a0,auth-api,0,207.9,0.4061,0,
auth-api-6d1a0_558,2026-07-13T09:09:18+00:00,auth-api-6d1a0,auth-api,0,211.24,0.4126,0,
auth-api-6d1a0_559,2026-07-13T09:09:19+00:00,auth-api-6d1a0,auth-api,0,204.36,0.3991,0,
auth-api-6d1a0_560,2026-07-13T09:09:20+00:00,auth-api-6d1a0,auth-api,0,214.96,0.4198,0,
auth-api-6d1a0_561,2026-07-13T09:09:21+00:00,auth-api-6d1a0,auth-api,0,221.66,0.4329,0,
auth-api-6d1a0_562,2026-07-13T09:09:22+00:00,auth-api-6d1a0,auth-api,0,205.28,0.4009,0,
auth-api-6d1a0_563,2026-07-13T09:09:23+00:00,auth-api-6d1a0,auth-api,0,213.61,0.4172,0,
auth-api-6d1a0_564,2026-07-13T09:09:24+00:00,auth-api-6d1a0,auth-api,0,215.77,0.4214,0,
auth-api-6d1a0_565,2026-07-13T09:09:25+00:00,auth-api-6d1a0,auth-api,0,214.54,0.419,0,
auth-api-6d1a0_566,2026-07-13T09:09:26+00:00,auth-api-6d1a0,auth-api,0,211.42,0.4129,0,
auth-api-6d1a0_567,2026-07-13T09:09:27+00:00,auth-api-6d1a0,auth-api,0,219.85,0.4294,0,
auth-api-6d1a0_568,2026-07-13T09:09:28+00:00,auth-api-6d1a0,auth-api,0,205.57,0.4015,0,
auth-api-6d1a0_569,2026-07-13T09:09:29+00:00,auth-api-6d1a0,auth-api,0,217.16,0.4241,0,
auth-api-6d1a0_570,2026-07-13T09:09:30+00:00,auth-api-6d1a0,auth-api,0,213.47,0.4169,0,
auth-api-6d1a0_571,2026-07-13T09:09:31+00:00,auth-api-6d1a0,auth-api,0,214.11,0.4182,0,
auth-api-6d1a0_572,2026-07-13T09:09:32+00:00,auth-api-6d1a0,auth-api,0,203.77,0.398,0,
auth-api-6d1a0_573,2026-07-13T09:09:33+00:00,auth-api-6d1a0,auth-api,0,219.03,0.4278,0,
auth-api-6d1a0_574,2026-07-13T09:09:34+00:00,auth-api-6d1a0,auth-api,0,207.21,0.4047,0,
auth-api-6d1a0_575,2026-07-13T09:09:35+00:00,auth-api-6d1a0,auth-api,0,226.31,0.442,0,
auth-api-6d1a0_576,2026-07-13T09:09:36+00:00,auth-api-6d1a0,auth-api,0,202.89,0.3963,0,
auth-api-6d1a0_577,2026-07-13T09:09:37+00:00,auth-api-6d1a0,auth-api,0,200.51,0.3916,0,
auth-api-6d1a0_578,2026-07-13T09:09:38+00:00,auth-api-6d1a0,auth-api,0,210.43,0.411,0,
auth-api-6d1a0_579,2026-07-13T09:09:39+00:00,auth-api-6d1a0,auth-api,0,211.26,0.4126,0,
auth-api-6d1a0_580,2026-07-13T09:09:40+00:00,auth-api-6d1a0,auth-api,0,200.87,0.3923,0,
auth-api-6d1a0_581,2026-07-13T09:09:41+00:00,auth-api-6d1a0,auth-api,0,220.42,0.4305,0,
auth-api-6d1a0_582,2026-07-13T09:09:42+00:00,auth-api-6d1a0,auth-api,0,218.87,0.4275,0,
auth-api-6d1a0_583,2026-07-13T09:09:43+00:00,auth-api-6d1a0,auth-api,0,213.22,0.4164,0,
auth-api-6d1a0_584,2026-07-13T09:09:44+00:00,auth-api-6d1a0,auth-api,0,212.66,0.4154,0,
auth-api-6d1a0_585,2026-07-13T09:09:45+00:00,auth-api-6d1a0,auth-api,0,219.82,0.4293,0,
auth-api-6d1a0_586,2026-07-13T09:09:46+00:00,auth-api-6d1a0,auth-api,0,209.8,0.4098,0,
auth-api-6d1a0_587,2026-07-13T09:09:47+00:00,auth-api-6d1a0,auth-api,0,205.94,0.4022,0,
auth-api-6d1a0_588,2026-07-13T09:09:48+00:00,auth-api-6d1a0,auth-api,0,211.5,0.4131,0,
auth-api-6d1a0_589,2026-07-13T09:09:49+00:00,auth-api-6d1a0,auth-api,0,215.39,0.4207,0,
auth-api-6d1a0_590,2026-07-13T09:09:50+00:00,auth-api-6d1a0,auth-api,0,216.19,0.4222,0,
auth-api-6d1a0_591,2026-07-13T09:09:51+00:00,auth-api-6d1a0,auth-api,0,206.52,0.4034,0,
auth-api-6d1a0_592,2026-07-13T09:09:52+00:00,auth-api-6d1a0,auth-api,0,199.68,0.39,0,
auth-api-6d1a0_593,2026-07-13T09:09:53+00:00,auth-api-6d1a0,auth-api,0,235.06,0.4591,0,
auth-api-6d1a0_594,2026-07-13T09:09:54+00:00,auth-api-6d1a0,auth-api,0,217.33,0.4245,0,
auth-api-6d1a0_595,2026-07-13T09:09:55+00:00,auth-api-6d1a0,auth-api,0,198.11,0.3869,0,
auth-api-6d1a0_596,2026-07-13T09:09:56+00:00,auth-api-6d1a0,auth-api,0,203.36,0.3972,0,
auth-api-6d1a0_597,2026-07-13T09:09:57+00:00,auth-api-6d1a0,auth-api,0,207.26,0.4048,0,
auth-api-6d1a0_598,2026-07-13T09:09:58+00:00,auth-api-6d1a0,auth-api,0,206.53,0.4034,0,
auth-api-6d1a0_599,2026-07-13T09:09:59+00:00,auth-api-6d1a0,auth-api,0,218.38,0.4265,0,
auth-api-6d1a0_600,2026-07-13T09:10:00+00:00,auth-api-6d1a0,auth-api,0,205.83,0.402,0,
auth-api-6d1a0_601,2026-07-13T09:10:01+00:00,auth-api-6d1a0,auth-api,0,220.5,0.4307,0,
auth-api-6d1a0_602,2026-07-13T09:10:02+00:00,auth-api-6d1a0,auth-api,0,214.79,0.4195,0,
auth-api-6d1a0_603,2026-07-13T09:10:03+00:00,auth-api-6d1a0,auth-api,0,204.05,0.3985,0,
auth-api-6d1a0_604,2026-07-13T09:10:04+00:00,auth-api-6d1a0,auth-api,0,208.55,0.4073,0,
auth-api-6d1a0_605,2026-07-13T09:10:05+00:00,auth-api-6d1a0,auth-api,0,214.89,0.4197,0,
auth-api-6d1a0_606,2026-07-13T09:10:06+00:00,auth-api-6d1a0,auth-api,0,209.21,0.4086,0,
auth-api-6d1a0_607,2026-07-13T09:10:07+00:00,auth-api-6d1a0,auth-api,0,201.16,0.3929,0,
auth-api-6d1a0_608,2026-07-13T09:10:08+00:00,auth-api-6d1a0,auth-api,0,218.18,0.4261,0,
auth-api-6d1a0_609,2026-07-13T09:10:09+00:00,auth-api-6d1a0,auth-api,0,206.47,0.4033,0,
auth-api-6d1a0_610,2026-07-13T09:10:10+00:00,auth-api-6d1a0,auth-api,0,222.27,0.4341,0,
auth-api-6d1a0_611,2026-07-13T09:10:11+00:00,auth-api-6d1a0,auth-api,0,218.52,0.4268,0,
auth-api-6d1a0_612,2026-07-13T09:10:12+00:00,auth-api-6d1a0,auth-api,0,203.3,0.3971,0,
auth-api-6d1a0_613,2026-07-13T09:10:13+00:00,auth-api-6d1a0,auth-api,0,217.68,0.4252,0,
auth-api-6d1a0_614,2026-07-13T09:10:14+00:00,auth-api-6d1a0,auth-api,0,216.19,0.4222,0,
auth-api-6d1a0_615,2026-07-13T09:10:15+00:00,auth-api-6d1a0,auth-api,0,207.55,0.4054,0,
auth-api-6d1a0_616,2026-07-13T09:10:16+00:00,auth-api-6d1a0,auth-api,0,219.22,0.4282,0,
auth-api-6d1a0_617,2026-07-13T09:10:17+00:00,auth-api-6d1a0,auth-api,0,207.64,0.4055,0,
auth-api-6d1a0_618,2026-07-13T09:10:18+00:00,auth-api-6d1a0,auth-api,0,211.34,0.4128,0,
auth-api-6d1a0_619,2026-07-13T09:10:19+00:00,auth-api-6d1a0,auth-api,0,207.26,0.4048,0,
auth-api-6d1a0_620,2026-07-13T09:10:20+00:00,auth-api-6d1a0,auth-api,0,216.84,0.4235,0,
auth-api-6d1a0_621,2026-07-13T09:10:21+00:00,auth-api-6d1a0,auth-api,0,213.75,0.4175,0,
auth-api-6d1a0_622,2026-07-13T09:10:22+00:00,auth-api-6d1a0,auth-api,0,221.13,0.4319,0,
auth-api-6d1a0_623,2026-07-13T09:10:23+00:00,auth-api-6d1a0,auth-api,0,202.79,0.3961,0,
auth-api-6d1a0_624,2026-07-13T09:10:24+00:00,auth-api-6d1a0,auth-api,0,206.59,0.4035,0,
auth-api-6d1a0_625,2026-07-13T09:10:25+00:00,auth-api-6d1a0,auth-api,0,209.25,0.4087,0,
auth-api-6d1a0_626,2026-07-13T09:10:26+00:00,auth-api-6d1a0,auth-api,0,211.72,0.4135,0,
auth-api-6d1a0_627,2026-07-13T09:10:27+00:00,auth-api-6d1a0,auth-api,0,225.86,0.4411,0,
auth-api-6d1a0_628,2026-07-13T09:10:28+00:00,auth-api-6d1a0,auth-api,0,204.36,0.3991,0,
auth-api-6d1a0_629,2026-07-13T09:10:29+00:00,auth-api-6d1a0,auth-api,0,209.61,0.4094,0,
auth-api-6d1a0_630,2026-07-13T09:10:30+00:00,auth-api-6d1a0,auth-api,0,219.27,0.4283,0,
auth-api-6d1a0_631,2026-07-13T09:10:31+00:00,auth-api-6d1a0,auth-api,0,222.38,0.4343,0,
auth-api-6d1a0_632,2026-07-13T09:10:32+00:00,auth-api-6d1a0,auth-api,0,218.36,0.4265,0,
auth-api-6d1a0_633,2026-07-13T09:10:33+00:00,auth-api-6d1a0,auth-api,0,212.32,0.4147,0,
auth-api-6d1a0_634,2026-07-13T09:10:34+00:00,auth-api-6d1a0,auth-api,0,231.73,0.4526,0,
auth-api-6d1a0_635,2026-07-13T09:10:35+00:00,auth-api-6d1a0,auth-api,0,209.0,0.4082,0,
auth-api-6d1a0_636,2026-07-13T09:10:36+00:00,auth-api-6d1a0,auth-api,0,218.17,0.4261,0,
auth-api-6d1a0_637,2026-07-13T09:10:37+00:00,auth-api-6d1a0,auth-api,0,207.19,0.4047,0,
auth-api-6d1a0_638,2026-07-13T09:10:38+00:00,auth-api-6d1a0,auth-api,0,195.06,0.381,0,
auth-api-6d1a0_639,2026-07-13T09:10:39+00:00,auth-api-6d1a0,auth-api,0,226.38,0.4421,0,
auth-api-6d1a0_640,2026-07-13T09:10:40+00:00,auth-api-6d1a0,auth-api,0,214.22,0.4184,0,
auth-api-6d1a0_641,2026-07-13T09:10:41+00:00,auth-api-6d1a0,auth-api,0,214.73,0.4194,0,
auth-api-6d1a0_642,2026-07-13T09:10:42+00:00,auth-api-6d1a0,auth-api,0,214.45,0.4188,0,
auth-api-6d1a0_643,2026-07-13T09:10:43+00:00,auth-api-6d1a0,auth-api,0,216.1,0.4221,0,
auth-api-6d1a0_644,2026-07-13T09:10:44+00:00,auth-api-6d1a0,auth-api,0,212.72,0.4155,0,
auth-api-6d1a0_645,2026-07-13T09:10:45+00:00,auth-api-6d1a0,auth-api,0,199.65,0.3899,0,
auth-api-6d1a0_646,2026-07-13T09:10:46+00:00,auth-api-6d1a0,auth-api,0,201.11,0.3928,0,
auth-api-6d1a0_647,2026-07-13T09:10:47+00:00,auth-api-6d1a0,auth-api,0,213.78,0.4175,0,
auth-api-6d1a0_648,2026-07-13T09:10:48+00:00,auth-api-6d1a0,auth-api,0,209.37,0.4089,0,
auth-api-6d1a0_649,2026-07-13T09:10:49+00:00,auth-api-6d1a0,auth-api,0,216.1,0.4221,0,
auth-api-6d1a0_650,2026-07-13T09:10:50+00:00,auth-api-6d1a0,auth-api,0,216.78,0.4234,0,
auth-api-6d1a0_651,2026-07-13T09:10:51+00:00,auth-api-6d1a0,auth-api,0,212.71,0.4154,0,
auth-api-6d1a0_652,2026-07-13T09:10:52+00:00,auth-api-6d1a0,auth-api,0,226.49,0.4424,0,
auth-api-6d1a0_653,2026-07-13T09:10:53+00:00,auth-api-6d1a0,auth-api,0,208.18,0.4066,0,
auth-api-6d1a0_654,2026-07-13T09:10:54+00:00,auth-api-6d1a0,auth-api,0,210.91,0.4119,0,
auth-api-6d1a0_655,2026-07-13T09:10:55+00:00,auth-api-6d1a0,auth-api,0,206.21,0.4028,0,
auth-api-6d1a0_656,2026-07-13T09:10:56+00:00,auth-api-6d1a0,auth-api,0,224.36,0.4382,0,
auth-api-6d1a0_657,2026-07-13T09:10:57+00:00,auth-api-6d1a0,auth-api,0,226.23,0.4419,0,
auth-api-6d1a0_658,2026-07-13T09:10:58+00:00,auth-api-6d1a0,auth-api,0,205.38,0.4011,0,
auth-api-6d1a0_659,2026-07-13T09:10:59+00:00,auth-api-6d1a0,auth-api,0,214.6,0.4191,0,
auth-api-6d1a0_660,2026-07-13T09:11:00+00:00,auth-api-6d1a0,auth-api,0,206.38,0.4031,0,
auth-api-6d1a0_661,2026-07-13T09:11:01+00:00,auth-api-6d1a0,auth-api,0,204.68,0.3998,0,
auth-api-6d1a0_662,2026-07-13T09:11:02+00:00,auth-api-6d1a0,auth-api,0,210.31,0.4108,0,
auth-api-6d1a0_663,2026-07-13T09:11:03+00:00,auth-api-6d1a0,auth-api,0,204.71,0.3998,0,
auth-api-6d1a0_664,2026-07-13T09:11:04+00:00,auth-api-6d1a0,auth-api,0,207.42,0.4051,0,
auth-api-6d1a0_665,2026-07-13T09:11:05+00:00,auth-api-6d1a0,auth-api,0,219.85,0.4294,0,
auth-api-6d1a0_666,2026-07-13T09:11:06+00:00,auth-api-6d1a0,auth-api,0,193.52,0.378,0,
auth-api-6d1a0_667,2026-07-13T09:11:07+00:00,auth-api-6d1a0,auth-api,0,209.29,0.4088,0,
auth-api-6d1a0_668,2026-07-13T09:11:08+00:00,auth-api-6d1a0,auth-api,0,197.24,0.3852,0,
auth-api-6d1a0_669,2026-07-13T09:11:09+00:00,auth-api-6d1a0,auth-api,0,202.14,0.3948,0,
auth-api-6d1a0_670,2026-07-13T09:11:10+00:00,auth-api-6d1a0,auth-api,0,217.18,0.4242,0,
auth-api-6d1a0_671,2026-07-13T09:11:11+00:00,auth-api-6d1a0,auth-api,0,204.58,0.3996,0,
auth-api-6d1a0_672,2026-07-13T09:11:12+00:00,auth-api-6d1a0,auth-api,0,210.12,0.4104,0,
auth-api-6d1a0_673,2026-07-13T09:11:13+00:00,auth-api-6d1a0,auth-api,0,211.61,0.4133,0,
auth-api-6d1a0_674,2026-07-13T09:11:14+00:00,auth-api-6d1a0,auth-api,0,221.56,0.4327,0,
auth-api-6d1a0_675,2026-07-13T09:11:15+00:00,auth-api-6d1a0,auth-api,0,209.14,0.4085,0,
auth-api-6d1a0_676,2026-07-13T09:11:16+00:00,auth-api-6d1a0,auth-api,0,210.91,0.4119,0,
auth-api-6d1a0_677,2026-07-13T09:11:17+00:00,auth-api-6d1a0,auth-api,0,211.6,0.4133,0,
auth-api-6d1a0_678,2026-07-13T09:11:18+00:00,auth-api-6d1a0,auth-api,0,209.04,0.4083,0,
auth-api-6d1a0_679,2026-07-13T09:11:19+00:00,auth-api-6d1a0,auth-api,0,224.53,0.4385,0,
auth-api-6d1a0_680,2026-07-13T09:11:20+00:00,auth-api-6d1a0,auth-api,0,214.22,0.4184,0,
auth-api-6d1a0_681,2026-07-13T09:11:21+00:00,auth-api-6d1a0,auth-api,0,214.47,0.4189,0,
auth-api-6d1a0_682,2026-07-13T09:11:22+00:00,auth-api-6d1a0,auth-api,0,221.73,0.4331,0,
auth-api-6d1a0_683,2026-07-13T09:11:23+00:00,auth-api-6d1a0,auth-api,0,215.12,0.4202,0,
auth-api-6d1a0_684,2026-07-13T09:11:24+00:00,auth-api-6d1a0,auth-api,0,211.16,0.4124,0,
auth-api-6d1a0_685,2026-07-13T09:11:25+00:00,auth-api-6d1a0,auth-api,0,216.22,0.4223,0,
auth-api-6d1a0_686,2026-07-13T09:11:26+00:00,auth-api-6d1a0,auth-api,0,197.72,0.3862,0,
auth-api-6d1a0_687,2026-07-13T09:11:27+00:00,auth-api-6d1a0,auth-api,0,226.08,0.4416,0,
auth-api-6d1a0_688,2026-07-13T09:11:28+00:00,auth-api-6d1a0,auth-api,0,193.14,0.3772,0,
auth-api-6d1a0_689,2026-07-13T09:11:29+00:00,auth-api-6d1a0,auth-api,0,217.83,0.4254,0,
auth-api-6d1a0_690,2026-07-13T09:11:30+00:00,auth-api-6d1a0,auth-api,0,204.72,0.3998,0,
auth-api-6d1a0_691,2026-07-13T09:11:31+00:00,auth-api-6d1a0,auth-api,0,207.71,0.4057,0,
auth-api-6d1a0_692,2026-07-13T09:11:32+00:00,auth-api-6d1a0,auth-api,0,217.57,0.4249,0,
auth-api-6d1a0_693,2026-07-13T09:11:33+00:00,auth-api-6d1a0,auth-api,0,217.88,0.4255,0,
auth-api-6d1a0_694,2026-07-13T09:11:34+00:00,auth-api-6d1a0,auth-api,0,213.83,0.4176,0,
auth-api-6d1a0_695,2026-07-13T09:11:35+00:00,auth-api-6d1a0,auth-api,0,212.85,0.4157,0,
auth-api-6d1a0_696,2026-07-13T09:11:36+00:00,auth-api-6d1a0,auth-api,0,205.69,0.4017,0,
auth-api-6d1a0_697,2026-07-13T09:11:37+00:00,auth-api-6d1a0,auth-api,0,205.95,0.4022,0,
auth-api-6d1a0_698,2026-07-13T09:11:38+00:00,auth-api-6d1a0,auth-api,0,223.29,0.4361,0,
auth-api-6d1a0_699,2026-07-13T09:11:39+00:00,auth-api-6d1a0,auth-api,0,202.66,0.3958,0,
auth-api-6d1a0_700,2026-07-13T09:11:40+00:00,auth-api-6d1a0,auth-api,0,208.96,0.4081,0,
auth-api-6d1a0_701,2026-07-13T09:11:41+00:00,auth-api-6d1a0,auth-api,0,205.71,0.4018,0,
auth-api-6d1a0_702,2026-07-13T09:11:42+00:00,auth-api-6d1a0,auth-api,0,203.98,0.3984,0,
auth-api-6d1a0_703,2026-07-13T09:11:43+00:00,auth-api-6d1a0,auth-api,0,223.7,0.4369,0,
auth-api-6d1a0_704,2026-07-13T09:11:44+00:00,auth-api-6d1a0,auth-api,0,219.57,0.4288,0,
auth-api-6d1a0_705,2026-07-13T09:11:45+00:00,auth-api-6d1a0,auth-api,0,203.88,0.3982,0,
auth-api-6d1a0_706,2026-07-13T09:11:46+00:00,auth-api-6d1a0,auth-api,0,215.82,0.4215,0,
auth-api-6d1a0_707,2026-07-13T09:11:47+00:00,auth-api-6d1a0,auth-api,0,207.02,0.4043,0,
auth-api-6d1a0_708,2026-07-13T09:11:48+00:00,auth-api-6d1a0,auth-api,0,210.39,0.4109,0,
auth-api-6d1a0_709,2026-07-13T09:11:49+00:00,auth-api-6d1a0,auth-api,0,223.19,0.4359,0,
auth-api-6d1a0_710,2026-07-13T09:11:50+00:00,auth-api-6d1a0,auth-api,0,220.58,0.4308,0,
auth-api-6d1a0_711,2026-07-13T09:11:51+00:00,auth-api-6d1a0,auth-api,0,212.65,0.4153,0,
auth-api-6d1a0_712,2026-07-13T09:11:52+00:00,auth-api-6d1a0,auth-api,0,201.97,0.3945,0,
auth-api-6d1a0_713,2026-07-13T09:11:53+00:00,auth-api-6d1a0,auth-api,0,216.86,0.4236,0,
auth-api-6d1a0_714,2026-07-13T09:11:54+00:00,auth-api-6d1a0,auth-api,0,211.79,0.4137,0,
auth-api-6d1a0_715,2026-07-13T09:11:55+00:00,auth-api-6d1a0,auth-api,0,202.34,0.3952,0,
auth-api-6d1a0_716,2026-07-13T09:11:56+00:00,auth-api-6d1a0,auth-api,0,209.54,0.4093,0,
auth-api-6d1a0_717,2026-07-13T09:11:57+00:00,auth-api-6d1a0,auth-api,0,206.23,0.4028,0,
auth-api-6d1a0_718,2026-07-13T09:11:58+00:00,auth-api-6d1a0,auth-api,0,202.5,0.3955,0,
auth-api-6d1a0_719,2026-07-13T09:11:59+00:00,auth-api-6d1a0,auth-api,0,228.12,0.4455,0,
auth-api-6d1a0_720,2026-07-13T09:12:00+00:00,auth-api-6d1a0,auth-api,0,211.87,0.4138,0,
auth-api-6d1a0_721,2026-07-13T09:12:01+00:00,auth-api-6d1a0,auth-api,0,195.61,0.3821,0,
auth-api-6d1a0_722,2026-07-13T09:12:02+00:00,auth-api-6d1a0,auth-api,0,206.36,0.403,0,
auth-api-6d1a0_723,2026-07-13T09:12:03+00:00,auth-api-6d1a0,auth-api,0,211.6,0.4133,0,
auth-api-6d1a0_724,2026-07-13T09:12:04+00:00,auth-api-6d1a0,auth-api,0,195.72,0.3823,0,
auth-api-6d1a0_725,2026-07-13T09:12:05+00:00,auth-api-6d1a0,auth-api,0,217.21,0.4242,0,
auth-api-6d1a0_726,2026-07-13T09:12:06+00:00,auth-api-6d1a0,auth-api,0,215.96,0.4218,0,
auth-api-6d1a0_727,2026-07-13T09:12:07+00:00,auth-api-6d1a0,auth-api,0,189.61,0.3703,0,
auth-api-6d1a0_728,2026-07-13T09:12:08+00:00,auth-api-6d1a0,auth-api,0,210.26,0.4107,0,
auth-api-6d1a0_729,2026-07-13T09:12:09+00:00,auth-api-6d1a0,auth-api,0,218.36,0.4265,0,
auth-api-6d1a0_730,2026-07-13T09:12:10+00:00,auth-api-6d1a0,auth-api,0,204.22,0.3989,0,
auth-api-6d1a0_731,2026-07-13T09:12:11+00:00,auth-api-6d1a0,auth-api,0,206.63,0.4036,0,
auth-api-6d1a0_732,2026-07-13T09:12:12+00:00,auth-api-6d1a0,auth-api,0,207.64,0.4055,0,
auth-api-6d1a0_733,2026-07-13T09:12:13+00:00,auth-api-6d1a0,auth-api,0,192.73,0.3764,0,
auth-api-6d1a0_734,2026-07-13T09:12:14+00:00,auth-api-6d1a0,auth-api,0,216.13,0.4221,0,
auth-api-6d1a0_735,2026-07-13T09:12:15+00:00,auth-api-6d1a0,auth-api,0,224.64,0.4387,0,
auth-api-6d1a0_736,2026-07-13T09:12:16+00:00,auth-api-6d1a0,auth-api,0,205.97,0.4023,0,
auth-api-6d1a0_737,2026-07-13T09:12:17+00:00,auth-api-6d1a0,auth-api,0,206.59,0.4035,0,
auth-api-6d1a0_738,2026-07-13T09:12:18+00:00,auth-api-6d1a0,auth-api,0,209.97,0.4101,0,
auth-api-6d1a0_739,2026-07-13T09:12:19+00:00,auth-api-6d1a0,auth-api,0,211.76,0.4136,0,
auth-api-6d1a0_740,2026-07-13T09:12:20+00:00,auth-api-6d1a0,auth-api,0,205.7,0.4018,0,
auth-api-6d1a0_741,2026-07-13T09:12:21+00:00,auth-api-6d1a0,auth-api,0,190.95,0.3729,0,
auth-api-6d1a0_742,2026-07-13T09:12:22+00:00,auth-api-6d1a0,auth-api,0,206.69,0.4037,0,
auth-api-6d1a0_743,2026-07-13T09:12:23+00:00,auth-api-6d1a0,auth-api,0,205.5,0.4014,0,
auth-api-6d1a0_744,2026-07-13T09:12:24+00:00,auth-api-6d1a0,auth-api,0,202.76,0.396,0,
auth-api-6d1a0_745,2026-07-13T09:12:25+00:00,auth-api-6d1a0,auth-api,0,222.52,0.4346,0,
auth-api-6d1a0_746,2026-07-13T09:12:26+00:00,auth-api-6d1a0,auth-api,0,206.07,0.4025,0,
auth-api-6d1a0_747,2026-07-13T09:12:27+00:00,auth-api-6d1a0,auth-api,0,219.65,0.429,0,
auth-api-6d1a0_748,2026-07-13T09:12:28+00:00,auth-api-6d1a0,auth-api,0,194.02,0.3789,0,
auth-api-6d1a0_749,2026-07-13T09:12:29+00:00,auth-api-6d1a0,auth-api,0,196.69,0.3842,0,
auth-api-6d1a0_750,2026-07-13T09:12:30+00:00,auth-api-6d1a0,auth-api,0,214.63,0.4192,0,
auth-api-6d1a0_751,2026-07-13T09:12:31+00:00,auth-api-6d1a0,auth-api,0,214.19,0.4183,0,
auth-api-6d1a0_752,2026-07-13T09:12:32+00:00,auth-api-6d1a0,auth-api,0,203.87,0.3982,0,
auth-api-6d1a0_753,2026-07-13T09:12:33+00:00,auth-api-6d1a0,auth-api,0,215.31,0.4205,0,
auth-api-6d1a0_754,2026-07-13T09:12:34+00:00,auth-api-6d1a0,auth-api,0,217.57,0.4249,0,
auth-api-6d1a0_755,2026-07-13T09:12:35+00:00,auth-api-6d1a0,auth-api,0,208.81,0.4078,0,
auth-api-6d1a0_756,2026-07-13T09:12:36+00:00,auth-api-6d1a0,auth-api,0,210.7,0.4115,0,
auth-api-6d1a0_757,2026-07-13T09:12:37+00:00,auth-api-6d1a0,auth-api,0,211.28,0.4127,0,
auth-api-6d1a0_758,2026-07-13T09:12:38+00:00,auth-api-6d1a0,auth-api,0,195.42,0.3817,0,
auth-api-6d1a0_759,2026-07-13T09:12:39+00:00,auth-api-6d1a0,auth-api,0,210.04,0.4102,0,
auth-api-6d1a0_760,2026-07-13T09:12:40+00:00,auth-api-6d1a0,auth-api,0,219.17,0.4281,0,
auth-api-6d1a0_761,2026-07-13T09:12:41+00:00,auth-api-6d1a0,auth-api,0,207.25,0.4048,0,
auth-api-6d1a0_762,2026-07-13T09:12:42+00:00,auth-api-6d1a0,auth-api,0,196.44,0.3837,0,
auth-api-6d1a0_763,2026-07-13T09:12:43+00:00,auth-api-6d1a0,auth-api,0,222.42,0.4344,0,
auth-api-6d1a0_764,2026-07-13T09:12:44+00:00,auth-api-6d1a0,auth-api,0,214.9,0.4197,0,
auth-api-6d1a0_765,2026-07-13T09:12:45+00:00,auth-api-6d1a0,auth-api,0,217.08,0.424,0,
auth-api-6d1a0_766,2026-07-13T09:12:46+00:00,auth-api-6d1a0,auth-api,0,219.92,0.4295,0,
auth-api-6d1a0_767,2026-07-13T09:12:47+00:00,auth-api-6d1a0,auth-api,0,210.12,0.4104,0,
auth-api-6d1a0_768,2026-07-13T09:12:48+00:00,auth-api-6d1a0,auth-api,0,213.47,0.4169,0,
auth-api-6d1a0_769,2026-07-13T09:12:49+00:00,auth-api-6d1a0,auth-api,0,217.56,0.4249,0,
auth-api-6d1a0_770,2026-07-13T09:12:50+00:00,auth-api-6d1a0,auth-api,0,195.12,0.3811,0,
auth-api-6d1a0_771,2026-07-13T09:12:51+00:00,auth-api-6d1a0,auth-api,0,221.0,0.4316,0,
auth-api-6d1a0_772,2026-07-13T09:12:52+00:00,auth-api-6d1a0,auth-api,0,220.07,0.4298,0,
auth-api-6d1a0_773,2026-07-13T09:12:53+00:00,auth-api-6d1a0,auth-api,0,220.27,0.4302,0,
auth-api-6d1a0_774,2026-07-13T09:12:54+00:00,auth-api-6d1a0,auth-api,0,209.11,0.4084,0,
auth-api-6d1a0_775,2026-07-13T09:12:55+00:00,auth-api-6d1a0,auth-api,0,209.4,0.409,0,
auth-api-6d1a0_776,2026-07-13T09:12:56+00:00,auth-api-6d1a0,auth-api,0,221.57,0.4328,0,
auth-api-6d1a0_777,2026-07-13T09:12:57+00:00,auth-api-6d1a0,auth-api,0,204.61,0.3996,0,
auth-api-6d1a0_778,2026-07-13T09:12:58+00:00,auth-api-6d1a0,auth-api,0,211.03,0.4122,0,
auth-api-6d1a0_779,2026-07-13T09:12:59+00:00,auth-api-6d1a0,auth-api,0,201.85,0.3942,0,
auth-api-6d1a0_780,2026-07-13T09:13:00+00:00,auth-api-6d1a0,auth-api,0,215.94,0.4218,0,
auth-api-6d1a0_781,2026-07-13T09:13:01+00:00,auth-api-6d1a0,auth-api,0,213.26,0.4165,0,
auth-api-6d1a0_782,2026-07-13T09:13:02+00:00,auth-api-6d1a0,auth-api,0,211.19,0.4125,0,
auth-api-6d1a0_783,2026-07-13T09:13:03+00:00,auth-api-6d1a0,auth-api,0,203.44,0.3973,0,
auth-api-6d1a0_784,2026-07-13T09:13:04+00:00,auth-api-6d1a0,auth-api,0,211.74,0.4136,0,
auth-api-6d1a0_785,2026-07-13T09:13:05+00:00,auth-api-6d1a0,auth-api,0,198.86,0.3884,0,
auth-api-6d1a0_786,2026-07-13T09:13:06+00:00,auth-api-6d1a0,auth-api,0,206.4,0.4031,0,
auth-api-6d1a0_787,2026-07-13T09:13:07+00:00,auth-api-6d1a0,auth-api,0,202.68,0.3959,0,
auth-api-6d1a0_788,2026-07-13T09:13:08+00:00,auth-api-6d1a0,auth-api,0,214.55,0.419,0,
auth-api-6d1a0_789,2026-07-13T09:13:09+00:00,auth-api-6d1a0,auth-api,0,213.79,0.4176,0,
auth-api-6d1a0_790,2026-07-13T09:13:10+00:00,auth-api-6d1a0,auth-api,0,201.81,0.3942,0,
auth-api-6d1a0_791,2026-07-13T09:13:11+00:00,auth-api-6d1a0,auth-api,0,211.52,0.4131,0,
auth-api-6d1a0_792,2026-07-13T09:13:12+00:00,auth-api-6d1a0,auth-api,0,211.3,0.4127,0,
auth-api-6d1a0_793,2026-07-13T09:13:13+00:00,auth-api-6d1a0,auth-api,0,212.85,0.4157,0,
auth-api-6d1a0_794,2026-07-13T09:13:14+00:00,auth-api-6d1a0,auth-api,0,208.72,0.4077,0,
auth-api-6d1a0_795,2026-07-13T09:13:15+00:00,auth-api-6d1a0,auth-api,0,199.61,0.3899,0,
auth-api-6d1a0_796,2026-07-13T09:13:16+00:00,auth-api-6d1a0,auth-api,0,212.42,0.4149,0,
auth-api-6d1a0_797,2026-07-13T09:13:17+00:00,auth-api-6d1a0,auth-api,0,205.91,0.4022,0,
auth-api-6d1a0_798,2026-07-13T09:13:18+00:00,auth-api-6d1a0,auth-api,0,220.46,0.4306,0,
auth-api-6d1a0_799,2026-07-13T09:13:19+00:00,auth-api-6d1a0,auth-api,0,207.48,0.4052,0,
auth-api-6d1a0_800,2026-07-13T09:13:20+00:00,auth-api-6d1a0,auth-api,0,213.39,0.4168,0,
auth-api-6d1a0_801,2026-07-13T09:13:21+00:00,auth-api-6d1a0,auth-api,0,214.03,0.418,0,
auth-api-6d1a0_802,2026-07-13T09:13:22+00:00,auth-api-6d1a0,auth-api,0,210.88,0.4119,0,
auth-api-6d1a0_803,2026-07-13T09:13:23+00:00,auth-api-6d1a0,auth-api,0,205.93,0.4022,0,
auth-api-6d1a0_804,2026-07-13T09:13:24+00:00,auth-api-6d1a0,auth-api,0,216.08,0.422,0,
auth-api-6d1a0_805,2026-07-13T09:13:25+00:00,auth-api-6d1a0,auth-api,0,204.46,0.3993,0,
auth-api-6d1a0_806,2026-07-13T09:13:26+00:00,auth-api-6d1a0,auth-api,0,210.51,0.4112,0,
auth-api-6d1a0_807,2026-07-13T09:13:27+00:00,auth-api-6d1a0,auth-api,0,210.44,0.411,0,
auth-api-6d1a0_808,2026-07-13T09:13:28+00:00,auth-api-6d1a0,auth-api,0,195.42,0.3817,0,
auth-api-6d1a0_809,2026-07-13T09:13:29+00:00,auth-api-6d1a0,auth-api,0,204.34,0.3991,0,
auth-api-6d1a0_810,2026-07-13T09:13:30+00:00,auth-api-6d1a0,auth-api,0,211.36,0.4128,0,
auth-api-6d1a0_811,2026-07-13T09:13:31+00:00,auth-api-6d1a0,auth-api,0,204.19,0.3988,0,
auth-api-6d1a0_812,2026-07-13T09:13:32+00:00,auth-api-6d1a0,auth-api,0,211.97,0.414,0,
auth-api-6d1a0_813,2026-07-13T09:13:33+00:00,auth-api-6d1a0,auth-api,0,216.41,0.4227,0,
auth-api-6d1a0_814,2026-07-13T09:13:34+00:00,auth-api-6d1a0,auth-api,0,203.79,0.398,0,
auth-api-6d1a0_815,2026-07-13T09:13:35+00:00,auth-api-6d1a0,auth-api,0,215.05,0.42,0,
auth-api-6d1a0_816,2026-07-13T09:13:36+00:00,auth-api-6d1a0,auth-api,0,217.66,0.4251,0,
auth-api-6d1a0_817,2026-07-13T09:13:37+00:00,auth-api-6d1a0,auth-api,0,209.29,0.4088,0,
auth-api-6d1a0_818,2026-07-13T09:13:38+00:00,auth-api-6d1a0,auth-api,0,207.33,0.4049,0,
auth-api-6d1a0_819,2026-07-13T09:13:39+00:00,auth-api-6d1a0,auth-api,0,206.79,0.4039,0,
auth-api-6d1a0_820,2026-07-13T09:13:40+00:00,auth-api-6d1a0,auth-api,0,212.72,0.4155,0,
auth-api-6d1a0_821,2026-07-13T09:13:41+00:00,auth-api-6d1a0,auth-api,0,201.02,0.3926,0,
auth-api-6d1a0_822,2026-07-13T09:13:42+00:00,auth-api-6d1a0,auth-api,0,210.26,0.4107,0,
auth-api-6d1a0_823,2026-07-13T09:13:43+00:00,auth-api-6d1a0,auth-api,0,208.08,0.4064,0,
auth-api-6d1a0_824,2026-07-13T09:13:44+00:00,auth-api-6d1a0,auth-api,0,216.22,0.4223,0,
auth-api-6d1a0_825,2026-07-13T09:13:45+00:00,auth-api-6d1a0,auth-api,0,207.26,0.4048,0,
auth-api-6d1a0_826,2026-07-13T09:13:46+00:00,auth-api-6d1a0,auth-api,0,208.43,0.4071,0,
auth-api-6d1a0_827,2026-07-13T09:13:47+00:00,auth-api-6d1a0,auth-api,0,210.44,0.411,0,
auth-api-6d1a0_828,2026-07-13T09:13:48+00:00,auth-api-6d1a0,auth-api,0,200.83,0.3922,0,
auth-api-6d1a0_829,2026-07-13T09:13:49+00:00,auth-api-6d1a0,auth-api,0,219.5,0.4287,0,
auth-api-6d1a0_830,2026-07-13T09:13:50+00:00,auth-api-6d1a0,auth-api,0,230.11,0.4494,0,
auth-api-6d1a0_831,2026-07-13T09:13:51+00:00,auth-api-6d1a0,auth-api,0,198.54,0.3878,0,
auth-api-6d1a0_832,2026-07-13T09:13:52+00:00,auth-api-6d1a0,auth-api,0,207.78,0.4058,0,
auth-api-6d1a0_833,2026-07-13T09:13:53+00:00,auth-api-6d1a0,auth-api,0,237.04,0.463,0,
auth-api-6d1a0_834,2026-07-13T09:13:54+00:00,auth-api-6d1a0,auth-api,0,219.43,0.4286,0,
auth-api-6d1a0_835,2026-07-13T09:13:55+00:00,auth-api-6d1a0,auth-api,0,218.26,0.4263,0,
auth-api-6d1a0_836,2026-07-13T09:13:56+00:00,auth-api-6d1a0,auth-api,0,222.65,0.4349,0,
auth-api-6d1a0_837,2026-07-13T09:13:57+00:00,auth-api-6d1a0,auth-api,0,215.11,0.4201,0,
auth-api-6d1a0_838,2026-07-13T09:13:58+00:00,auth-api-6d1a0,auth-api,0,209.32,0.4088,0,
auth-api-6d1a0_839,2026-07-13T09:13:59+00:00,auth-api-6d1a0,auth-api,0,210.36,0.4109,0,
auth-api-6d1a0_840,2026-07-13T09:14:00+00:00,auth-api-6d1a0,auth-api,0,211.45,0.413,0,
auth-api-6d1a0_841,2026-07-13T09:14:01+00:00,auth-api-6d1a0,auth-api,0,191.09,0.3732,0,
auth-api-6d1a0_842,2026-07-13T09:14:02+00:00,auth-api-6d1a0,auth-api,0,211.35,0.4128,0,
auth-api-6d1a0_843,2026-07-13T09:14:03+00:00,auth-api-6d1a0,auth-api,0,224.24,0.438,0,
auth-api-6d1a0_844,2026-07-13T09:14:04+00:00,auth-api-6d1a0,auth-api,0,224.02,0.4375,0,
auth-api-6d1a0_845,2026-07-13T09:14:05+00:00,auth-api-6d1a0,auth-api,0,216.61,0.4231,0,
auth-api-6d1a0_846,2026-07-13T09:14:06+00:00,auth-api-6d1a0,auth-api,0,216.31,0.4225,0,
auth-api-6d1a0_847,2026-07-13T09:14:07+00:00,auth-api-6d1a0,auth-api,0,205.77,0.4019,0,
auth-api-6d1a0_848,2026-07-13T09:14:08+00:00,auth-api-6d1a0,auth-api,0,190.62,0.3723,0,
auth-api-6d1a0_849,2026-07-13T09:14:09+00:00,auth-api-6d1a0,auth-api,0,207.91,0.4061,0,
auth-api-6d1a0_850,2026-07-13T09:14:10+00:00,auth-api-6d1a0,auth-api,0,211.89,0.4138,0,
auth-api-6d1a0_851,2026-07-13T09:14:11+00:00,auth-api-6d1a0,auth-api,0,204.86,0.4001,0,
auth-api-6d1a0_852,2026-07-13T09:14:12+00:00,auth-api-6d1a0,auth-api,0,206.66,0.4036,0,
auth-api-6d1a0_853,2026-07-13T09:14:13+00:00,auth-api-6d1a0,auth-api,0,214.83,0.4196,0,
auth-api-6d1a0_854,2026-07-13T09:14:14+00:00,auth-api-6d1a0,auth-api,0,202.29,0.3951,0,
auth-api-6d1a0_855,2026-07-13T09:14:15+00:00,auth-api-6d1a0,auth-api,0,202.26,0.395,0,
auth-api-6d1a0_856,2026-07-13T09:14:16+00:00,auth-api-6d1a0,auth-api,0,215.5,0.4209,0,
auth-api-6d1a0_857,2026-07-13T09:14:17+00:00,auth-api-6d1a0,auth-api,0,219.01,0.4278,0,
auth-api-6d1a0_858,2026-07-13T09:14:18+00:00,auth-api-6d1a0,auth-api,0,214.83,0.4196,0,
auth-api-6d1a0_859,2026-07-13T09:14:19+00:00,auth-api-6d1a0,auth-api,0,219.4,0.4285,0,
auth-api-6d1a0_860,2026-07-13T09:14:20+00:00,auth-api-6d1a0,auth-api,0,205.46,0.4013,0,
auth-api-6d1a0_861,2026-07-13T09:14:21+00:00,auth-api-6d1a0,auth-api,0,226.29,0.442,0,
auth-api-6d1a0_862,2026-07-13T09:14:22+00:00,auth-api-6d1a0,auth-api,0,222.82,0.4352,0,
auth-api-6d1a0_863,2026-07-13T09:14:23+00:00,auth-api-6d1a0,auth-api,0,222.12,0.4338,0,
auth-api-6d1a0_864,2026-07-13T09:14:24+00:00,auth-api-6d1a0,auth-api,0,214.47,0.4189,0,
auth-api-6d1a0_865,2026-07-13T09:14:25+00:00,auth-api-6d1a0,auth-api,0,216.77,0.4234,0,
auth-api-6d1a0_866,2026-07-13T09:14:26+00:00,auth-api-6d1a0,auth-api,0,203.05,0.3966,0,
auth-api-6d1a0_867,2026-07-13T09:14:27+00:00,auth-api-6d1a0,auth-api,0,214.22,0.4184,0,
auth-api-6d1a0_868,2026-07-13T09:14:28+00:00,auth-api-6d1a0,auth-api,0,202.35,0.3952,0,
auth-api-6d1a0_869,2026-07-13T09:14:29+00:00,auth-api-6d1a0,auth-api,0,195.52,0.3819,0,
auth-api-7f8d1_30,2026-07-13T09:00:30+00:00,auth-api-7f8d1,auth-api,0,210.33,0.4108,0,
auth-api-7f8d1_31,2026-07-13T09:00:31+00:00,auth-api-7f8d1,auth-api,0,219.6,0.4289,0,
auth-api-7f8d1_32,2026-07-13T09:00:32+00:00,auth-api-7f8d1,auth-api,0,230.02,0.4493,0,
auth-api-7f8d1_33,2026-07-13T09:00:33+00:00,auth-api-7f8d1,auth-api,0,232.69,0.4545,0,
auth-api-7f8d1_34,2026-07-13T09:00:34+00:00,auth-api-7f8d1,auth-api,0,209.57,0.4093,0,
auth-api-7f8d1_35,2026-07-13T09:00:35+00:00,auth-api-7f8d1,auth-api,0,205.99,0.4023,0,
auth-api-7f8d1_36,2026-07-13T09:00:36+00:00,auth-api-7f8d1,auth-api,0,219.32,0.4284,0,
auth-api-7f8d1_37,2026-07-13T09:00:37+00:00,auth-api-7f8d1,auth-api,0,206.87,0.404,0,
auth-api-7f8d1_38,2026-07-13T09:00:38+00:00,auth-api-7f8d1,auth-api,0,205.21,0.4008,0,
auth-api-7f8d1_39,2026-07-13T09:00:39+00:00,auth-api-7f8d1,auth-api,0,205.6,0.4016,0,
auth-api-7f8d1_40,2026-07-13T09:00:40+00:00,auth-api-7f8d1,auth-api,0,208.95,0.4081,0,
auth-api-7f8d1_41,2026-07-13T09:00:41+00:00,auth-api-7f8d1,auth-api,0,213.06,0.4161,0,
auth-api-7f8d1_42,2026-07-13T09:00:42+00:00,auth-api-7f8d1,auth-api,0,208.17,0.4066,0,
auth-api-7f8d1_43,2026-07-13T09:00:43+00:00,auth-api-7f8d1,auth-api,0,212.73,0.4155,0,
auth-api-7f8d1_44,2026-07-13T09:00:44+00:00,auth-api-7f8d1,auth-api,0,211.28,0.4127,0,
auth-api-7f8d1_45,2026-07-13T09:00:45+00:00,auth-api-7f8d1,auth-api,0,201.57,0.3937,0,
auth-api-7f8d1_46,2026-07-13T09:00:46+00:00,auth-api-7f8d1,auth-api,0,205.83,0.402,0,
auth-api-7f8d1_47,2026-07-13T09:00:47+00:00,auth-api-7f8d1,auth-api,0,215.4,0.4207,0,
auth-api-7f8d1_48,2026-07-13T09:00:48+00:00,auth-api-7f8d1,auth-api,0,213.7,0.4174,0,
auth-api-7f8d1_49,2026-07-13T09:00:49+00:00,auth-api-7f8d1,auth-api,0,211.46,0.413,0,
auth-api-7f8d1_50,2026-07-13T09:00:50+00:00,auth-api-7f8d1,auth-api,0,208.96,0.4081,0,
auth-api-7f8d1_51,2026-07-13T09:00:51+00:00,auth-api-7f8d1,auth-api,0,202.65,0.3958,0,
auth-api-7f8d1_52,2026-07-13T09:00:52+00:00,auth-api-7f8d1,auth-api,0,212.81,0.4156,0,
auth-api-7f8d1_53,2026-07-13T09:00:53+00:00,auth-api-7f8d1,auth-api,0,212.28,0.4146,0,
auth-api-7f8d1_54,2026-07-13T09:00:54+00:00,auth-api-7f8d1,auth-api,0,198.05,0.3868,0,
auth-api-7f8d1_55,2026-07-13T09:00:55+00:00,auth-api-7f8d1,auth-api,0,212.7,0.4154,0,
auth-api-7f8d1_56,2026-07-13T09:00:56+00:00,auth-api-7f8d1,auth-api,0,201.53,0.3936,0,
auth-api-7f8d1_57,2026-07-13T09:00:57+00:00,auth-api-7f8d1,auth-api,0,197.07,0.3849,0,
auth-api-7f8d1_58,2026-07-13T09:00:58+00:00,auth-api-7f8d1,auth-api,0,204.14,0.3987,0,
auth-api-7f8d1_59,2026-07-13T09:00:59+00:00,auth-api-7f8d1,auth-api,0,209.65,0.4095,0,
auth-api-7f8d1_60,2026-07-13T09:01:00+00:00,auth-api-7f8d1,auth-api,0,213.97,0.4179,0,
auth-api-7f8d1_61,2026-07-13T09:01:01+00:00,auth-api-7f8d1,auth-api,0,208.07,0.4064,0,
auth-api-7f8d1_62,2026-07-13T09:01:02+00:00,auth-api-7f8d1,auth-api,0,221.35,0.4323,0,
auth-api-7f8d1_63,2026-07-13T09:01:03+00:00,auth-api-7f8d1,auth-api,0,200.54,0.3917,0,
auth-api-7f8d1_64,2026-07-13T09:01:04+00:00,auth-api-7f8d1,auth-api,0,209.4,0.409,0,
auth-api-7f8d1_65,2026-07-13T09:01:05+00:00,auth-api-7f8d1,auth-api,0,223.39,0.4363,0,
auth-api-7f8d1_66,2026-07-13T09:01:06+00:00,auth-api-7f8d1,auth-api,0,197.4,0.3855,0,
auth-api-7f8d1_67,2026-07-13T09:01:07+00:00,auth-api-7f8d1,auth-api,0,206.32,0.403,0,
auth-api-7f8d1_68,2026-07-13T09:01:08+00:00,auth-api-7f8d1,auth-api,0,213.07,0.4162,0,
auth-api-7f8d1_69,2026-07-13T09:01:09+00:00,auth-api-7f8d1,auth-api,0,211.68,0.4134,0,
auth-api-7f8d1_70,2026-07-13T09:01:10+00:00,auth-api-7f8d1,auth-api,0,209.81,0.4098,0,
auth-api-7f8d1_71,2026-07-13T09:01:11+00:00,auth-api-7f8d1,auth-api,0,210.55,0.4112,0,
auth-api-7f8d1_72,2026-07-13T09:01:12+00:00,auth-api-7f8d1,auth-api,0,199.47,0.3896,0,
auth-api-7f8d1_73,2026-07-13T09:01:13+00:00,auth-api-7f8d1,auth-api,0,210.63,0.4114,0,
auth-api-7f8d1_74,2026-07-13T09:01:14+00:00,auth-api-7f8d1,auth-api,0,204.4,0.3992,0,
auth-api-7f8d1_75,2026-07-13T09:01:15+00:00,auth-api-7f8d1,auth-api,0,214.36,0.4187,0,
auth-api-7f8d1_76,2026-07-13T09:01:16+00:00,auth-api-7f8d1,auth-api,0,201.44,0.3934,0,
auth-api-7f8d1_77,2026-07-13T09:01:17+00:00,auth-api-7f8d1,auth-api,0,206.1,0.4025,0,
auth-api-7f8d1_78,2026-07-13T09:01:18+00:00,auth-api-7f8d1,auth-api,0,195.67,0.3822,0,
auth-api-7f8d1_79,2026-07-13T09:01:19+00:00,auth-api-7f8d1,auth-api,0,205.36,0.4011,0,
auth-api-7f8d1_80,2026-07-13T09:01:20+00:00,auth-api-7f8d1,auth-api,0,200.38,0.3914,0,
auth-api-7f8d1_81,2026-07-13T09:01:21+00:00,auth-api-7f8d1,auth-api,0,219.03,0.4278,0,
auth-api-7f8d1_82,2026-07-13T09:01:22+00:00,auth-api-7f8d1,auth-api,0,198.82,0.3883,0,
auth-api-7f8d1_83,2026-07-13T09:01:23+00:00,auth-api-7f8d1,auth-api,0,197.86,0.3864,0,
auth-api-7f8d1_84,2026-07-13T09:01:24+00:00,auth-api-7f8d1,auth-api,0,202.19,0.3949,0,
auth-api-7f8d1_85,2026-07-13T09:01:25+00:00,auth-api-7f8d1,auth-api,0,215.54,0.421,0,
auth-api-7f8d1_86,2026-07-13T09:01:26+00:00,auth-api-7f8d1,auth-api,0,214.5,0.4189,0,
auth-api-7f8d1_87,2026-07-13T09:01:27+00:00,auth-api-7f8d1,auth-api,0,223.97,0.4374,0,
auth-api-7f8d1_88,2026-07-13T09:01:28+00:00,auth-api-7f8d1,auth-api,0,207.06,0.4044,0,
auth-api-7f8d1_89,2026-07-13T09:01:29+00:00,auth-api-7f8d1,auth-api,0,215.29,0.4205,0,
auth-api-7f8d1_90,2026-07-13T09:01:30+00:00,auth-api-7f8d1,auth-api,0,214.69,0.4193,0,
auth-api-7f8d1_91,2026-07-13T09:01:31+00:00,auth-api-7f8d1,auth-api,0,210.27,0.4107,0,
auth-api-7f8d1_92,2026-07-13T09:01:32+00:00,auth-api-7f8d1,auth-api,0,216.15,0.4222,0,
auth-api-7f8d1_93,2026-07-13T09:01:33+00:00,auth-api-7f8d1,auth-api,0,199.85,0.3903,0,
auth-api-7f8d1_94,2026-07-13T09:01:34+00:00,auth-api-7f8d1,auth-api,0,203.14,0.3968,0,
auth-api-7f8d1_95,2026-07-13T09:01:35+00:00,auth-api-7f8d1,auth-api,0,206.57,0.4035,0,
auth-api-7f8d1_96,2026-07-13T09:01:36+00:00,auth-api-7f8d1,auth-api,0,200.24,0.3911,0,
auth-api-7f8d1_97,2026-07-13T09:01:37+00:00,auth-api-7f8d1,auth-api,0,209.26,0.4087,0,
auth-api-7f8d1_98,2026-07-13T09:01:38+00:00,auth-api-7f8d1,auth-api,0,213.03,0.4161,0,
auth-api-7f8d1_99,2026-07-13T09:01:39+00:00,auth-api-7f8d1,auth-api,0,215.29,0.4205,0,
auth-api-7f8d1_100,2026-07-13T09:01:40+00:00,auth-api-7f8d1,auth-api,0,212.34,0.4147,0,
auth-api-7f8d1_101,2026-07-13T09:01:41+00:00,auth-api-7f8d1,auth-api,0,205.08,0.4005,0,
auth-api-7f8d1_102,2026-07-13T09:01:42+00:00,auth-api-7f8d1,auth-api,0,209.83,0.4098,0,
auth-api-7f8d1_103,2026-07-13T09:01:43+00:00,auth-api-7f8d1,auth-api,0,214.63,0.4192,0,
auth-api-7f8d1_104,2026-07-13T09:01:44+00:00,auth-api-7f8d1,auth-api,0,213.58,0.4171,0,
auth-api-7f8d1_105,2026-07-13T09:01:45+00:00,auth-api-7f8d1,auth-api,0,209.8,0.4098,0,
auth-api-7f8d1_106,2026-07-13T09:01:46+00:00,auth-api-7f8d1,auth-api,0,216.0,0.4219,0,
auth-api-7f8d1_107,2026-07-13T09:01:47+00:00,auth-api-7f8d1,auth-api,0,220.5,0.4307,0,
auth-api-7f8d1_108,2026-07-13T09:01:48+00:00,auth-api-7f8d1,auth-api,0,186.76,0.3648,0,
auth-api-7f8d1_109,2026-07-13T09:01:49+00:00,auth-api-7f8d1,auth-api,0,209.67,0.4095,0,
auth-api-7f8d1_110,2026-07-13T09:01:50+00:00,auth-api-7f8d1,auth-api,0,201.76,0.3941,0,
auth-api-7f8d1_111,2026-07-13T09:01:51+00:00,auth-api-7f8d1,auth-api,0,210.41,0.411,0,
auth-api-7f8d1_112,2026-07-13T09:01:52+00:00,auth-api-7f8d1,auth-api,0,206.37,0.4031,0,
auth-api-7f8d1_113,2026-07-13T09:01:53+00:00,auth-api-7f8d1,auth-api,0,218.9,0.4275,0,
auth-api-7f8d1_114,2026-07-13T09:01:54+00:00,auth-api-7f8d1,auth-api,0,196.38,0.3836,0,
auth-api-7f8d1_115,2026-07-13T09:01:55+00:00,auth-api-7f8d1,auth-api,0,202.03,0.3946,0,
auth-api-7f8d1_116,2026-07-13T09:01:56+00:00,auth-api-7f8d1,auth-api,0,207.81,0.4059,0,
auth-api-7f8d1_117,2026-07-13T09:01:57+00:00,auth-api-7f8d1,auth-api,0,206.29,0.4029,0,
auth-api-7f8d1_118,2026-07-13T09:01:58+00:00,auth-api-7f8d1,auth-api,0,200.03,0.3907,0,
auth-api-7f8d1_119,2026-07-13T09:01:59+00:00,auth-api-7f8d1,auth-api,0,189.31,0.3697,0,
auth-api-7f8d1_120,2026-07-13T09:02:00+00:00,auth-api-7f8d1,auth-api,0,217.91,0.4256,0,
auth-api-7f8d1_121,2026-07-13T09:02:01+00:00,auth-api-7f8d1,auth-api,0,205.78,0.4019,0,
auth-api-7f8d1_122,2026-07-13T09:02:02+00:00,auth-api-7f8d1,auth-api,0,200.39,0.3914,0,
auth-api-7f8d1_123,2026-07-13T09:02:03+00:00,auth-api-7f8d1,auth-api,0,205.7,0.4018,0,
auth-api-7f8d1_124,2026-07-13T09:02:04+00:00,auth-api-7f8d1,auth-api,0,207.62,0.4055,0,
auth-api-7f8d1_125,2026-07-13T09:02:05+00:00,auth-api-7f8d1,auth-api,0,221.8,0.4332,0,
auth-api-7f8d1_126,2026-07-13T09:02:06+00:00,auth-api-7f8d1,auth-api,0,211.62,0.4133,0,
auth-api-7f8d1_127,2026-07-13T09:02:07+00:00,auth-api-7f8d1,auth-api,0,209.98,0.4101,0,
auth-api-7f8d1_128,2026-07-13T09:02:08+00:00,auth-api-7f8d1,auth-api,0,210.7,0.4115,0,
auth-api-7f8d1_129,2026-07-13T09:02:09+00:00,auth-api-7f8d1,auth-api,0,207.18,0.4046,0,
auth-api-7f8d1_130,2026-07-13T09:02:10+00:00,auth-api-7f8d1,auth-api,0,191.67,0.3744,0,
auth-api-7f8d1_131,2026-07-13T09:02:11+00:00,auth-api-7f8d1,auth-api,0,216.41,0.4227,0,
auth-api-7f8d1_132,2026-07-13T09:02:12+00:00,auth-api-7f8d1,auth-api,0,199.63,0.3899,0,
auth-api-7f8d1_133,2026-07-13T09:02:13+00:00,auth-api-7f8d1,auth-api,0,206.45,0.4032,0,
auth-api-7f8d1_134,2026-07-13T09:02:14+00:00,auth-api-7f8d1,auth-api,0,216.28,0.4224,0,
auth-api-7f8d1_135,2026-07-13T09:02:15+00:00,auth-api-7f8d1,auth-api,0,213.33,0.4167,0,
auth-api-7f8d1_136,2026-07-13T09:02:16+00:00,auth-api-7f8d1,auth-api,0,211.43,0.4129,0,
auth-api-7f8d1_137,2026-07-13T09:02:17+00:00,auth-api-7f8d1,auth-api,0,217.99,0.4258,0,
auth-api-7f8d1_138,2026-07-13T09:02:18+00:00,auth-api-7f8d1,auth-api,0,215.14,0.4202,0,
auth-api-7f8d1_139,2026-07-13T09:02:19+00:00,auth-api-7f8d1,auth-api,0,226.37,0.4421,0,
auth-api-7f8d1_140,2026-07-13T09:02:20+00:00,auth-api-7f8d1,auth-api,0,216.24,0.4223,0,
auth-api-7f8d1_141,2026-07-13T09:02:21+00:00,auth-api-7f8d1,auth-api,0,206.16,0.4027,0,
auth-api-7f8d1_142,2026-07-13T09:02:22+00:00,auth-api-7f8d1,auth-api,0,212.08,0.4142,0,
auth-api-7f8d1_143,2026-07-13T09:02:23+00:00,auth-api-7f8d1,auth-api,0,218.0,0.4258,0,
auth-api-7f8d1_144,2026-07-13T09:02:24+00:00,auth-api-7f8d1,auth-api,0,213.59,0.4172,0,
auth-api-7f8d1_145,2026-07-13T09:02:25+00:00,auth-api-7f8d1,auth-api,0,209.34,0.4089,0,
auth-api-7f8d1_146,2026-07-13T09:02:26+00:00,auth-api-7f8d1,auth-api,0,225.0,0.4395,0,
auth-api-7f8d1_147,2026-07-13T09:02:27+00:00,auth-api-7f8d1,auth-api,0,213.52,0.417,0,
auth-api-7f8d1_148,2026-07-13T09:02:28+00:00,auth-api-7f8d1,auth-api,0,205.57,0.4015,0,
auth-api-7f8d1_149,2026-07-13T09:02:29+00:00,auth-api-7f8d1,auth-api,0,218.9,0.4275,0,
auth-api-7f8d1_150,2026-07-13T09:02:30+00:00,auth-api-7f8d1,auth-api,0,198.06,0.3868,0,
auth-api-7f8d1_151,2026-07-13T09:02:31+00:00,auth-api-7f8d1,auth-api,0,229.12,0.4475,0,
auth-api-7f8d1_152,2026-07-13T09:02:32+00:00,auth-api-7f8d1,auth-api,0,205.15,0.4007,0,
auth-api-7f8d1_153,2026-07-13T09:02:33+00:00,auth-api-7f8d1,auth-api,0,200.43,0.3915,0,
auth-api-7f8d1_154,2026-07-13T09:02:34+00:00,auth-api-7f8d1,auth-api,0,221.92,0.4334,0,
auth-api-7f8d1_155,2026-07-13T09:02:35+00:00,auth-api-7f8d1,auth-api,0,211.01,0.4121,0,
auth-api-7f8d1_156,2026-07-13T09:02:36+00:00,auth-api-7f8d1,auth-api,0,205.03,0.4004,0,
auth-api-7f8d1_157,2026-07-13T09:02:37+00:00,auth-api-7f8d1,auth-api,0,204.86,0.4001,0,
auth-api-7f8d1_158,2026-07-13T09:02:38+00:00,auth-api-7f8d1,auth-api,0,204.1,0.3986,0,
auth-api-7f8d1_159,2026-07-13T09:02:39+00:00,auth-api-7f8d1,auth-api,0,202.16,0.3948,0,
auth-api-7f8d1_160,2026-07-13T09:02:40+00:00,auth-api-7f8d1,auth-api,0,212.93,0.4159,0,
auth-api-7f8d1_161,2026-07-13T09:02:41+00:00,auth-api-7f8d1,auth-api,0,204.14,0.3987,0,
auth-api-7f8d1_162,2026-07-13T09:02:42+00:00,auth-api-7f8d1,auth-api,0,205.63,0.4016,0,
auth-api-7f8d1_163,2026-07-13T09:02:43+00:00,auth-api-7f8d1,auth-api,0,214.23,0.4184,0,
auth-api-7f8d1_164,2026-07-13T09:02:44+00:00,auth-api-7f8d1,auth-api,0,203.4,0.3973,0,
auth-api-7f8d1_165,2026-07-13T09:02:45+00:00,auth-api-7f8d1,auth-api,0,227.34,0.444,0,
auth-api-7f8d1_166,2026-07-13T09:02:46+00:00,auth-api-7f8d1,auth-api,0,201.56,0.3937,0,
auth-api-7f8d1_167,2026-07-13T09:02:47+00:00,auth-api-7f8d1,auth-api,0,228.72,0.4467,0,
auth-api-7f8d1_168,2026-07-13T09:02:48+00:00,auth-api-7f8d1,auth-api,0,211.27,0.4126,0,
auth-api-7f8d1_169,2026-07-13T09:02:49+00:00,auth-api-7f8d1,auth-api,0,215.77,0.4214,0,
auth-api-7f8d1_170,2026-07-13T09:02:50+00:00,auth-api-7f8d1,auth-api,0,214.83,0.4196,0,
auth-api-7f8d1_171,2026-07-13T09:02:51+00:00,auth-api-7f8d1,auth-api,0,215.81,0.4215,0,
auth-api-7f8d1_172,2026-07-13T09:02:52+00:00,auth-api-7f8d1,auth-api,0,206.79,0.4039,0,
auth-api-7f8d1_173,2026-07-13T09:02:53+00:00,auth-api-7f8d1,auth-api,0,215.0,0.4199,0,
auth-api-7f8d1_174,2026-07-13T09:02:54+00:00,auth-api-7f8d1,auth-api,0,206.12,0.4026,0,
auth-api-7f8d1_175,2026-07-13T09:02:55+00:00,auth-api-7f8d1,auth-api,0,205.15,0.4007,0,
auth-api-7f8d1_176,2026-07-13T09:02:56+00:00,auth-api-7f8d1,auth-api,0,213.89,0.4178,0,
auth-api-7f8d1_177,2026-07-13T09:02:57+00:00,auth-api-7f8d1,auth-api,0,206.78,0.4039,0,
auth-api-7f8d1_178,2026-07-13T09:02:58+00:00,auth-api-7f8d1,auth-api,0,212.73,0.4155,0,
auth-api-7f8d1_179,2026-07-13T09:02:59+00:00,auth-api-7f8d1,auth-api,0,217.65,0.4251,0,
auth-api-7f8d1_180,2026-07-13T09:03:00+00:00,auth-api-7f8d1,auth-api,0,211.07,0.4122,0,
auth-api-7f8d1_181,2026-07-13T09:03:01+00:00,auth-api-7f8d1,auth-api,0,197.65,0.386,0,
auth-api-7f8d1_182,2026-07-13T09:03:02+00:00,auth-api-7f8d1,auth-api,0,218.54,0.4268,0,
auth-api-7f8d1_183,2026-07-13T09:03:03+00:00,auth-api-7f8d1,auth-api,0,204.63,0.3997,0,
auth-api-7f8d1_184,2026-07-13T09:03:04+00:00,auth-api-7f8d1,auth-api,0,211.2,0.4125,0,
auth-api-7f8d1_185,2026-07-13T09:03:05+00:00,auth-api-7f8d1,auth-api,0,215.6,0.4211,0,
auth-api-7f8d1_186,2026-07-13T09:03:06+00:00,auth-api-7f8d1,auth-api,0,205.75,0.4019,0,
auth-api-7f8d1_187,2026-07-13T09:03:07+00:00,auth-api-7f8d1,auth-api,0,211.98,0.414,0,
auth-api-7f8d1_188,2026-07-13T09:03:08+00:00,auth-api-7f8d1,auth-api,0,214.84,0.4196,0,
auth-api-7f8d1_189,2026-07-13T09:03:09+00:00,auth-api-7f8d1,auth-api,0,215.06,0.42,0,
auth-api-7f8d1_190,2026-07-13T09:03:10+00:00,auth-api-7f8d1,auth-api,0,209.61,0.4094,0,
auth-api-7f8d1_191,2026-07-13T09:03:11+00:00,auth-api-7f8d1,auth-api,0,212.38,0.4148,0,
auth-api-7f8d1_192,2026-07-13T09:03:12+00:00,auth-api-7f8d1,auth-api,0,223.34,0.4362,0,
auth-api-7f8d1_193,2026-07-13T09:03:13+00:00,auth-api-7f8d1,auth-api,0,214.06,0.4181,0,
auth-api-7f8d1_194,2026-07-13T09:03:14+00:00,auth-api-7f8d1,auth-api,0,215.92,0.4217,0,
auth-api-7f8d1_195,2026-07-13T09:03:15+00:00,auth-api-7f8d1,auth-api,0,207.61,0.4055,0,
auth-api-7f8d1_196,2026-07-13T09:03:16+00:00,auth-api-7f8d1,auth-api,0,208.8,0.4078,0,
auth-api-7f8d1_197,2026-07-13T09:03:17+00:00,auth-api-7f8d1,auth-api,0,195.08,0.381,0,
auth-api-7f8d1_198,2026-07-13T09:03:18+00:00,auth-api-7f8d1,auth-api,0,209.52,0.4092,0,
auth-api-7f8d1_199,2026-07-13T09:03:19+00:00,auth-api-7f8d1,auth-api,0,197.4,0.3855,0,
auth-api-7f8d1_200,2026-07-13T09:03:20+00:00,auth-api-7f8d1,auth-api,0,205.11,0.4006,0,
auth-api-7f8d1_201,2026-07-13T09:03:21+00:00,auth-api-7f8d1,auth-api,0,209.81,0.4098,0,
auth-api-7f8d1_202,2026-07-13T09:03:22+00:00,auth-api-7f8d1,auth-api,0,209.79,0.4097,0,
auth-api-7f8d1_203,2026-07-13T09:03:23+00:00,auth-api-7f8d1,auth-api,0,217.64,0.4251,0,
auth-api-7f8d1_204,2026-07-13T09:03:24+00:00,auth-api-7f8d1,auth-api,0,200.66,0.3919,0,
auth-api-7f8d1_205,2026-07-13T09:03:25+00:00,auth-api-7f8d1,auth-api,0,214.07,0.4181,0,
auth-api-7f8d1_206,2026-07-13T09:03:26+00:00,auth-api-7f8d1,auth-api,0,216.7,0.4232,0,
auth-api-7f8d1_207,2026-07-13T09:03:27+00:00,auth-api-7f8d1,auth-api,0,202.79,0.3961,0,
auth-api-7f8d1_208,2026-07-13T09:03:28+00:00,auth-api-7f8d1,auth-api,0,216.51,0.4229,0,
auth-api-7f8d1_209,2026-07-13T09:03:29+00:00,auth-api-7f8d1,auth-api,0,197.03,0.3848,0,
auth-api-7f8d1_210,2026-07-13T09:03:30+00:00,auth-api-7f8d1,auth-api,0,211.74,0.4136,0,
auth-api-7f8d1_211,2026-07-13T09:03:31+00:00,auth-api-7f8d1,auth-api,0,222.93,0.4354,0,
auth-api-7f8d1_212,2026-07-13T09:03:32+00:00,auth-api-7f8d1,auth-api,0,202.98,0.3964,0,
auth-api-7f8d1_213,2026-07-13T09:03:33+00:00,auth-api-7f8d1,auth-api,0,218.43,0.4266,0,
auth-api-7f8d1_214,2026-07-13T09:03:34+00:00,auth-api-7f8d1,auth-api,0,211.18,0.4125,0,
auth-api-7f8d1_215,2026-07-13T09:03:35+00:00,auth-api-7f8d1,auth-api,0,206.81,0.4039,0,
auth-api-7f8d1_216,2026-07-13T09:03:36+00:00,auth-api-7f8d1,auth-api,0,217.99,0.4258,0,
auth-api-7f8d1_217,2026-07-13T09:03:37+00:00,auth-api-7f8d1,auth-api,0,205.41,0.4012,0,
auth-api-7f8d1_218,2026-07-13T09:03:38+00:00,auth-api-7f8d1,auth-api,0,207.54,0.4054,0,
auth-api-7f8d1_219,2026-07-13T09:03:39+00:00,auth-api-7f8d1,auth-api,0,202.05,0.3946,0,
auth-api-7f8d1_220,2026-07-13T09:03:40+00:00,auth-api-7f8d1,auth-api,0,208.4,0.407,0,
auth-api-7f8d1_221,2026-07-13T09:03:41+00:00,auth-api-7f8d1,auth-api,0,221.72,0.433,0,
auth-api-7f8d1_222,2026-07-13T09:03:42+00:00,auth-api-7f8d1,auth-api,0,209.95,0.4101,0,
auth-api-7f8d1_223,2026-07-13T09:03:43+00:00,auth-api-7f8d1,auth-api,0,206.2,0.4027,0,
auth-api-7f8d1_224,2026-07-13T09:03:44+00:00,auth-api-7f8d1,auth-api,0,209.61,0.4094,0,
auth-api-7f8d1_225,2026-07-13T09:03:45+00:00,auth-api-7f8d1,auth-api,0,206.88,0.4041,0,
auth-api-7f8d1_226,2026-07-13T09:03:46+00:00,auth-api-7f8d1,auth-api,0,219.27,0.4283,0,
auth-api-7f8d1_227,2026-07-13T09:03:47+00:00,auth-api-7f8d1,auth-api,0,218.5,0.4268,0,
auth-api-7f8d1_228,2026-07-13T09:03:48+00:00,auth-api-7f8d1,auth-api,0,209.02,0.4082,0,
auth-api-7f8d1_229,2026-07-13T09:03:49+00:00,auth-api-7f8d1,auth-api,0,218.16,0.4261,0,
auth-api-7f8d1_230,2026-07-13T09:03:50+00:00,auth-api-7f8d1,auth-api,0,209.04,0.4083,0,
auth-api-7f8d1_231,2026-07-13T09:03:51+00:00,auth-api-7f8d1,auth-api,0,207.11,0.4045,0,
auth-api-7f8d1_232,2026-07-13T09:03:52+00:00,auth-api-7f8d1,auth-api,0,219.05,0.4278,0,
auth-api-7f8d1_233,2026-07-13T09:03:53+00:00,auth-api-7f8d1,auth-api,0,210.33,0.4108,0,
auth-api-7f8d1_234,2026-07-13T09:03:54+00:00,auth-api-7f8d1,auth-api,0,214.41,0.4188,0,
auth-api-7f8d1_235,2026-07-13T09:03:55+00:00,auth-api-7f8d1,auth-api,0,208.65,0.4075,0,
auth-api-7f8d1_236,2026-07-13T09:03:56+00:00,auth-api-7f8d1,auth-api,0,215.61,0.4211,0,
auth-api-7f8d1_237,2026-07-13T09:03:57+00:00,auth-api-7f8d1,auth-api,0,201.4,0.3934,0,
auth-api-7f8d1_238,2026-07-13T09:03:58+00:00,auth-api-7f8d1,auth-api,0,214.35,0.4187,0,
auth-api-7f8d1_239,2026-07-13T09:03:59+00:00,auth-api-7f8d1,auth-api,0,216.05,0.422,0,
auth-api-7f8d1_240,2026-07-13T09:04:00+00:00,auth-api-7f8d1,auth-api,0,216.65,0.4231,0,
auth-api-7f8d1_241,2026-07-13T09:04:01+00:00,auth-api-7f8d1,auth-api,0,209.24,0.4087,0,
auth-api-7f8d1_242,2026-07-13T09:04:02+00:00,auth-api-7f8d1,auth-api,0,217.06,0.4239,0,
auth-api-7f8d1_243,2026-07-13T09:04:03+00:00,auth-api-7f8d1,auth-api,0,211.05,0.4122,0,
auth-api-7f8d1_244,2026-07-13T09:04:04+00:00,auth-api-7f8d1,auth-api,0,203.02,0.3965,0,
auth-api-7f8d1_245,2026-07-13T09:04:05+00:00,auth-api-7f8d1,auth-api,0,212.57,0.4152,0,
auth-api-7f8d1_246,2026-07-13T09:04:06+00:00,auth-api-7f8d1,auth-api,0,184.4,0.3602,0,
auth-api-7f8d1_247,2026-07-13T09:04:07+00:00,auth-api-7f8d1,auth-api,0,228.66,0.4466,0,
auth-api-7f8d1_248,2026-07-13T09:04:08+00:00,auth-api-7f8d1,auth-api,0,200.56,0.3917,0,
auth-api-7f8d1_249,2026-07-13T09:04:09+00:00,auth-api-7f8d1,auth-api,0,210.31,0.4108,0,
auth-api-7f8d1_250,2026-07-13T09:04:10+00:00,auth-api-7f8d1,auth-api,0,216.17,0.4222,0,
auth-api-7f8d1_251,2026-07-13T09:04:11+00:00,auth-api-7f8d1,auth-api,0,206.86,0.404,0,
auth-api-7f8d1_252,2026-07-13T09:04:12+00:00,auth-api-7f8d1,auth-api,0,212.01,0.4141,0,
auth-api-7f8d1_253,2026-07-13T09:04:13+00:00,auth-api-7f8d1,auth-api,0,209.61,0.4094,0,
auth-api-7f8d1_254,2026-07-13T09:04:14+00:00,auth-api-7f8d1,auth-api,0,189.35,0.3698,0,
auth-api-7f8d1_255,2026-07-13T09:04:15+00:00,auth-api-7f8d1,auth-api,0,207.16,0.4046,0,
auth-api-7f8d1_256,2026-07-13T09:04:16+00:00,auth-api-7f8d1,auth-api,0,211.04,0.4122,0,
auth-api-7f8d1_257,2026-07-13T09:04:17+00:00,auth-api-7f8d1,auth-api,0,215.68,0.4213,0,
auth-api-7f8d1_258,2026-07-13T09:04:18+00:00,auth-api-7f8d1,auth-api,0,216.22,0.4223,0,
auth-api-7f8d1_259,2026-07-13T09:04:19+00:00,auth-api-7f8d1,auth-api,0,198.31,0.3873,0,
auth-api-7f8d1_260,2026-07-13T09:04:20+00:00,auth-api-7f8d1,auth-api,0,213.36,0.4167,0,
auth-api-7f8d1_261,2026-07-13T09:04:21+00:00,auth-api-7f8d1,auth-api,0,199.21,0.3891,0,
auth-api-7f8d1_262,2026-07-13T09:04:22+00:00,auth-api-7f8d1,auth-api,0,204.06,0.3986,0,
auth-api-7f8d1_263,2026-07-13T09:04:23+00:00,auth-api-7f8d1,auth-api,0,205.46,0.4013,0,
auth-api-7f8d1_264,2026-07-13T09:04:24+00:00,auth-api-7f8d1,auth-api,0,207.51,0.4053,0,
auth-api-7f8d1_265,2026-07-13T09:04:25+00:00,auth-api-7f8d1,auth-api,0,212.84,0.4157,0,
auth-api-7f8d1_266,2026-07-13T09:04:26+00:00,auth-api-7f8d1,auth-api,0,209.15,0.4085,0,
auth-api-7f8d1_267,2026-07-13T09:04:27+00:00,auth-api-7f8d1,auth-api,0,207.13,0.4046,0,
auth-api-7f8d1_268,2026-07-13T09:04:28+00:00,auth-api-7f8d1,auth-api,0,204.69,0.3998,0,
auth-api-7f8d1_269,2026-07-13T09:04:29+00:00,auth-api-7f8d1,auth-api,0,218.49,0.4267,0,
auth-api-7f8d1_270,2026-07-13T09:04:30+00:00,auth-api-7f8d1,auth-api,0,222.0,0.4336,0,
auth-api-7f8d1_271,2026-07-13T09:04:31+00:00,auth-api-7f8d1,auth-api,0,202.5,0.3955,0,
auth-api-7f8d1_272,2026-07-13T09:04:32+00:00,auth-api-7f8d1,auth-api,0,220.19,0.4301,0,
auth-api-7f8d1_273,2026-07-13T09:04:33+00:00,auth-api-7f8d1,auth-api,0,207.5,0.4053,0,
auth-api-7f8d1_274,2026-07-13T09:04:34+00:00,auth-api-7f8d1,auth-api,0,211.82,0.4137,0,
auth-api-7f8d1_275,2026-07-13T09:04:35+00:00,auth-api-7f8d1,auth-api,0,205.57,0.4015,0,
auth-api-7f8d1_276,2026-07-13T09:04:36+00:00,auth-api-7f8d1,auth-api,0,203.41,0.3973,0,
auth-api-7f8d1_277,2026-07-13T09:04:37+00:00,auth-api-7f8d1,auth-api,0,193.35,0.3776,0,
auth-api-7f8d1_278,2026-07-13T09:04:38+00:00,auth-api-7f8d1,auth-api,0,211.34,0.4128,0,
auth-api-7f8d1_279,2026-07-13T09:04:39+00:00,auth-api-7f8d1,auth-api,0,205.6,0.4016,0,
auth-api-7f8d1_280,2026-07-13T09:04:40+00:00,auth-api-7f8d1,auth-api,0,212.59,0.4152,0,
auth-api-7f8d1_281,2026-07-13T09:04:41+00:00,auth-api-7f8d1,auth-api,0,210.08,0.4103,0,
auth-api-7f8d1_282,2026-07-13T09:04:42+00:00,auth-api-7f8d1,auth-api,0,209.47,0.4091,0,
auth-api-7f8d1_283,2026-07-13T09:04:43+00:00,auth-api-7f8d1,auth-api,0,224.61,0.4387,0,
auth-api-7f8d1_284,2026-07-13T09:04:44+00:00,auth-api-7f8d1,auth-api,0,231.76,0.4527,0,
auth-api-7f8d1_285,2026-07-13T09:04:45+00:00,auth-api-7f8d1,auth-api,0,206.37,0.4031,0,
auth-api-7f8d1_286,2026-07-13T09:04:46+00:00,auth-api-7f8d1,auth-api,0,214.11,0.4182,0,
auth-api-7f8d1_287,2026-07-13T09:04:47+00:00,auth-api-7f8d1,auth-api,0,198.69,0.3881,0,
auth-api-7f8d1_288,2026-07-13T09:04:48+00:00,auth-api-7f8d1,auth-api,0,206.86,0.404,0,
auth-api-7f8d1_289,2026-07-13T09:04:49+00:00,auth-api-7f8d1,auth-api,0,209.59,0.4094,0,
auth-api-7f8d1_290,2026-07-13T09:04:50+00:00,auth-api-7f8d1,auth-api,0,209.16,0.4085,0,
auth-api-7f8d1_291,2026-07-13T09:04:51+00:00,auth-api-7f8d1,auth-api,0,219.66,0.429,0,
auth-api-7f8d1_292,2026-07-13T09:04:52+00:00,auth-api-7f8d1,auth-api,0,204.28,0.399,0,
auth-api-7f8d1_293,2026-07-13T09:04:53+00:00,auth-api-7f8d1,auth-api,0,221.37,0.4324,0,
auth-api-7f8d1_294,2026-07-13T09:04:54+00:00,auth-api-7f8d1,auth-api,0,206.73,0.4038,0,
auth-api-7f8d1_295,2026-07-13T09:04:55+00:00,auth-api-7f8d1,auth-api,0,226.41,0.4422,0,
auth-api-7f8d1_296,2026-07-13T09:04:56+00:00,auth-api-7f8d1,auth-api,0,213.98,0.4179,0,
auth-api-7f8d1_297,2026-07-13T09:04:57+00:00,auth-api-7f8d1,auth-api,0,220.91,0.4315,0,
auth-api-7f8d1_298,2026-07-13T09:04:58+00:00,auth-api-7f8d1,auth-api,0,217.13,0.4241,0,
auth-api-7f8d1_299,2026-07-13T09:04:59+00:00,auth-api-7f8d1,auth-api,0,211.18,0.4125,0,
auth-api-7f8d1_300,2026-07-13T09:05:00+00:00,auth-api-7f8d1,auth-api,0,210.63,0.4114,0,
auth-api-7f8d1_301,2026-07-13T09:05:01+00:00,auth-api-7f8d1,auth-api,0,203.17,0.3968,0,
auth-api-7f8d1_302,2026-07-13T09:05:02+00:00,auth-api-7f8d1,auth-api,0,206.05,0.4024,0,
auth-api-7f8d1_303,2026-07-13T09:05:03+00:00,auth-api-7f8d1,auth-api,0,210.27,0.4107,0,
auth-api-7f8d1_304,2026-07-13T09:05:04+00:00,auth-api-7f8d1,auth-api,0,200.78,0.3921,0,
auth-api-7f8d1_305,2026-07-13T09:05:05+00:00,auth-api-7f8d1,auth-api,0,217.13,0.4241,0,
auth-api-7f8d1_306,2026-07-13T09:05:06+00:00,auth-api-7f8d1,auth-api,0,210.5,0.4111,0,
auth-api-7f8d1_307,2026-07-13T09:05:07+00:00,auth-api-7f8d1,auth-api,0,193.57,0.3781,0,
auth-api-7f8d1_308,2026-07-13T09:05:08+00:00,auth-api-7f8d1,auth-api,0,215.56,0.421,0,
auth-api-7f8d1_309,2026-07-13T09:05:09+00:00,auth-api-7f8d1,auth-api,0,219.33,0.4284,0,
auth-api-7f8d1_310,2026-07-13T09:05:10+00:00,auth-api-7f8d1,auth-api,0,207.33,0.4049,0,
auth-api-7f8d1_311,2026-07-13T09:05:11+00:00,auth-api-7f8d1,auth-api,0,209.03,0.4083,0,
auth-api-7f8d1_312,2026-07-13T09:05:12+00:00,auth-api-7f8d1,auth-api,0,220.21,0.4301,0,
auth-api-7f8d1_313,2026-07-13T09:05:13+00:00,auth-api-7f8d1,auth-api,0,206.09,0.4025,0,
auth-api-7f8d1_314,2026-07-13T09:05:14+00:00,auth-api-7f8d1,auth-api,0,216.9,0.4236,0,
auth-api-7f8d1_315,2026-07-13T09:05:15+00:00,auth-api-7f8d1,auth-api,0,207.11,0.4045,0,
auth-api-7f8d1_316,2026-07-13T09:05:16+00:00,auth-api-7f8d1,auth-api,0,204.2,0.3988,0,
auth-api-7f8d1_317,2026-07-13T09:05:17+00:00,auth-api-7f8d1,auth-api,0,194.94,0.3807,0,
auth-api-7f8d1_318,2026-07-13T09:05:18+00:00,auth-api-7f8d1,auth-api,0,211.73,0.4135,0,
auth-api-7f8d1_319,2026-07-13T09:05:19+00:00,auth-api-7f8d1,auth-api,0,193.75,0.3784,0,
auth-api-7f8d1_320,2026-07-13T09:05:20+00:00,auth-api-7f8d1,auth-api,0,203.32,0.3971,0,
auth-api-7f8d1_321,2026-07-13T09:05:21+00:00,auth-api-7f8d1,auth-api,0,198.16,0.387,0,
auth-api-7f8d1_322,2026-07-13T09:05:22+00:00,auth-api-7f8d1,auth-api,0,217.79,0.4254,0,
auth-api-7f8d1_323,2026-07-13T09:05:23+00:00,auth-api-7f8d1,auth-api,0,208.29,0.4068,0,
auth-api-7f8d1_324,2026-07-13T09:05:24+00:00,auth-api-7f8d1,auth-api,0,212.87,0.4158,0,
auth-api-7f8d1_325,2026-07-13T09:05:25+00:00,auth-api-7f8d1,auth-api,0,217.65,0.4251,0,
auth-api-7f8d1_326,2026-07-13T09:05:26+00:00,auth-api-7f8d1,auth-api,0,210.47,0.4111,0,
auth-api-7f8d1_327,2026-07-13T09:05:27+00:00,auth-api-7f8d1,auth-api,0,206.66,0.4036,0,
auth-api-7f8d1_328,2026-07-13T09:05:28+00:00,auth-api-7f8d1,auth-api,0,192.86,0.3767,0,
auth-api-7f8d1_329,2026-07-13T09:05:29+00:00,auth-api-7f8d1,auth-api,0,213.68,0.4173,0,
auth-api-7f8d1_330,2026-07-13T09:05:30+00:00,auth-api-7f8d1,auth-api,0,215.62,0.4211,0,
auth-api-7f8d1_331,2026-07-13T09:05:31+00:00,auth-api-7f8d1,auth-api,0,213.5,0.417,0,
auth-api-7f8d1_332,2026-07-13T09:05:32+00:00,auth-api-7f8d1,auth-api,0,222.57,0.4347,0,
auth-api-7f8d1_333,2026-07-13T09:05:33+00:00,auth-api-7f8d1,auth-api,0,215.41,0.4207,0,
auth-api-7f8d1_334,2026-07-13T09:05:34+00:00,auth-api-7f8d1,auth-api,0,209.93,0.41,0,
auth-api-7f8d1_335,2026-07-13T09:05:35+00:00,auth-api-7f8d1,auth-api,0,226.64,0.4427,0,
auth-api-7f8d1_336,2026-07-13T09:05:36+00:00,auth-api-7f8d1,auth-api,0,211.59,0.4133,0,
auth-api-7f8d1_337,2026-07-13T09:05:37+00:00,auth-api-7f8d1,auth-api,0,215.75,0.4214,0,
auth-api-7f8d1_338,2026-07-13T09:05:38+00:00,auth-api-7f8d1,auth-api,0,214.83,0.4196,0,
auth-api-7f8d1_339,2026-07-13T09:05:39+00:00,auth-api-7f8d1,auth-api,0,215.06,0.42,0,
auth-api-7f8d1_340,2026-07-13T09:05:40+00:00,auth-api-7f8d1,auth-api,0,206.05,0.4024,0,
auth-api-7f8d1_341,2026-07-13T09:05:41+00:00,auth-api-7f8d1,auth-api,0,211.13,0.4124,0,
auth-api-7f8d1_342,2026-07-13T09:05:42+00:00,auth-api-7f8d1,auth-api,0,206.37,0.4031,0,
auth-api-7f8d1_343,2026-07-13T09:05:43+00:00,auth-api-7f8d1,auth-api,0,206.16,0.4027,0,
auth-api-7f8d1_344,2026-07-13T09:05:44+00:00,auth-api-7f8d1,auth-api,0,209.33,0.4088,0,
auth-api-7f8d1_345,2026-07-13T09:05:45+00:00,auth-api-7f8d1,auth-api,0,213.89,0.4178,0,
auth-api-7f8d1_346,2026-07-13T09:05:46+00:00,auth-api-7f8d1,auth-api,0,216.77,0.4234,0,
auth-api-7f8d1_347,2026-07-13T09:05:47+00:00,auth-api-7f8d1,auth-api,0,207.5,0.4053,0,
auth-api-7f8d1_348,2026-07-13T09:05:48+00:00,auth-api-7f8d1,auth-api,0,199.67,0.39,0,
auth-api-7f8d1_349,2026-07-13T09:05:49+00:00,auth-api-7f8d1,auth-api,0,216.8,0.4234,0,
auth-api-7f8d1_350,2026-07-13T09:05:50+00:00,auth-api-7f8d1,auth-api,0,199.96,0.3905,0,
auth-api-7f8d1_351,2026-07-13T09:05:51+00:00,auth-api-7f8d1,auth-api,0,210.8,0.4117,0,
auth-api-7f8d1_352,2026-07-13T09:05:52+00:00,auth-api-7f8d1,auth-api,0,195.1,0.3811,0,
auth-api-7f8d1_353,2026-07-13T09:05:53+00:00,auth-api-7f8d1,auth-api,0,223.72,0.437,0,
auth-api-7f8d1_354,2026-07-13T09:05:54+00:00,auth-api-7f8d1,auth-api,0,221.74,0.4331,0,
auth-api-7f8d1_355,2026-07-13T09:05:55+00:00,auth-api-7f8d1,auth-api,0,224.34,0.4382,0,
auth-api-7f8d1_356,2026-07-13T09:05:56+00:00,auth-api-7f8d1,auth-api,0,213.11,0.4162,0,
auth-api-7f8d1_357,2026-07-13T09:05:57+00:00,auth-api-7f8d1,auth-api,0,235.47,0.4599,0,
auth-api-7f8d1_358,2026-07-13T09:05:58+00:00,auth-api-7f8d1,auth-api,0,215.86,0.4216,0,
auth-api-7f8d1_359,2026-07-13T09:05:59+00:00,auth-api-7f8d1,auth-api,0,205.11,0.4006,0,
auth-api-7f8d1_360,2026-07-13T09:06:00+00:00,auth-api-7f8d1,auth-api,0,206.17,0.4027,0,
auth-api-7f8d1_361,2026-07-13T09:06:01+00:00,auth-api-7f8d1,auth-api,0,214.03,0.418,0,
auth-api-7f8d1_362,2026-07-13T09:06:02+00:00,auth-api-7f8d1,auth-api,0,212.84,0.4157,0,
auth-api-7f8d1_363,2026-07-13T09:06:03+00:00,auth-api-7f8d1,auth-api,0,210.68,0.4115,0,
auth-api-7f8d1_364,2026-07-13T09:06:04+00:00,auth-api-7f8d1,auth-api,0,201.55,0.3937,0,
auth-api-7f8d1_365,2026-07-13T09:06:05+00:00,auth-api-7f8d1,auth-api,0,213.25,0.4165,0,
auth-api-7f8d1_366,2026-07-13T09:06:06+00:00,auth-api-7f8d1,auth-api,0,208.46,0.4071,0,
auth-api-7f8d1_367,2026-07-13T09:06:07+00:00,auth-api-7f8d1,auth-api,0,206.83,0.404,0,
auth-api-7f8d1_368,2026-07-13T09:06:08+00:00,auth-api-7f8d1,auth-api,0,215.11,0.4201,0,
auth-api-7f8d1_369,2026-07-13T09:06:09+00:00,auth-api-7f8d1,auth-api,0,204.42,0.3993,0,
auth-api-7f8d1_370,2026-07-13T09:06:10+00:00,auth-api-7f8d1,auth-api,0,211.7,0.4135,0,
auth-api-7f8d1_371,2026-07-13T09:06:11+00:00,auth-api-7f8d1,auth-api,0,207.64,0.4055,0,
auth-api-7f8d1_372,2026-07-13T09:06:12+00:00,auth-api-7f8d1,auth-api,0,217.41,0.4246,0,
auth-api-7f8d1_373,2026-07-13T09:06:13+00:00,auth-api-7f8d1,auth-api,0,194.96,0.3808,0,
auth-api-7f8d1_374,2026-07-13T09:06:14+00:00,auth-api-7f8d1,auth-api,0,209.36,0.4089,0,
auth-api-7f8d1_375,2026-07-13T09:06:15+00:00,auth-api-7f8d1,auth-api,0,205.53,0.4014,0,
auth-api-7f8d1_376,2026-07-13T09:06:16+00:00,auth-api-7f8d1,auth-api,0,206.86,0.404,0,
auth-api-7f8d1_377,2026-07-13T09:06:17+00:00,auth-api-7f8d1,auth-api,0,217.73,0.4253,0,
auth-api-7f8d1_378,2026-07-13T09:06:18+00:00,auth-api-7f8d1,auth-api,0,199.69,0.39,0,
auth-api-7f8d1_379,2026-07-13T09:06:19+00:00,auth-api-7f8d1,auth-api,0,203.17,0.3968,0,
auth-api-7f8d1_380,2026-07-13T09:06:20+00:00,auth-api-7f8d1,auth-api,0,210.38,0.4109,0,
auth-api-7f8d1_381,2026-07-13T09:06:21+00:00,auth-api-7f8d1,auth-api,0,220.11,0.4299,0,
auth-api-7f8d1_382,2026-07-13T09:06:22+00:00,auth-api-7f8d1,auth-api,0,212.82,0.4157,0,
auth-api-7f8d1_383,2026-07-13T09:06:23+00:00,auth-api-7f8d1,auth-api,0,203.86,0.3982,0,
auth-api-7f8d1_384,2026-07-13T09:06:24+00:00,auth-api-7f8d1,auth-api,0,198.68,0.388,0,
auth-api-7f8d1_385,2026-07-13T09:06:25+00:00,auth-api-7f8d1,auth-api,0,216.51,0.4229,0,
auth-api-7f8d1_386,2026-07-13T09:06:26+00:00,auth-api-7f8d1,auth-api,0,205.63,0.4016,0,
auth-api-7f8d1_387,2026-07-13T09:06:27+00:00,auth-api-7f8d1,auth-api,0,192.62,0.3762,0,
auth-api-7f8d1_388,2026-07-13T09:06:28+00:00,auth-api-7f8d1,auth-api,0,206.66,0.4036,0,
auth-api-7f8d1_389,2026-07-13T09:06:29+00:00,auth-api-7f8d1,auth-api,0,217.51,0.4248,0,
auth-api-7f8d1_390,2026-07-13T09:06:30+00:00,auth-api-7f8d1,auth-api,0,198.42,0.3875,0,
auth-api-7f8d1_391,2026-07-13T09:06:31+00:00,auth-api-7f8d1,auth-api,0,200.2,0.391,0,
auth-api-7f8d1_392,2026-07-13T09:06:32+00:00,auth-api-7f8d1,auth-api,0,207.57,0.4054,0,
auth-api-7f8d1_393,2026-07-13T09:06:33+00:00,auth-api-7f8d1,auth-api,0,206.16,0.4027,0,
auth-api-7f8d1_394,2026-07-13T09:06:34+00:00,auth-api-7f8d1,auth-api,0,220.47,0.4306,0,
auth-api-7f8d1_395,2026-07-13T09:06:35+00:00,auth-api-7f8d1,auth-api,0,217.02,0.4239,0,
auth-api-7f8d1_396,2026-07-13T09:06:36+00:00,auth-api-7f8d1,auth-api,0,207.94,0.4061,0,
auth-api-7f8d1_397,2026-07-13T09:06:37+00:00,auth-api-7f8d1,auth-api,0,206.32,0.403,0,
auth-api-7f8d1_398,2026-07-13T09:06:38+00:00,auth-api-7f8d1,auth-api,0,214.93,0.4198,0,
auth-api-7f8d1_399,2026-07-13T09:06:39+00:00,auth-api-7f8d1,auth-api,0,219.31,0.4283,0,
auth-api-7f8d1_400,2026-07-13T09:06:40+00:00,auth-api-7f8d1,auth-api,0,206.18,0.4027,0,
auth-api-7f8d1_401,2026-07-13T09:06:41+00:00,auth-api-7f8d1,auth-api,0,208.77,0.4078,0,
auth-api-7f8d1_402,2026-07-13T09:06:42+00:00,auth-api-7f8d1,auth-api,0,205.72,0.4018,0,
auth-api-7f8d1_403,2026-07-13T09:06:43+00:00,auth-api-7f8d1,auth-api,0,199.06,0.3888,0,
auth-api-7f8d1_404,2026-07-13T09:06:44+00:00,auth-api-7f8d1,auth-api,0,217.14,0.4241,0,
auth-api-7f8d1_405,2026-07-13T09:06:45+00:00,auth-api-7f8d1,auth-api,0,204.43,0.3993,0,
auth-api-7f8d1_406,2026-07-13T09:06:46+00:00,auth-api-7f8d1,auth-api,0,201.67,0.3939,0,
auth-api-7f8d1_407,2026-07-13T09:06:47+00:00,auth-api-7f8d1,auth-api,0,212.16,0.4144,0,
auth-api-7f8d1_408,2026-07-13T09:06:48+00:00,auth-api-7f8d1,auth-api,0,202.38,0.3953,0,
auth-api-7f8d1_409,2026-07-13T09:06:49+00:00,auth-api-7f8d1,auth-api,0,206.47,0.4033,0,
auth-api-7f8d1_410,2026-07-13T09:06:50+00:00,auth-api-7f8d1,auth-api,0,215.71,0.4213,0,
auth-api-7f8d1_411,2026-07-13T09:06:51+00:00,auth-api-7f8d1,auth-api,0,212.9,0.4158,0,
auth-api-7f8d1_412,2026-07-13T09:06:52+00:00,auth-api-7f8d1,auth-api,0,189.21,0.3696,0,
auth-api-7f8d1_413,2026-07-13T09:06:53+00:00,auth-api-7f8d1,auth-api,0,205.48,0.4013,0,
auth-api-7f8d1_414,2026-07-13T09:06:54+00:00,auth-api-7f8d1,auth-api,0,212.94,0.4159,0,
auth-api-7f8d1_415,2026-07-13T09:06:55+00:00,auth-api-7f8d1,auth-api,0,194.01,0.3789,0,
auth-api-7f8d1_416,2026-07-13T09:06:56+00:00,auth-api-7f8d1,auth-api,0,207.48,0.4052,0,
auth-api-7f8d1_417,2026-07-13T09:06:57+00:00,auth-api-7f8d1,auth-api,0,204.88,0.4002,0,
auth-api-7f8d1_418,2026-07-13T09:06:58+00:00,auth-api-7f8d1,auth-api,0,200.48,0.3916,0,
auth-api-7f8d1_419,2026-07-13T09:06:59+00:00,auth-api-7f8d1,auth-api,0,210.24,0.4106,0,
auth-api-7f8d1_420,2026-07-13T09:07:00+00:00,auth-api-7f8d1,auth-api,0,222.5,0.4346,0,
auth-api-7f8d1_421,2026-07-13T09:07:01+00:00,auth-api-7f8d1,auth-api,0,211.87,0.4138,0,
auth-api-7f8d1_422,2026-07-13T09:07:02+00:00,auth-api-7f8d1,auth-api,0,200.28,0.3912,0,
auth-api-7f8d1_423,2026-07-13T09:07:03+00:00,auth-api-7f8d1,auth-api,0,213.8,0.4176,0,
auth-api-7f8d1_424,2026-07-13T09:07:04+00:00,auth-api-7f8d1,auth-api,0,215.85,0.4216,0,
auth-api-7f8d1_425,2026-07-13T09:07:05+00:00,auth-api-7f8d1,auth-api,0,219.71,0.4291,0,
auth-api-7f8d1_426,2026-07-13T09:07:06+00:00,auth-api-7f8d1,auth-api,0,211.68,0.4134,0,
auth-api-7f8d1_427,2026-07-13T09:07:07+00:00,auth-api-7f8d1,auth-api,0,189.28,0.3697,0,
auth-api-7f8d1_428,2026-07-13T09:07:08+00:00,auth-api-7f8d1,auth-api,0,207.94,0.4061,0,
auth-api-7f8d1_429,2026-07-13T09:07:09+00:00,auth-api-7f8d1,auth-api,0,209.01,0.4082,0,
auth-api-7f8d1_430,2026-07-13T09:07:10+00:00,auth-api-7f8d1,auth-api,0,211.26,0.4126,0,
auth-api-7f8d1_431,2026-07-13T09:07:11+00:00,auth-api-7f8d1,auth-api,0,212.09,0.4142,0,
auth-api-7f8d1_432,2026-07-13T09:07:12+00:00,auth-api-7f8d1,auth-api,0,203.42,0.3973,0,
auth-api-7f8d1_433,2026-07-13T09:07:13+00:00,auth-api-7f8d1,auth-api,0,203.87,0.3982,0,
auth-api-7f8d1_434,2026-07-13T09:07:14+00:00,auth-api-7f8d1,auth-api,0,195.71,0.3822,0,
auth-api-7f8d1_435,2026-07-13T09:07:15+00:00,auth-api-7f8d1,auth-api,0,214.31,0.4186,0,
auth-api-7f8d1_436,2026-07-13T09:07:16+00:00,auth-api-7f8d1,auth-api,0,214.77,0.4195,0,
auth-api-7f8d1_437,2026-07-13T09:07:17+00:00,auth-api-7f8d1,auth-api,0,227.71,0.4447,0,
auth-api-7f8d1_438,2026-07-13T09:07:18+00:00,auth-api-7f8d1,auth-api,0,224.75,0.439,0,
auth-api-7f8d1_439,2026-07-13T09:07:19+00:00,auth-api-7f8d1,auth-api,0,210.66,0.4114,0,
auth-api-7f8d1_440,2026-07-13T09:07:20+00:00,auth-api-7f8d1,auth-api,0,214.63,0.4192,0,
auth-api-7f8d1_441,2026-07-13T09:07:21+00:00,auth-api-7f8d1,auth-api,0,212.07,0.4142,0,
auth-api-7f8d1_442,2026-07-13T09:07:22+00:00,auth-api-7f8d1,auth-api,0,207.79,0.4058,0,
auth-api-7f8d1_443,2026-07-13T09:07:23+00:00,auth-api-7f8d1,auth-api,0,197.48,0.3857,0,
auth-api-7f8d1_444,2026-07-13T09:07:24+00:00,auth-api-7f8d1,auth-api,0,209.7,0.4096,0,
auth-api-7f8d1_445,2026-07-13T09:07:25+00:00,auth-api-7f8d1,auth-api,0,213.29,0.4166,0,
auth-api-7f8d1_446,2026-07-13T09:07:26+00:00,auth-api-7f8d1,auth-api,0,200.59,0.3918,0,
auth-api-7f8d1_447,2026-07-13T09:07:27+00:00,auth-api-7f8d1,auth-api,0,214.71,0.4194,0,
auth-api-7f8d1_448,2026-07-13T09:07:28+00:00,auth-api-7f8d1,auth-api,0,218.67,0.4271,0,
auth-api-7f8d1_449,2026-07-13T09:07:29+00:00,auth-api-7f8d1,auth-api,0,209.85,0.4099,0,
auth-api-7f8d1_450,2026-07-13T09:07:30+00:00,auth-api-7f8d1,auth-api,0,214.13,0.4182,0,
auth-api-7f8d1_451,2026-07-13T09:07:31+00:00,auth-api-7f8d1,auth-api,0,218.16,0.4261,0,
auth-api-7f8d1_452,2026-07-13T09:07:32+00:00,auth-api-7f8d1,auth-api,0,215.81,0.4215,0,
auth-api-7f8d1_453,2026-07-13T09:07:33+00:00,auth-api-7f8d1,auth-api,0,223.62,0.4368,0,
auth-api-7f8d1_454,2026-07-13T09:07:34+00:00,auth-api-7f8d1,auth-api,0,218.6,0.427,0,
auth-api-7f8d1_455,2026-07-13T09:07:35+00:00,auth-api-7f8d1,auth-api,0,212.12,0.4143,0,
auth-api-7f8d1_456,2026-07-13T09:07:36+00:00,auth-api-7f8d1,auth-api,0,209.91,0.41,0,
auth-api-7f8d1_457,2026-07-13T09:07:37+00:00,auth-api-7f8d1,auth-api,0,200.42,0.3914,0,
auth-api-7f8d1_458,2026-07-13T09:07:38+00:00,auth-api-7f8d1,auth-api,0,193.44,0.3778,0,
auth-api-7f8d1_459,2026-07-13T09:07:39+00:00,auth-api-7f8d1,auth-api,0,200.25,0.3911,0,
auth-api-7f8d1_460,2026-07-13T09:07:40+00:00,auth-api-7f8d1,auth-api,0,217.97,0.4257,0,
auth-api-7f8d1_461,2026-07-13T09:07:41+00:00,auth-api-7f8d1,auth-api,0,199.63,0.3899,0,
auth-api-7f8d1_462,2026-07-13T09:07:42+00:00,auth-api-7f8d1,auth-api,0,219.84,0.4294,0,
auth-api-7f8d1_463,2026-07-13T09:07:43+00:00,auth-api-7f8d1,auth-api,0,209.75,0.4097,0,
auth-api-7f8d1_464,2026-07-13T09:07:44+00:00,auth-api-7f8d1,auth-api,0,210.22,0.4106,0,
auth-api-7f8d1_465,2026-07-13T09:07:45+00:00,auth-api-7f8d1,auth-api,0,202.22,0.395,0,
auth-api-7f8d1_466,2026-07-13T09:07:46+00:00,auth-api-7f8d1,auth-api,0,221.16,0.432,0,
auth-api-7f8d1_467,2026-07-13T09:07:47+00:00,auth-api-7f8d1,auth-api,0,214.68,0.4193,0,
auth-api-7f8d1_468,2026-07-13T09:07:48+00:00,auth-api-7f8d1,auth-api,0,202.17,0.3949,0,
auth-api-7f8d1_469,2026-07-13T09:07:49+00:00,auth-api-7f8d1,auth-api,0,217.56,0.4249,0,
auth-api-7f8d1_470,2026-07-13T09:07:50+00:00,auth-api-7f8d1,auth-api,0,216.12,0.4221,0,
auth-api-7f8d1_471,2026-07-13T09:07:51+00:00,auth-api-7f8d1,auth-api,0,211.98,0.414,0,
auth-api-7f8d1_472,2026-07-13T09:07:52+00:00,auth-api-7f8d1,auth-api,0,218.08,0.4259,0,
auth-api-7f8d1_473,2026-07-13T09:07:53+00:00,auth-api-7f8d1,auth-api,0,193.6,0.3781,0,
auth-api-7f8d1_474,2026-07-13T09:07:54+00:00,auth-api-7f8d1,auth-api,0,201.13,0.3928,0,
auth-api-7f8d1_475,2026-07-13T09:07:55+00:00,auth-api-7f8d1,auth-api,0,208.82,0.4079,0,
auth-api-7f8d1_476,2026-07-13T09:07:56+00:00,auth-api-7f8d1,auth-api,0,208.78,0.4078,0,
auth-api-7f8d1_477,2026-07-13T09:07:57+00:00,auth-api-7f8d1,auth-api,0,198.02,0.3868,0,
auth-api-7f8d1_478,2026-07-13T09:07:58+00:00,auth-api-7f8d1,auth-api,0,216.66,0.4232,0,
auth-api-7f8d1_479,2026-07-13T09:07:59+00:00,auth-api-7f8d1,auth-api,0,203.72,0.3979,0,
auth-api-7f8d1_480,2026-07-13T09:08:00+00:00,auth-api-7f8d1,auth-api,0,211.22,0.4125,0,
auth-api-7f8d1_481,2026-07-13T09:08:01+00:00,auth-api-7f8d1,auth-api,0,209.12,0.4084,0,
auth-api-7f8d1_482,2026-07-13T09:08:02+00:00,auth-api-7f8d1,auth-api,0,201.64,0.3938,0,
auth-api-7f8d1_483,2026-07-13T09:08:03+00:00,auth-api-7f8d1,auth-api,0,193.99,0.3789,0,
auth-api-7f8d1_484,2026-07-13T09:08:04+00:00,auth-api-7f8d1,auth-api,0,216.46,0.4228,0,
auth-api-7f8d1_485,2026-07-13T09:08:05+00:00,auth-api-7f8d1,auth-api,0,217.28,0.4244,0,
auth-api-7f8d1_486,2026-07-13T09:08:06+00:00,auth-api-7f8d1,auth-api,0,211.71,0.4135,0,
auth-api-7f8d1_487,2026-07-13T09:08:07+00:00,auth-api-7f8d1,auth-api,0,205.98,0.4023,0,
auth-api-7f8d1_488,2026-07-13T09:08:08+00:00,auth-api-7f8d1,auth-api,0,198.76,0.3882,0,
auth-api-7f8d1_489,2026-07-13T09:08:09+00:00,auth-api-7f8d1,auth-api,0,195.98,0.3828,0,
auth-api-7f8d1_490,2026-07-13T09:08:10+00:00,auth-api-7f8d1,auth-api,0,213.09,0.4162,0,
auth-api-7f8d1_491,2026-07-13T09:08:11+00:00,auth-api-7f8d1,auth-api,0,224.28,0.438,0,
auth-api-7f8d1_492,2026-07-13T09:08:12+00:00,auth-api-7f8d1,auth-api,0,216.51,0.4229,0,
auth-api-7f8d1_493,2026-07-13T09:08:13+00:00,auth-api-7f8d1,auth-api,0,213.13,0.4163,0,
auth-api-7f8d1_494,2026-07-13T09:08:14+00:00,auth-api-7f8d1,auth-api,0,216.47,0.4228,0,
auth-api-7f8d1_495,2026-07-13T09:08:15+00:00,auth-api-7f8d1,auth-api,0,211.39,0.4129,0,
auth-api-7f8d1_496,2026-07-13T09:08:16+00:00,auth-api-7f8d1,auth-api,0,216.32,0.4225,0,
auth-api-7f8d1_497,2026-07-13T09:08:17+00:00,auth-api-7f8d1,auth-api,0,215.05,0.42,0,
auth-api-7f8d1_498,2026-07-13T09:08:18+00:00,auth-api-7f8d1,auth-api,0,202.55,0.3956,0,
auth-api-7f8d1_499,2026-07-13T09:08:19+00:00,auth-api-7f8d1,auth-api,0,215.06,0.42,0,
auth-api-7f8d1_500,2026-07-13T09:08:20+00:00,auth-api-7f8d1,auth-api,0,219.99,0.4297,0,
auth-api-7f8d1_501,2026-07-13T09:08:21+00:00,auth-api-7f8d1,auth-api,0,199.55,0.3897,0,
auth-api-7f8d1_502,2026-07-13T09:08:22+00:00,auth-api-7f8d1,auth-api,0,212.27,0.4146,0,
auth-api-7f8d1_503,2026-07-13T09:08:23+00:00,auth-api-7f8d1,auth-api,0,225.95,0.4413,0,
auth-api-7f8d1_504,2026-07-13T09:08:24+00:00,auth-api-7f8d1,auth-api,0,224.91,0.4393,0,
auth-api-7f8d1_505,2026-07-13T09:08:25+00:00,auth-api-7f8d1,auth-api,0,216.34,0.4225,0,
auth-api-7f8d1_506,2026-07-13T09:08:26+00:00,auth-api-7f8d1,auth-api,0,213.02,0.4161,0,
auth-api-7f8d1_507,2026-07-13T09:08:27+00:00,auth-api-7f8d1,auth-api,0,218.68,0.4271,0,
auth-api-7f8d1_508,2026-07-13T09:08:28+00:00,auth-api-7f8d1,auth-api,0,209.07,0.4083,0,
auth-api-7f8d1_509,2026-07-13T09:08:29+00:00,auth-api-7f8d1,auth-api,0,215.58,0.4211,0,
auth-api-7f8d1_510,2026-07-13T09:08:30+00:00,auth-api-7f8d1,auth-api,0,221.6,0.4328,0,
auth-api-7f8d1_511,2026-07-13T09:08:31+00:00,auth-api-7f8d1,auth-api,0,219.64,0.429,0,
auth-api-7f8d1_512,2026-07-13T09:08:32+00:00,auth-api-7f8d1,auth-api,0,210.41,0.411,0,
auth-api-7f8d1_513,2026-07-13T09:08:33+00:00,auth-api-7f8d1,auth-api,0,209.05,0.4083,0,
auth-api-7f8d1_514,2026-07-13T09:08:34+00:00,auth-api-7f8d1,auth-api,0,221.35,0.4323,0,
auth-api-7f8d1_515,2026-07-13T09:08:35+00:00,auth-api-7f8d1,auth-api,0,199.17,0.389,0,
auth-api-7f8d1_516,2026-07-13T09:08:36+00:00,auth-api-7f8d1,auth-api,0,211.89,0.4138,0,
auth-api-7f8d1_517,2026-07-13T09:08:37+00:00,auth-api-7f8d1,auth-api,0,206.39,0.4031,0,
auth-api-7f8d1_518,2026-07-13T09:08:38+00:00,auth-api-7f8d1,auth-api,0,217.93,0.4256,0,
auth-api-7f8d1_519,2026-07-13T09:08:39+00:00,auth-api-7f8d1,auth-api,0,203.54,0.3975,0,
auth-api-7f8d1_520,2026-07-13T09:08:40+00:00,auth-api-7f8d1,auth-api,0,211.27,0.4126,0,
auth-api-7f8d1_521,2026-07-13T09:08:41+00:00,auth-api-7f8d1,auth-api,0,191.81,0.3746,0,
auth-api-7f8d1_522,2026-07-13T09:08:42+00:00,auth-api-7f8d1,auth-api,0,209.48,0.4091,0,
auth-api-7f8d1_523,2026-07-13T09:08:43+00:00,auth-api-7f8d1,auth-api,0,200.41,0.3914,0,
auth-api-7f8d1_524,2026-07-13T09:08:44+00:00,auth-api-7f8d1,auth-api,0,197.98,0.3867,0,
auth-api-7f8d1_525,2026-07-13T09:08:45+00:00,auth-api-7f8d1,auth-api,0,221.55,0.4327,0,
auth-api-7f8d1_526,2026-07-13T09:08:46+00:00,auth-api-7f8d1,auth-api,0,220.48,0.4306,0,
auth-api-7f8d1_527,2026-07-13T09:08:47+00:00,auth-api-7f8d1,auth-api,0,198.92,0.3885,0,
auth-api-7f8d1_528,2026-07-13T09:08:48+00:00,auth-api-7f8d1,auth-api,0,205.75,0.4019,0,
auth-api-7f8d1_529,2026-07-13T09:08:49+00:00,auth-api-7f8d1,auth-api,0,199.39,0.3894,0,
auth-api-7f8d1_530,2026-07-13T09:08:50+00:00,auth-api-7f8d1,auth-api,0,199.78,0.3902,0,
auth-api-7f8d1_531,2026-07-13T09:08:51+00:00,auth-api-7f8d1,auth-api,0,207.84,0.4059,0,
auth-api-7f8d1_532,2026-07-13T09:08:52+00:00,auth-api-7f8d1,auth-api,0,207.25,0.4048,0,
auth-api-7f8d1_533,2026-07-13T09:08:53+00:00,auth-api-7f8d1,auth-api,0,210.75,0.4116,0,
auth-api-7f8d1_534,2026-07-13T09:08:54+00:00,auth-api-7f8d1,auth-api,0,212.81,0.4156,0,
auth-api-7f8d1_535,2026-07-13T09:08:55+00:00,auth-api-7f8d1,auth-api,0,198.17,0.3871,0,
auth-api-7f8d1_536,2026-07-13T09:08:56+00:00,auth-api-7f8d1,auth-api,0,216.19,0.4222,0,
auth-api-7f8d1_537,2026-07-13T09:08:57+00:00,auth-api-7f8d1,auth-api,0,207.93,0.4061,0,
auth-api-7f8d1_538,2026-07-13T09:08:58+00:00,auth-api-7f8d1,auth-api,0,213.96,0.4179,0,
auth-api-7f8d1_539,2026-07-13T09:08:59+00:00,auth-api-7f8d1,auth-api,0,215.91,0.4217,0,
auth-api-7f8d1_540,2026-07-13T09:09:00+00:00,auth-api-7f8d1,auth-api,0,208.4,0.407,0,
auth-api-7f8d1_541,2026-07-13T09:09:01+00:00,auth-api-7f8d1,auth-api,0,217.24,0.4243,0,
auth-api-7f8d1_542,2026-07-13T09:09:02+00:00,auth-api-7f8d1,auth-api,0,202.99,0.3965,0,
auth-api-7f8d1_543,2026-07-13T09:09:03+00:00,auth-api-7f8d1,auth-api,0,222.45,0.4345,0,
auth-api-7f8d1_544,2026-07-13T09:09:04+00:00,auth-api-7f8d1,auth-api,0,203.32,0.3971,0,
auth-api-7f8d1_545,2026-07-13T09:09:05+00:00,auth-api-7f8d1,auth-api,0,201.42,0.3934,0,
auth-api-7f8d1_546,2026-07-13T09:09:06+00:00,auth-api-7f8d1,auth-api,0,210.99,0.4121,0,
auth-api-7f8d1_547,2026-07-13T09:09:07+00:00,auth-api-7f8d1,auth-api,0,217.29,0.4244,0,
auth-api-7f8d1_548,2026-07-13T09:09:08+00:00,auth-api-7f8d1,auth-api,0,216.68,0.4232,0,
auth-api-7f8d1_549,2026-07-13T09:09:09+00:00,auth-api-7f8d1,auth-api,0,216.41,0.4227,0,
auth-api-7f8d1_550,2026-07-13T09:09:10+00:00,auth-api-7f8d1,auth-api,0,205.95,0.4022,0,
auth-api-7f8d1_551,2026-07-13T09:09:11+00:00,auth-api-7f8d1,auth-api,0,224.4,0.4383,0,
auth-api-7f8d1_552,2026-07-13T09:09:12+00:00,auth-api-7f8d1,auth-api,0,208.48,0.4072,0,
auth-api-7f8d1_553,2026-07-13T09:09:13+00:00,auth-api-7f8d1,auth-api,0,223.83,0.4372,0,
auth-api-7f8d1_554,2026-07-13T09:09:14+00:00,auth-api-7f8d1,auth-api,0,207.03,0.4044,0,
auth-api-7f8d1_555,2026-07-13T09:09:15+00:00,auth-api-7f8d1,auth-api,0,214.5,0.4189,0,
auth-api-7f8d1_556,2026-07-13T09:09:16+00:00,auth-api-7f8d1,auth-api,0,210.89,0.4119,0,
auth-api-7f8d1_557,2026-07-13T09:09:17+00:00,auth-api-7f8d1,auth-api,0,210.47,0.4111,0,
auth-api-7f8d1_558,2026-07-13T09:09:18+00:00,auth-api-7f8d1,auth-api,0,204.82,0.4,0,
auth-api-7f8d1_559,2026-07-13T09:09:19+00:00,auth-api-7f8d1,auth-api,0,205.33,0.401,0,
auth-api-7f8d1_560,2026-07-13T09:09:20+00:00,auth-api-7f8d1,auth-api,0,205.26,0.4009,0,
auth-api-7f8d1_561,2026-07-13T09:09:21+00:00,auth-api-7f8d1,auth-api,0,198.57,0.3878,0,
auth-api-7f8d1_562,2026-07-13T09:09:22+00:00,auth-api-7f8d1,auth-api,0,208.75,0.4077,0,
auth-api-7f8d1_563,2026-07-13T09:09:23+00:00,auth-api-7f8d1,auth-api,0,201.68,0.3939,0,
auth-api-7f8d1_564,2026-07-13T09:09:24+00:00,auth-api-7f8d1,auth-api,0,216.45,0.4228,0,
auth-api-7f8d1_565,2026-07-13T09:09:25+00:00,auth-api-7f8d1,auth-api,0,204.72,0.3998,0,
auth-api-7f8d1_566,2026-07-13T09:09:26+00:00,auth-api-7f8d1,auth-api,0,212.48,0.415,0,
auth-api-7f8d1_567,2026-07-13T09:09:27+00:00,auth-api-7f8d1,auth-api,0,210.35,0.4108,0,
auth-api-7f8d1_568,2026-07-13T09:09:28+00:00,auth-api-7f8d1,auth-api,0,199.66,0.39,0,
auth-api-7f8d1_569,2026-07-13T09:09:29+00:00,auth-api-7f8d1,auth-api,0,208.74,0.4077,0,
auth-api-7f8d1_570,2026-07-13T09:09:30+00:00,auth-api-7f8d1,auth-api,0,211.43,0.4129,0,
auth-api-7f8d1_571,2026-07-13T09:09:31+00:00,auth-api-7f8d1,auth-api,0,213.48,0.417,0,
auth-api-7f8d1_572,2026-07-13T09:09:32+00:00,auth-api-7f8d1,auth-api,0,213.14,0.4163,0,
auth-api-7f8d1_573,2026-07-13T09:09:33+00:00,auth-api-7f8d1,auth-api,0,202.07,0.3947,0,
auth-api-7f8d1_574,2026-07-13T09:09:34+00:00,auth-api-7f8d1,auth-api,0,214.7,0.4193,0,
auth-api-7f8d1_575,2026-07-13T09:09:35+00:00,auth-api-7f8d1,auth-api,0,196.28,0.3834,0,
auth-api-7f8d1_576,2026-07-13T09:09:36+00:00,auth-api-7f8d1,auth-api,0,218.37,0.4265,0,
auth-api-7f8d1_577,2026-07-13T09:09:37+00:00,auth-api-7f8d1,auth-api,0,202.69,0.3959,0,
auth-api-7f8d1_578,2026-07-13T09:09:38+00:00,auth-api-7f8d1,auth-api,0,200.5,0.3916,0,
auth-api-7f8d1_579,2026-07-13T09:09:39+00:00,auth-api-7f8d1,auth-api,0,202.66,0.3958,0,
auth-api-7f8d1_580,2026-07-13T09:09:40+00:00,auth-api-7f8d1,auth-api,0,214.31,0.4186,0,
auth-api-7f8d1_581,2026-07-13T09:09:41+00:00,auth-api-7f8d1,auth-api,0,210.3,0.4107,0,
auth-api-7f8d1_582,2026-07-13T09:09:42+00:00,auth-api-7f8d1,auth-api,0,211.22,0.4125,0,
auth-api-7f8d1_583,2026-07-13T09:09:43+00:00,auth-api-7f8d1,auth-api,0,214.63,0.4192,0,
auth-api-7f8d1_584,2026-07-13T09:09:44+00:00,auth-api-7f8d1,auth-api,0,207.18,0.4046,0,
auth-api-7f8d1_585,2026-07-13T09:09:45+00:00,auth-api-7f8d1,auth-api,0,213.4,0.4168,0,
auth-api-7f8d1_586,2026-07-13T09:09:46+00:00,auth-api-7f8d1,auth-api,0,198.51,0.3877,0,
auth-api-7f8d1_587,2026-07-13T09:09:47+00:00,auth-api-7f8d1,auth-api,0,197.13,0.385,0,
auth-api-7f8d1_588,2026-07-13T09:09:48+00:00,auth-api-7f8d1,auth-api,0,194.66,0.3802,0,
auth-api-7f8d1_589,2026-07-13T09:09:49+00:00,auth-api-7f8d1,auth-api,0,195.83,0.3825,0,
auth-api-7f8d1_590,2026-07-13T09:09:50+00:00,auth-api-7f8d1,auth-api,0,206.37,0.4031,0,
auth-api-7f8d1_591,2026-07-13T09:09:51+00:00,auth-api-7f8d1,auth-api,0,211.19,0.4125,0,
auth-api-7f8d1_592,2026-07-13T09:09:52+00:00,auth-api-7f8d1,auth-api,0,208.94,0.4081,0,
auth-api-7f8d1_593,2026-07-13T09:09:53+00:00,auth-api-7f8d1,auth-api,0,205.95,0.4022,0,
auth-api-7f8d1_594,2026-07-13T09:09:54+00:00,auth-api-7f8d1,auth-api,0,196.3,0.3834,0,
auth-api-7f8d1_595,2026-07-13T09:09:55+00:00,auth-api-7f8d1,auth-api,0,203.53,0.3975,0,
auth-api-7f8d1_596,2026-07-13T09:09:56+00:00,auth-api-7f8d1,auth-api,0,213.08,0.4162,0,
auth-api-7f8d1_597,2026-07-13T09:09:57+00:00,auth-api-7f8d1,auth-api,0,206.1,0.4025,0,
auth-api-7f8d1_598,2026-07-13T09:09:58+00:00,auth-api-7f8d1,auth-api,0,209.46,0.4091,0,
auth-api-7f8d1_599,2026-07-13T09:09:59+00:00,auth-api-7f8d1,auth-api,0,208.33,0.4069,0,
auth-api-7f8d1_600,2026-07-13T09:10:00+00:00,auth-api-7f8d1,auth-api,0,205.77,0.4019,0,
auth-api-7f8d1_601,2026-07-13T09:10:01+00:00,auth-api-7f8d1,auth-api,0,208.99,0.4082,0,
auth-api-7f8d1_602,2026-07-13T09:10:02+00:00,auth-api-7f8d1,auth-api,0,204.34,0.3991,0,
auth-api-7f8d1_603,2026-07-13T09:10:03+00:00,auth-api-7f8d1,auth-api,0,205.73,0.4018,0,
auth-api-7f8d1_604,2026-07-13T09:10:04+00:00,auth-api-7f8d1,auth-api,0,201.83,0.3942,0,
auth-api-7f8d1_605,2026-07-13T09:10:05+00:00,auth-api-7f8d1,auth-api,0,215.34,0.4206,0,
auth-api-7f8d1_606,2026-07-13T09:10:06+00:00,auth-api-7f8d1,auth-api,0,209.67,0.4095,0,
auth-api-7f8d1_607,2026-07-13T09:10:07+00:00,auth-api-7f8d1,auth-api,0,202.28,0.3951,0,
auth-api-7f8d1_608,2026-07-13T09:10:08+00:00,auth-api-7f8d1,auth-api,0,207.83,0.4059,0,
auth-api-7f8d1_609,2026-07-13T09:10:09+00:00,auth-api-7f8d1,auth-api,0,218.07,0.4259,0,
auth-api-7f8d1_610,2026-07-13T09:10:10+00:00,auth-api-7f8d1,auth-api,0,209.83,0.4098,0,
auth-api-7f8d1_611,2026-07-13T09:10:11+00:00,auth-api-7f8d1,auth-api,0,216.22,0.4223,0,
auth-api-7f8d1_612,2026-07-13T09:10:12+00:00,auth-api-7f8d1,auth-api,0,209.08,0.4084,0,
auth-api-7f8d1_613,2026-07-13T09:10:13+00:00,auth-api-7f8d1,auth-api,0,234.52,0.458,0,
auth-api-7f8d1_614,2026-07-13T09:10:14+00:00,auth-api-7f8d1,auth-api,0,203.0,0.3965,0,
auth-api-7f8d1_615,2026-07-13T09:10:15+00:00,auth-api-7f8d1,auth-api,0,205.9,0.4021,0,
auth-api-7f8d1_616,2026-07-13T09:10:16+00:00,auth-api-7f8d1,auth-api,0,209.7,0.4096,0,
auth-api-7f8d1_617,2026-07-13T09:10:17+00:00,auth-api-7f8d1,auth-api,0,199.68,0.39,0,
auth-api-7f8d1_618,2026-07-13T09:10:18+00:00,auth-api-7f8d1,auth-api,0,207.81,0.4059,0,
auth-api-7f8d1_619,2026-07-13T09:10:19+00:00,auth-api-7f8d1,auth-api,0,224.62,0.4387,0,
auth-api-7f8d1_620,2026-07-13T09:10:20+00:00,auth-api-7f8d1,auth-api,0,212.35,0.4147,0,
auth-api-7f8d1_621,2026-07-13T09:10:21+00:00,auth-api-7f8d1,auth-api,0,210.68,0.4115,0,
auth-api-7f8d1_622,2026-07-13T09:10:22+00:00,auth-api-7f8d1,auth-api,0,214.0,0.418,0,
auth-api-7f8d1_623,2026-07-13T09:10:23+00:00,auth-api-7f8d1,auth-api,0,212.81,0.4156,0,
auth-api-7f8d1_624,2026-07-13T09:10:24+00:00,auth-api-7f8d1,auth-api,0,218.35,0.4265,0,
auth-api-7f8d1_625,2026-07-13T09:10:25+00:00,auth-api-7f8d1,auth-api,0,211.3,0.4127,0,
auth-api-7f8d1_626,2026-07-13T09:10:26+00:00,auth-api-7f8d1,auth-api,0,215.24,0.4204,0,
auth-api-7f8d1_627,2026-07-13T09:10:27+00:00,auth-api-7f8d1,auth-api,0,213.9,0.4178,0,
auth-api-7f8d1_628,2026-07-13T09:10:28+00:00,auth-api-7f8d1,auth-api,0,207.76,0.4058,0,
auth-api-7f8d1_629,2026-07-13T09:10:29+00:00,auth-api-7f8d1,auth-api,0,226.89,0.4431,0,
auth-api-7f8d1_630,2026-07-13T09:10:30+00:00,auth-api-7f8d1,auth-api,0,204.87,0.4001,0,
auth-api-7f8d1_631,2026-07-13T09:10:31+00:00,auth-api-7f8d1,auth-api,0,211.78,0.4136,0,
auth-api-7f8d1_632,2026-07-13T09:10:32+00:00,auth-api-7f8d1,auth-api,0,205.32,0.401,0,
auth-api-7f8d1_633,2026-07-13T09:10:33+00:00,auth-api-7f8d1,auth-api,0,204.94,0.4003,0,
auth-api-7f8d1_634,2026-07-13T09:10:34+00:00,auth-api-7f8d1,auth-api,0,199.6,0.3898,0,
auth-api-7f8d1_635,2026-07-13T09:10:35+00:00,auth-api-7f8d1,auth-api,0,205.99,0.4023,0,
auth-api-7f8d1_636,2026-07-13T09:10:36+00:00,auth-api-7f8d1,auth-api,0,216.0,0.4219,0,
auth-api-7f8d1_637,2026-07-13T09:10:37+00:00,auth-api-7f8d1,auth-api,0,203.43,0.3973,0,
auth-api-7f8d1_638,2026-07-13T09:10:38+00:00,auth-api-7f8d1,auth-api,0,200.63,0.3919,0,
auth-api-7f8d1_639,2026-07-13T09:10:39+00:00,auth-api-7f8d1,auth-api,0,218.65,0.4271,0,
auth-api-7f8d1_640,2026-07-13T09:10:40+00:00,auth-api-7f8d1,auth-api,0,230.25,0.4497,0,
auth-api-7f8d1_641,2026-07-13T09:10:41+00:00,auth-api-7f8d1,auth-api,0,208.67,0.4076,0,
auth-api-7f8d1_642,2026-07-13T09:10:42+00:00,auth-api-7f8d1,auth-api,0,209.14,0.4085,0,
auth-api-7f8d1_643,2026-07-13T09:10:43+00:00,auth-api-7f8d1,auth-api,0,209.31,0.4088,0,
auth-api-7f8d1_644,2026-07-13T09:10:44+00:00,auth-api-7f8d1,auth-api,0,206.25,0.4028,0,
auth-api-7f8d1_645,2026-07-13T09:10:45+00:00,auth-api-7f8d1,auth-api,0,201.89,0.3943,0,
auth-api-7f8d1_646,2026-07-13T09:10:46+00:00,auth-api-7f8d1,auth-api,0,209.3,0.4088,0,
auth-api-7f8d1_647,2026-07-13T09:10:47+00:00,auth-api-7f8d1,auth-api,0,217.38,0.4246,0,
auth-api-7f8d1_648,2026-07-13T09:10:48+00:00,auth-api-7f8d1,auth-api,0,210.75,0.4116,0,
auth-api-7f8d1_649,2026-07-13T09:10:49+00:00,auth-api-7f8d1,auth-api,0,197.69,0.3861,0,
auth-api-7f8d1_650,2026-07-13T09:10:50+00:00,auth-api-7f8d1,auth-api,0,208.59,0.4074,0,
auth-api-7f8d1_651,2026-07-13T09:10:51+00:00,auth-api-7f8d1,auth-api,0,214.74,0.4194,0,
auth-api-7f8d1_652,2026-07-13T09:10:52+00:00,auth-api-7f8d1,auth-api,0,203.55,0.3976,0,
auth-api-7f8d1_653,2026-07-13T09:10:53+00:00,auth-api-7f8d1,auth-api,0,224.66,0.4388,0,
auth-api-7f8d1_654,2026-07-13T09:10:54+00:00,auth-api-7f8d1,auth-api,0,209.6,0.4094,0,
auth-api-7f8d1_655,2026-07-13T09:10:55+00:00,auth-api-7f8d1,auth-api,0,195.17,0.3812,0,
auth-api-7f8d1_656,2026-07-13T09:10:56+00:00,auth-api-7f8d1,auth-api,0,198.13,0.387,0,
auth-api-7f8d1_657,2026-07-13T09:10:57+00:00,auth-api-7f8d1,auth-api,0,209.79,0.4097,0,
auth-api-7f8d1_658,2026-07-13T09:10:58+00:00,auth-api-7f8d1,auth-api,0,216.72,0.4233,0,
auth-api-7f8d1_659,2026-07-13T09:10:59+00:00,auth-api-7f8d1,auth-api,0,211.76,0.4136,0,
auth-api-7f8d1_660,2026-07-13T09:11:00+00:00,auth-api-7f8d1,auth-api,0,201.64,0.3938,0,
auth-api-7f8d1_661,2026-07-13T09:11:01+00:00,auth-api-7f8d1,auth-api,0,208.0,0.4062,0,
auth-api-7f8d1_662,2026-07-13T09:11:02+00:00,auth-api-7f8d1,auth-api,0,225.51,0.4404,0,
auth-api-7f8d1_663,2026-07-13T09:11:03+00:00,auth-api-7f8d1,auth-api,0,215.73,0.4213,0,
auth-api-7f8d1_664,2026-07-13T09:11:04+00:00,auth-api-7f8d1,auth-api,0,207.65,0.4056,0,
auth-api-7f8d1_665,2026-07-13T09:11:05+00:00,auth-api-7f8d1,auth-api,0,205.17,0.4007,0,
auth-api-7f8d1_666,2026-07-13T09:11:06+00:00,auth-api-7f8d1,auth-api,0,204.91,0.4002,0,
auth-api-7f8d1_667,2026-07-13T09:11:07+00:00,auth-api-7f8d1,auth-api,0,208.68,0.4076,0,
auth-api-7f8d1_668,2026-07-13T09:11:08+00:00,auth-api-7f8d1,auth-api,0,209.83,0.4098,0,
auth-api-7f8d1_669,2026-07-13T09:11:09+00:00,auth-api-7f8d1,auth-api,0,202.03,0.3946,0,
auth-api-7f8d1_670,2026-07-13T09:11:10+00:00,auth-api-7f8d1,auth-api,0,218.22,0.4262,0,
auth-api-7f8d1_671,2026-07-13T09:11:11+00:00,auth-api-7f8d1,auth-api,0,215.15,0.4202,0,
auth-api-7f8d1_672,2026-07-13T09:11:12+00:00,auth-api-7f8d1,auth-api,0,206.18,0.4027,0,
auth-api-7f8d1_673,2026-07-13T09:11:13+00:00,auth-api-7f8d1,auth-api,0,204.72,0.3998,0,
auth-api-7f8d1_674,2026-07-13T09:11:14+00:00,auth-api-7f8d1,auth-api,0,200.39,0.3914,0,
auth-api-7f8d1_675,2026-07-13T09:11:15+00:00,auth-api-7f8d1,auth-api,0,198.87,0.3884,0,
auth-api-7f8d1_676,2026-07-13T09:11:16+00:00,auth-api-7f8d1,auth-api,0,217.74,0.4253,0,
auth-api-7f8d1_677,2026-07-13T09:11:17+00:00,auth-api-7f8d1,auth-api,0,211.66,0.4134,0,
auth-api-7f8d1_678,2026-07-13T09:11:18+00:00,auth-api-7f8d1,auth-api,0,216.24,0.4223,0,
auth-api-7f8d1_679,2026-07-13T09:11:19+00:00,auth-api-7f8d1,auth-api,0,226.5,0.4424,0,
auth-api-7f8d1_680,2026-07-13T09:11:20+00:00,auth-api-7f8d1,auth-api,0,216.8,0.4234,0,
auth-api-7f8d1_681,2026-07-13T09:11:21+00:00,auth-api-7f8d1,auth-api,0,212.06,0.4142,0,
auth-api-7f8d1_682,2026-07-13T09:11:22+00:00,auth-api-7f8d1,auth-api,0,209.04,0.4083,0,
auth-api-7f8d1_683,2026-07-13T09:11:23+00:00,auth-api-7f8d1,auth-api,0,224.5,0.4385,0,
auth-api-7f8d1_684,2026-07-13T09:11:24+00:00,auth-api-7f8d1,auth-api,0,214.27,0.4185,0,
auth-api-7f8d1_685,2026-07-13T09:11:25+00:00,auth-api-7f8d1,auth-api,0,211.72,0.4135,0,
auth-api-7f8d1_686,2026-07-13T09:11:26+00:00,auth-api-7f8d1,auth-api,0,198.52,0.3877,0,
auth-api-7f8d1_687,2026-07-13T09:11:27+00:00,auth-api-7f8d1,auth-api,0,203.63,0.3977,0,
auth-api-7f8d1_688,2026-07-13T09:11:28+00:00,auth-api-7f8d1,auth-api,0,228.41,0.4461,0,
auth-api-7f8d1_689,2026-07-13T09:11:29+00:00,auth-api-7f8d1,auth-api,0,208.03,0.4063,0,
auth-api-7f8d1_690,2026-07-13T09:11:30+00:00,auth-api-7f8d1,auth-api,0,220.68,0.431,0,
auth-api-7f8d1_691,2026-07-13T09:11:31+00:00,auth-api-7f8d1,auth-api,0,212.23,0.4145,0,
auth-api-7f8d1_692,2026-07-13T09:11:32+00:00,auth-api-7f8d1,auth-api,0,222.99,0.4355,0,
auth-api-7f8d1_693,2026-07-13T09:11:33+00:00,auth-api-7f8d1,auth-api,0,202.24,0.395,0,
auth-api-7f8d1_694,2026-07-13T09:11:34+00:00,auth-api-7f8d1,auth-api,0,220.57,0.4308,0,
auth-api-7f8d1_695,2026-07-13T09:11:35+00:00,auth-api-7f8d1,auth-api,0,201.94,0.3944,0,
auth-api-7f8d1_696,2026-07-13T09:11:36+00:00,auth-api-7f8d1,auth-api,0,203.84,0.3981,0,
auth-api-7f8d1_697,2026-07-13T09:11:37+00:00,auth-api-7f8d1,auth-api,0,214.89,0.4197,0,
auth-api-7f8d1_698,2026-07-13T09:11:38+00:00,auth-api-7f8d1,auth-api,0,210.81,0.4117,0,
auth-api-7f8d1_699,2026-07-13T09:11:39+00:00,auth-api-7f8d1,auth-api,0,196.94,0.3846,0,
auth-api-7f8d1_700,2026-07-13T09:11:40+00:00,auth-api-7f8d1,auth-api,0,212.86,0.4157,0,
auth-api-7f8d1_701,2026-07-13T09:11:41+00:00,auth-api-7f8d1,auth-api,0,207.29,0.4049,0,
auth-api-7f8d1_702,2026-07-13T09:11:42+00:00,auth-api-7f8d1,auth-api,0,211.01,0.4121,0,
auth-api-7f8d1_703,2026-07-13T09:11:43+00:00,auth-api-7f8d1,auth-api,0,204.62,0.3996,0,
auth-api-7f8d1_704,2026-07-13T09:11:44+00:00,auth-api-7f8d1,auth-api,0,218.01,0.4258,0,
auth-api-7f8d1_705,2026-07-13T09:11:45+00:00,auth-api-7f8d1,auth-api,0,215.98,0.4218,0,
auth-api-7f8d1_706,2026-07-13T09:11:46+00:00,auth-api-7f8d1,auth-api,0,183.88,0.3591,0,
auth-api-7f8d1_707,2026-07-13T09:11:47+00:00,auth-api-7f8d1,auth-api,0,209.95,0.4101,0,
auth-api-7f8d1_708,2026-07-13T09:11:48+00:00,auth-api-7f8d1,auth-api,0,230.25,0.4497,0,
auth-api-7f8d1_709,2026-07-13T09:11:49+00:00,auth-api-7f8d1,auth-api,0,203.22,0.3969,0,
auth-api-7f8d1_710,2026-07-13T09:11:50+00:00,auth-api-7f8d1,auth-api,0,219.52,0.4288,0,
auth-api-7f8d1_711,2026-07-13T09:11:51+00:00,auth-api-7f8d1,auth-api,0,208.94,0.4081,0,
auth-api-7f8d1_712,2026-07-13T09:11:52+00:00,auth-api-7f8d1,auth-api,0,220.22,0.4301,0,
auth-api-7f8d1_713,2026-07-13T09:11:53+00:00,auth-api-7f8d1,auth-api,0,206.85,0.404,0,
auth-api-7f8d1_714,2026-07-13T09:11:54+00:00,auth-api-7f8d1,auth-api,0,213.36,0.4167,0,
auth-api-7f8d1_715,2026-07-13T09:11:55+00:00,auth-api-7f8d1,auth-api,0,190.09,0.3713,0,
auth-api-7f8d1_716,2026-07-13T09:11:56+00:00,auth-api-7f8d1,auth-api,0,210.43,0.411,0,
auth-api-7f8d1_717,2026-07-13T09:11:57+00:00,auth-api-7f8d1,auth-api,0,202.83,0.3962,0,
auth-api-7f8d1_718,2026-07-13T09:11:58+00:00,auth-api-7f8d1,auth-api,0,221.46,0.4325,0,
auth-api-7f8d1_719,2026-07-13T09:11:59+00:00,auth-api-7f8d1,auth-api,0,204.28,0.399,0,
auth-api-7f8d1_720,2026-07-13T09:12:00+00:00,auth-api-7f8d1,auth-api,0,208.64,0.4075,0,
auth-api-7f8d1_721,2026-07-13T09:12:01+00:00,auth-api-7f8d1,auth-api,0,216.4,0.4227,0,
auth-api-7f8d1_722,2026-07-13T09:12:02+00:00,auth-api-7f8d1,auth-api,0,210.59,0.4113,0,
auth-api-7f8d1_723,2026-07-13T09:12:03+00:00,auth-api-7f8d1,auth-api,0,233.05,0.4552,0,
auth-api-7f8d1_724,2026-07-13T09:12:04+00:00,auth-api-7f8d1,auth-api,0,218.28,0.4263,0,
auth-api-7f8d1_725,2026-07-13T09:12:05+00:00,auth-api-7f8d1,auth-api,0,206.7,0.4037,0,
auth-api-7f8d1_726,2026-07-13T09:12:06+00:00,auth-api-7f8d1,auth-api,0,188.39,0.3679,0,
auth-api-7f8d1_727,2026-07-13T09:12:07+00:00,auth-api-7f8d1,auth-api,0,212.37,0.4148,0,
auth-api-7f8d1_728,2026-07-13T09:12:08+00:00,auth-api-7f8d1,auth-api,0,202.3,0.3951,0,
auth-api-7f8d1_729,2026-07-13T09:12:09+00:00,auth-api-7f8d1,auth-api,0,219.86,0.4294,0,
auth-api-7f8d1_730,2026-07-13T09:12:10+00:00,auth-api-7f8d1,auth-api,0,217.32,0.4245,0,
auth-api-7f8d1_731,2026-07-13T09:12:11+00:00,auth-api-7f8d1,auth-api,0,217.81,0.4254,0,
auth-api-7f8d1_732,2026-07-13T09:12:12+00:00,auth-api-7f8d1,auth-api,0,207.04,0.4044,0,
auth-api-7f8d1_733,2026-07-13T09:12:13+00:00,auth-api-7f8d1,auth-api,0,199.91,0.3904,0,
auth-api-7f8d1_734,2026-07-13T09:12:14+00:00,auth-api-7f8d1,auth-api,0,211.01,0.4121,0,
auth-api-7f8d1_735,2026-07-13T09:12:15+00:00,auth-api-7f8d1,auth-api,0,217.01,0.4238,0,
auth-api-7f8d1_736,2026-07-13T09:12:16+00:00,auth-api-7f8d1,auth-api,0,218.56,0.4269,0,
auth-api-7f8d1_737,2026-07-13T09:12:17+00:00,auth-api-7f8d1,auth-api,0,219.65,0.429,0,
auth-api-7f8d1_738,2026-07-13T09:12:18+00:00,auth-api-7f8d1,auth-api,0,219.22,0.4282,0,
auth-api-7f8d1_739,2026-07-13T09:12:19+00:00,auth-api-7f8d1,auth-api,0,196.64,0.3841,0,
auth-api-7f8d1_740,2026-07-13T09:12:20+00:00,auth-api-7f8d1,auth-api,0,211.71,0.4135,0,
auth-api-7f8d1_741,2026-07-13T09:12:21+00:00,auth-api-7f8d1,auth-api,0,201.53,0.3936,0,
auth-api-7f8d1_742,2026-07-13T09:12:22+00:00,auth-api-7f8d1,auth-api,0,216.59,0.423,0,
auth-api-7f8d1_743,2026-07-13T09:12:23+00:00,auth-api-7f8d1,auth-api,0,205.27,0.4009,0,
auth-api-7f8d1_744,2026-07-13T09:12:24+00:00,auth-api-7f8d1,auth-api,0,205.96,0.4023,0,
auth-api-7f8d1_745,2026-07-13T09:12:25+00:00,auth-api-7f8d1,auth-api,0,217.17,0.4242,0,
auth-api-7f8d1_746,2026-07-13T09:12:26+00:00,auth-api-7f8d1,auth-api,0,222.35,0.4343,0,
auth-api-7f8d1_747,2026-07-13T09:12:27+00:00,auth-api-7f8d1,auth-api,0,219.17,0.4281,0,
auth-api-7f8d1_748,2026-07-13T09:12:28+00:00,auth-api-7f8d1,auth-api,0,201.38,0.3933,0,
auth-api-7f8d1_749,2026-07-13T09:12:29+00:00,auth-api-7f8d1,auth-api,0,216.91,0.4237,0,
auth-api-7f8d1_750,2026-07-13T09:12:30+00:00,auth-api-7f8d1,auth-api,0,196.31,0.3834,0,
auth-api-7f8d1_751,2026-07-13T09:12:31+00:00,auth-api-7f8d1,auth-api,0,216.6,0.423,0,
auth-api-7f8d1_752,2026-07-13T09:12:32+00:00,auth-api-7f8d1,auth-api,0,210.65,0.4114,0,
auth-api-7f8d1_753,2026-07-13T09:12:33+00:00,auth-api-7f8d1,auth-api,0,207.07,0.4044,0,
auth-api-7f8d1_754,2026-07-13T09:12:34+00:00,auth-api-7f8d1,auth-api,0,212.91,0.4158,0,
auth-api-7f8d1_755,2026-07-13T09:12:35+00:00,auth-api-7f8d1,auth-api,0,203.17,0.3968,0,
auth-api-7f8d1_756,2026-07-13T09:12:36+00:00,auth-api-7f8d1,auth-api,0,207.47,0.4052,0,
auth-api-7f8d1_757,2026-07-13T09:12:37+00:00,auth-api-7f8d1,auth-api,0,212.13,0.4143,0,
auth-api-7f8d1_758,2026-07-13T09:12:38+00:00,auth-api-7f8d1,auth-api,0,210.67,0.4115,0,
auth-api-7f8d1_759,2026-07-13T09:12:39+00:00,auth-api-7f8d1,auth-api,0,199.09,0.3888,0,
auth-api-7f8d1_760,2026-07-13T09:12:40+00:00,auth-api-7f8d1,auth-api,0,210.82,0.4118,0,
auth-api-7f8d1_761,2026-07-13T09:12:41+00:00,auth-api-7f8d1,auth-api,0,216.22,0.4223,0,
auth-api-7f8d1_762,2026-07-13T09:12:42+00:00,auth-api-7f8d1,auth-api,0,208.31,0.4069,0,
auth-api-7f8d1_763,2026-07-13T09:12:43+00:00,auth-api-7f8d1,auth-api,0,219.4,0.4285,0,
auth-api-7f8d1_764,2026-07-13T09:12:44+00:00,auth-api-7f8d1,auth-api,0,203.94,0.3983,0,
auth-api-7f8d1_765,2026-07-13T09:12:45+00:00,auth-api-7f8d1,auth-api,0,205.09,0.4006,0,
auth-api-7f8d1_766,2026-07-13T09:12:46+00:00,auth-api-7f8d1,auth-api,0,212.62,0.4153,0,
auth-api-7f8d1_767,2026-07-13T09:12:47+00:00,auth-api-7f8d1,auth-api,0,217.38,0.4246,0,
auth-api-7f8d1_768,2026-07-13T09:12:48+00:00,auth-api-7f8d1,auth-api,0,209.94,0.41,0,
auth-api-7f8d1_769,2026-07-13T09:12:49+00:00,auth-api-7f8d1,auth-api,0,222.21,0.434,0,
auth-api-7f8d1_770,2026-07-13T09:12:50+00:00,auth-api-7f8d1,auth-api,0,212.87,0.4158,0,
auth-api-7f8d1_771,2026-07-13T09:12:51+00:00,auth-api-7f8d1,auth-api,0,207.75,0.4058,0,
auth-api-7f8d1_772,2026-07-13T09:12:52+00:00,auth-api-7f8d1,auth-api,0,215.29,0.4205,0,
auth-api-7f8d1_773,2026-07-13T09:12:53+00:00,auth-api-7f8d1,auth-api,0,203.09,0.3967,0,
auth-api-7f8d1_774,2026-07-13T09:12:54+00:00,auth-api-7f8d1,auth-api,0,203.29,0.3971,0,
auth-api-7f8d1_775,2026-07-13T09:12:55+00:00,auth-api-7f8d1,auth-api,0,218.44,0.4266,0,
auth-api-7f8d1_776,2026-07-13T09:12:56+00:00,auth-api-7f8d1,auth-api,0,205.82,0.402,0,
auth-api-7f8d1_777,2026-07-13T09:12:57+00:00,auth-api-7f8d1,auth-api,0,208.09,0.4064,0,
auth-api-7f8d1_778,2026-07-13T09:12:58+00:00,auth-api-7f8d1,auth-api,0,205.59,0.4015,0,
auth-api-7f8d1_779,2026-07-13T09:12:59+00:00,auth-api-7f8d1,auth-api,0,204.08,0.3986,0,
auth-api-7f8d1_780,2026-07-13T09:13:00+00:00,auth-api-7f8d1,auth-api,0,223.84,0.4372,0,
auth-api-7f8d1_781,2026-07-13T09:13:01+00:00,auth-api-7f8d1,auth-api,0,205.64,0.4016,0,
auth-api-7f8d1_782,2026-07-13T09:13:02+00:00,auth-api-7f8d1,auth-api,0,206.21,0.4028,0,
auth-api-7f8d1_783,2026-07-13T09:13:03+00:00,auth-api-7f8d1,auth-api,0,206.3,0.4029,0,
auth-api-7f8d1_784,2026-07-13T09:13:04+00:00,auth-api-7f8d1,auth-api,0,208.32,0.4069,0,
auth-api-7f8d1_785,2026-07-13T09:13:05+00:00,auth-api-7f8d1,auth-api,0,204.72,0.3998,0,
auth-api-7f8d1_786,2026-07-13T09:13:06+00:00,auth-api-7f8d1,auth-api,0,208.89,0.408,0,
auth-api-7f8d1_787,2026-07-13T09:13:07+00:00,auth-api-7f8d1,auth-api,0,212.89,0.4158,0,
auth-api-7f8d1_788,2026-07-13T09:13:08+00:00,auth-api-7f8d1,auth-api,0,200.96,0.3925,0,
auth-api-7f8d1_789,2026-07-13T09:13:09+00:00,auth-api-7f8d1,auth-api,0,198.66,0.388,0,
auth-api-7f8d1_790,2026-07-13T09:13:10+00:00,auth-api-7f8d1,auth-api,0,225.7,0.4408,0,
auth-api-7f8d1_791,2026-07-13T09:13:11+00:00,auth-api-7f8d1,auth-api,0,222.23,0.434,0,
auth-api-7f8d1_792,2026-07-13T09:13:12+00:00,auth-api-7f8d1,auth-api,0,199.72,0.3901,0,
auth-api-7f8d1_793,2026-07-13T09:13:13+00:00,auth-api-7f8d1,auth-api,0,217.19,0.4242,0,
auth-api-7f8d1_794,2026-07-13T09:13:14+00:00,auth-api-7f8d1,auth-api,0,216.93,0.4237,0,
auth-api-7f8d1_795,2026-07-13T09:13:15+00:00,auth-api-7f8d1,auth-api,0,205.77,0.4019,0,
auth-api-7f8d1_796,2026-07-13T09:13:16+00:00,auth-api-7f8d1,auth-api,0,213.17,0.4163,0,
auth-api-7f8d1_797,2026-07-13T09:13:17+00:00,auth-api-7f8d1,auth-api,0,219.09,0.4279,0,
auth-api-7f8d1_798,2026-07-13T09:13:18+00:00,auth-api-7f8d1,auth-api,0,216.68,0.4232,0,
auth-api-7f8d1_799,2026-07-13T09:13:19+00:00,auth-api-7f8d1,auth-api,0,209.79,0.4097,0,
auth-api-7f8d1_800,2026-07-13T09:13:20+00:00,auth-api-7f8d1,auth-api,0,189.82,0.3707,0,
auth-api-7f8d1_801,2026-07-13T09:13:21+00:00,auth-api-7f8d1,auth-api,0,207.58,0.4054,0,
auth-api-7f8d1_802,2026-07-13T09:13:22+00:00,auth-api-7f8d1,auth-api,0,219.8,0.4293,0,
auth-api-7f8d1_803,2026-07-13T09:13:23+00:00,auth-api-7f8d1,auth-api,0,214.67,0.4193,0,
auth-api-7f8d1_804,2026-07-13T09:13:24+00:00,auth-api-7f8d1,auth-api,0,218.4,0.4266,0,
auth-api-7f8d1_805,2026-07-13T09:13:25+00:00,auth-api-7f8d1,auth-api,0,203.53,0.3975,0,
auth-api-7f8d1_806,2026-07-13T09:13:26+00:00,auth-api-7f8d1,auth-api,0,209.29,0.4088,0,
auth-api-7f8d1_807,2026-07-13T09:13:27+00:00,auth-api-7f8d1,auth-api,0,222.59,0.4347,0,
auth-api-7f8d1_808,2026-07-13T09:13:28+00:00,auth-api-7f8d1,auth-api,0,209.19,0.4086,0,
auth-api-7f8d1_809,2026-07-13T09:13:29+00:00,auth-api-7f8d1,auth-api,0,217.64,0.4251,0,
auth-api-7f8d1_810,2026-07-13T09:13:30+00:00,auth-api-7f8d1,auth-api,0,208.14,0.4065,0,
auth-api-7f8d1_811,2026-07-13T09:13:31+00:00,auth-api-7f8d1,auth-api,0,199.16,0.389,0,
auth-api-7f8d1_812,2026-07-13T09:13:32+00:00,auth-api-7f8d1,auth-api,0,212.1,0.4143,0,
auth-api-7f8d1_813,2026-07-13T09:13:33+00:00,auth-api-7f8d1,auth-api,0,201.98,0.3945,0,
auth-api-7f8d1_814,2026-07-13T09:13:34+00:00,auth-api-7f8d1,auth-api,0,193.94,0.3788,0,
auth-api-7f8d1_815,2026-07-13T09:13:35+00:00,auth-api-7f8d1,auth-api,0,212.37,0.4148,0,
auth-api-7f8d1_816,2026-07-13T09:13:36+00:00,auth-api-7f8d1,auth-api,0,208.49,0.4072,0,
auth-api-7f8d1_817,2026-07-13T09:13:37+00:00,auth-api-7f8d1,auth-api,0,206.76,0.4038,0,
auth-api-7f8d1_818,2026-07-13T09:13:38+00:00,auth-api-7f8d1,auth-api,0,212.9,0.4158,0,
auth-api-7f8d1_819,2026-07-13T09:13:39+00:00,auth-api-7f8d1,auth-api,0,212.24,0.4145,0,
auth-api-7f8d1_820,2026-07-13T09:13:40+00:00,auth-api-7f8d1,auth-api,0,199.24,0.3891,0,
auth-api-7f8d1_821,2026-07-13T09:13:41+00:00,auth-api-7f8d1,auth-api,0,211.77,0.4136,0,
auth-api-7f8d1_822,2026-07-13T09:13:42+00:00,auth-api-7f8d1,auth-api,0,208.95,0.4081,0,
auth-api-7f8d1_823,2026-07-13T09:13:43+00:00,auth-api-7f8d1,auth-api,0,231.2,0.4516,0,
auth-api-7f8d1_824,2026-07-13T09:13:44+00:00,auth-api-7f8d1,auth-api,0,204.42,0.3993,0,
auth-api-7f8d1_825,2026-07-13T09:13:45+00:00,auth-api-7f8d1,auth-api,0,217.63,0.4251,0,
auth-api-7f8d1_826,2026-07-13T09:13:46+00:00,auth-api-7f8d1,auth-api,0,216.31,0.4225,0,
auth-api-7f8d1_827,2026-07-13T09:13:47+00:00,auth-api-7f8d1,auth-api,0,209.77,0.4097,0,
auth-api-7f8d1_828,2026-07-13T09:13:48+00:00,auth-api-7f8d1,auth-api,0,210.88,0.4119,0,
auth-api-7f8d1_829,2026-07-13T09:13:49+00:00,auth-api-7f8d1,auth-api,0,209.12,0.4084,0,
auth-api-7f8d1_830,2026-07-13T09:13:50+00:00,auth-api-7f8d1,auth-api,0,206.4,0.4031,0,
auth-api-7f8d1_831,2026-07-13T09:13:51+00:00,auth-api-7f8d1,auth-api,0,211.23,0.4126,0,
auth-api-7f8d1_832,2026-07-13T09:13:52+00:00,auth-api-7f8d1,auth-api,0,211.43,0.4129,0,
auth-api-7f8d1_833,2026-07-13T09:13:53+00:00,auth-api-7f8d1,auth-api,0,219.59,0.4289,0,
auth-api-7f8d1_834,2026-07-13T09:13:54+00:00,auth-api-7f8d1,auth-api,0,209.28,0.4088,0,
auth-api-7f8d1_835,2026-07-13T09:13:55+00:00,auth-api-7f8d1,auth-api,0,202.1,0.3947,0,
auth-api-7f8d1_836,2026-07-13T09:13:56+00:00,auth-api-7f8d1,auth-api,0,211.66,0.4134,0,
auth-api-7f8d1_837,2026-07-13T09:13:57+00:00,auth-api-7f8d1,auth-api,0,206.06,0.4025,0,
auth-api-7f8d1_838,2026-07-13T09:13:58+00:00,auth-api-7f8d1,auth-api,0,201.07,0.3927,0,
auth-api-7f8d1_839,2026-07-13T09:13:59+00:00,auth-api-7f8d1,auth-api,0,215.85,0.4216,0,
auth-api-7f8d1_840,2026-07-13T09:14:00+00:00,auth-api-7f8d1,auth-api,0,206.45,0.4032,0,
auth-api-7f8d1_841,2026-07-13T09:14:01+00:00,auth-api-7f8d1,auth-api,0,201.16,0.3929,0,
auth-api-7f8d1_842,2026-07-13T09:14:02+00:00,auth-api-7f8d1,auth-api,0,209.6,0.4094,0,
auth-api-7f8d1_843,2026-07-13T09:14:03+00:00,auth-api-7f8d1,auth-api,0,210.21,0.4106,0,
auth-api-7f8d1_844,2026-07-13T09:14:04+00:00,auth-api-7f8d1,auth-api,0,213.96,0.4179,0,
auth-api-7f8d1_845,2026-07-13T09:14:05+00:00,auth-api-7f8d1,auth-api,0,208.85,0.4079,0,
auth-api-7f8d1_846,2026-07-13T09:14:06+00:00,auth-api-7f8d1,auth-api,0,205.21,0.4008,0,
auth-api-7f8d1_847,2026-07-13T09:14:07+00:00,auth-api-7f8d1,auth-api,0,219.2,0.4281,0,
auth-api-7f8d1_848,2026-07-13T09:14:08+00:00,auth-api-7f8d1,auth-api,0,221.01,0.4317,0,
auth-api-7f8d1_849,2026-07-13T09:14:09+00:00,auth-api-7f8d1,auth-api,0,226.08,0.4416,0,
auth-api-7f8d1_850,2026-07-13T09:14:10+00:00,auth-api-7f8d1,auth-api,0,207.34,0.405,0,
auth-api-7f8d1_851,2026-07-13T09:14:11+00:00,auth-api-7f8d1,auth-api,0,223.74,0.437,0,
auth-api-7f8d1_852,2026-07-13T09:14:12+00:00,auth-api-7f8d1,auth-api,0,213.61,0.4172,0,
auth-api-7f8d1_853,2026-07-13T09:14:13+00:00,auth-api-7f8d1,auth-api,0,216.35,0.4226,0,
auth-api-7f8d1_854,2026-07-13T09:14:14+00:00,auth-api-7f8d1,auth-api,0,205.39,0.4012,0,
auth-api-7f8d1_855,2026-07-13T09:14:15+00:00,auth-api-7f8d1,auth-api,0,200.46,0.3915,0,
auth-api-7f8d1_856,2026-07-13T09:14:16+00:00,auth-api-7f8d1,auth-api,0,211.77,0.4136,0,
auth-api-7f8d1_857,2026-07-13T09:14:17+00:00,auth-api-7f8d1,auth-api,0,208.37,0.407,0,
auth-api-7f8d1_858,2026-07-13T09:14:18+00:00,auth-api-7f8d1,auth-api,0,213.21,0.4164,0,
auth-api-7f8d1_859,2026-07-13T09:14:19+00:00,auth-api-7f8d1,auth-api,0,215.0,0.4199,0,
auth-api-7f8d1_860,2026-07-13T09:14:20+00:00,auth-api-7f8d1,auth-api,0,212.13,0.4143,0,
auth-api-7f8d1_861,2026-07-13T09:14:21+00:00,auth-api-7f8d1,auth-api,0,217.18,0.4242,0,
auth-api-7f8d1_862,2026-07-13T09:14:22+00:00,auth-api-7f8d1,auth-api,0,226.93,0.4432,0,
auth-api-7f8d1_863,2026-07-13T09:14:23+00:00,auth-api-7f8d1,auth-api,0,190.12,0.3713,0,
auth-api-7f8d1_864,2026-07-13T09:14:24+00:00,auth-api-7f8d1,auth-api,0,210.79,0.4117,0,
auth-api-7f8d1_865,2026-07-13T09:14:25+00:00,auth-api-7f8d1,auth-api,0,208.26,0.4068,0,
auth-api-7f8d1_866,2026-07-13T09:14:26+00:00,auth-api-7f8d1,auth-api,0,218.3,0.4264,0,
auth-api-7f8d1_867,2026-07-13T09:14:27+00:00,auth-api-7f8d1,auth-api,0,220.64,0.4309,0,
auth-api-7f8d1_868,2026-07-13T09:14:28+00:00,auth-api-7f8d1,auth-api,0,203.08,0.3966,0,
auth-api-7f8d1_869,2026-07-13T09:14:29+00:00,auth-api-7f8d1,auth-api,0,204.39,0.3992,0,
catalog-api-9b2e0_30,2026-07-13T09:00:30+00:00,catalog-api-9b2e0,catalog-api,0,250.54,0.3915,0,
catalog-api-9b2e0_31,2026-07-13T09:00:31+00:00,catalog-api-9b2e0,catalog-api,0,250.86,0.392,0,
catalog-api-9b2e0_32,2026-07-13T09:00:32+00:00,catalog-api-9b2e0,catalog-api,0,264.58,0.4134,0,
catalog-api-9b2e0_33,2026-07-13T09:00:33+00:00,catalog-api-9b2e0,catalog-api,0,254.29,0.3973,0,
catalog-api-9b2e0_34,2026-07-13T09:00:34+00:00,catalog-api-9b2e0,catalog-api,0,255.24,0.3988,0,
catalog-api-9b2e0_35,2026-07-13T09:00:35+00:00,catalog-api-9b2e0,catalog-api,0,248.32,0.388,0,
catalog-api-9b2e0_36,2026-07-13T09:00:36+00:00,catalog-api-9b2e0,catalog-api,0,249.12,0.3892,0,
catalog-api-9b2e0_37,2026-07-13T09:00:37+00:00,catalog-api-9b2e0,catalog-api,0,252.32,0.3942,0,
catalog-api-9b2e0_38,2026-07-13T09:00:38+00:00,catalog-api-9b2e0,catalog-api,0,278.48,0.4351,0,
catalog-api-9b2e0_39,2026-07-13T09:00:39+00:00,catalog-api-9b2e0,catalog-api,0,250.15,0.3909,0,
catalog-api-9b2e0_40,2026-07-13T09:00:40+00:00,catalog-api-9b2e0,catalog-api,0,259.69,0.4058,0,
catalog-api-9b2e0_41,2026-07-13T09:00:41+00:00,catalog-api-9b2e0,catalog-api,0,260.66,0.4073,0,
catalog-api-9b2e0_42,2026-07-13T09:00:42+00:00,catalog-api-9b2e0,catalog-api,0,269.71,0.4214,0,
catalog-api-9b2e0_43,2026-07-13T09:00:43+00:00,catalog-api-9b2e0,catalog-api,0,262.27,0.4098,0,
catalog-api-9b2e0_44,2026-07-13T09:00:44+00:00,catalog-api-9b2e0,catalog-api,0,255.08,0.3986,0,
catalog-api-9b2e0_45,2026-07-13T09:00:45+00:00,catalog-api-9b2e0,catalog-api,0,250.24,0.391,0,
catalog-api-9b2e0_46,2026-07-13T09:00:46+00:00,catalog-api-9b2e0,catalog-api,0,266.05,0.4157,0,
catalog-api-9b2e0_47,2026-07-13T09:00:47+00:00,catalog-api-9b2e0,catalog-api,0,275.62,0.4307,0,
catalog-api-9b2e0_48,2026-07-13T09:00:48+00:00,catalog-api-9b2e0,catalog-api,0,255.31,0.3989,0,
catalog-api-9b2e0_49,2026-07-13T09:00:49+00:00,catalog-api-9b2e0,catalog-api,0,250.33,0.3911,0,
catalog-api-9b2e0_50,2026-07-13T09:00:50+00:00,catalog-api-9b2e0,catalog-api,0,267.36,0.4178,0,
catalog-api-9b2e0_51,2026-07-13T09:00:51+00:00,catalog-api-9b2e0,catalog-api,0,248.89,0.3889,0,
catalog-api-9b2e0_52,2026-07-13T09:00:52+00:00,catalog-api-9b2e0,catalog-api,0,260.06,0.4063,0,
catalog-api-9b2e0_53,2026-07-13T09:00:53+00:00,catalog-api-9b2e0,catalog-api,0,266.36,0.4162,0,
catalog-api-9b2e0_54,2026-07-13T09:00:54+00:00,catalog-api-9b2e0,catalog-api,0,265.97,0.4156,0,
catalog-api-9b2e0_55,2026-07-13T09:00:55+00:00,catalog-api-9b2e0,catalog-api,0,248.87,0.3889,0,
catalog-api-9b2e0_56,2026-07-13T09:00:56+00:00,catalog-api-9b2e0,catalog-api,0,258.95,0.4046,0,
catalog-api-9b2e0_57,2026-07-13T09:00:57+00:00,catalog-api-9b2e0,catalog-api,0,244.77,0.3825,0,
catalog-api-9b2e0_58,2026-07-13T09:00:58+00:00,catalog-api-9b2e0,catalog-api,0,238.63,0.3729,0,
catalog-api-9b2e0_59,2026-07-13T09:00:59+00:00,catalog-api-9b2e0,catalog-api,0,273.24,0.4269,0,
catalog-api-9b2e0_60,2026-07-13T09:01:00+00:00,catalog-api-9b2e0,catalog-api,0,265.24,0.4144,0,
catalog-api-9b2e0_61,2026-07-13T09:01:01+00:00,catalog-api-9b2e0,catalog-api,0,248.96,0.389,0,
catalog-api-9b2e0_62,2026-07-13T09:01:02+00:00,catalog-api-9b2e0,catalog-api,0,271.57,0.4243,0,
catalog-api-9b2e0_63,2026-07-13T09:01:03+00:00,catalog-api-9b2e0,catalog-api,0,261.58,0.4087,0,
catalog-api-9b2e0_64,2026-07-13T09:01:04+00:00,catalog-api-9b2e0,catalog-api,0,262.16,0.4096,0,
catalog-api-9b2e0_65,2026-07-13T09:01:05+00:00,catalog-api-9b2e0,catalog-api,0,268.45,0.4195,0,
catalog-api-9b2e0_66,2026-07-13T09:01:06+00:00,catalog-api-9b2e0,catalog-api,0,263.9,0.4123,0,
catalog-api-9b2e0_67,2026-07-13T09:01:07+00:00,catalog-api-9b2e0,catalog-api,0,266.51,0.4164,0,
catalog-api-9b2e0_68,2026-07-13T09:01:08+00:00,catalog-api-9b2e0,catalog-api,0,263.03,0.411,0,
catalog-api-9b2e0_69,2026-07-13T09:01:09+00:00,catalog-api-9b2e0,catalog-api,0,254.83,0.3982,0,
catalog-api-9b2e0_70,2026-07-13T09:01:10+00:00,catalog-api-9b2e0,catalog-api,0,255.89,0.3998,0,
catalog-api-9b2e0_71,2026-07-13T09:01:11+00:00,catalog-api-9b2e0,catalog-api,0,255.43,0.3991,0,
catalog-api-9b2e0_72,2026-07-13T09:01:12+00:00,catalog-api-9b2e0,catalog-api,0,262.57,0.4103,0,
catalog-api-9b2e0_73,2026-07-13T09:01:13+00:00,catalog-api-9b2e0,catalog-api,0,253.24,0.3957,0,
catalog-api-9b2e0_74,2026-07-13T09:01:14+00:00,catalog-api-9b2e0,catalog-api,0,270.57,0.4228,0,
catalog-api-9b2e0_75,2026-07-13T09:01:15+00:00,catalog-api-9b2e0,catalog-api,0,274.78,0.4293,0,
catalog-api-9b2e0_76,2026-07-13T09:01:16+00:00,catalog-api-9b2e0,catalog-api,0,263.54,0.4118,0,
catalog-api-9b2e0_77,2026-07-13T09:01:17+00:00,catalog-api-9b2e0,catalog-api,0,251.05,0.3923,0,
catalog-api-9b2e0_78,2026-07-13T09:01:18+00:00,catalog-api-9b2e0,catalog-api,0,274.58,0.429,0,
catalog-api-9b2e0_79,2026-07-13T09:01:19+00:00,catalog-api-9b2e0,catalog-api,0,251.48,0.3929,0,
catalog-api-9b2e0_80,2026-07-13T09:01:20+00:00,catalog-api-9b2e0,catalog-api,0,244.7,0.3823,0,
catalog-api-9b2e0_81,2026-07-13T09:01:21+00:00,catalog-api-9b2e0,catalog-api,0,259.42,0.4053,0,
catalog-api-9b2e0_82,2026-07-13T09:01:22+00:00,catalog-api-9b2e0,catalog-api,0,249.89,0.3905,0,
catalog-api-9b2e0_83,2026-07-13T09:01:23+00:00,catalog-api-9b2e0,catalog-api,0,275.1,0.4298,0,
catalog-api-9b2e0_84,2026-07-13T09:01:24+00:00,catalog-api-9b2e0,catalog-api,0,261.21,0.4081,0,
catalog-api-9b2e0_85,2026-07-13T09:01:25+00:00,catalog-api-9b2e0,catalog-api,0,247.18,0.3862,0,
catalog-api-9b2e0_86,2026-07-13T09:01:26+00:00,catalog-api-9b2e0,catalog-api,0,264.15,0.4127,0,
catalog-api-9b2e0_87,2026-07-13T09:01:27+00:00,catalog-api-9b2e0,catalog-api,0,268.04,0.4188,0,
catalog-api-9b2e0_88,2026-07-13T09:01:28+00:00,catalog-api-9b2e0,catalog-api,0,272.61,0.426,0,
catalog-api-9b2e0_89,2026-07-13T09:01:29+00:00,catalog-api-9b2e0,catalog-api,0,270.39,0.4225,0,
catalog-api-9b2e0_90,2026-07-13T09:01:30+00:00,catalog-api-9b2e0,catalog-api,0,265.98,0.4156,0,
catalog-api-9b2e0_91,2026-07-13T09:01:31+00:00,catalog-api-9b2e0,catalog-api,0,268.81,0.42,0,
catalog-api-9b2e0_92,2026-07-13T09:01:32+00:00,catalog-api-9b2e0,catalog-api,0,261.53,0.4086,0,
catalog-api-9b2e0_93,2026-07-13T09:01:33+00:00,catalog-api-9b2e0,catalog-api,0,257.19,0.4019,0,
catalog-api-9b2e0_94,2026-07-13T09:01:34+00:00,catalog-api-9b2e0,catalog-api,0,255.4,0.3991,0,
catalog-api-9b2e0_95,2026-07-13T09:01:35+00:00,catalog-api-9b2e0,catalog-api,0,262.05,0.4095,0,
catalog-api-9b2e0_96,2026-07-13T09:01:36+00:00,catalog-api-9b2e0,catalog-api,0,244.45,0.382,0,
catalog-api-9b2e0_97,2026-07-13T09:01:37+00:00,catalog-api-9b2e0,catalog-api,0,254.39,0.3975,0,
catalog-api-9b2e0_98,2026-07-13T09:01:38+00:00,catalog-api-9b2e0,catalog-api,0,248.84,0.3888,0,
catalog-api-9b2e0_99,2026-07-13T09:01:39+00:00,catalog-api-9b2e0,catalog-api,0,257.0,0.4016,0,
catalog-api-9b2e0_100,2026-07-13T09:01:40+00:00,catalog-api-9b2e0,catalog-api,0,258.18,0.4034,0,
catalog-api-9b2e0_101,2026-07-13T09:01:41+00:00,catalog-api-9b2e0,catalog-api,0,268.91,0.4202,0,
catalog-api-9b2e0_102,2026-07-13T09:01:42+00:00,catalog-api-9b2e0,catalog-api,0,256.99,0.4015,0,
catalog-api-9b2e0_103,2026-07-13T09:01:43+00:00,catalog-api-9b2e0,catalog-api,0,252.45,0.3945,0,
catalog-api-9b2e0_104,2026-07-13T09:01:44+00:00,catalog-api-9b2e0,catalog-api,0,265.84,0.4154,0,
catalog-api-9b2e0_105,2026-07-13T09:01:45+00:00,catalog-api-9b2e0,catalog-api,0,241.08,0.3767,0,
catalog-api-9b2e0_106,2026-07-13T09:01:46+00:00,catalog-api-9b2e0,catalog-api,0,254.8,0.3981,0,
catalog-api-9b2e0_107,2026-07-13T09:01:47+00:00,catalog-api-9b2e0,catalog-api,0,258.39,0.4037,0,
catalog-api-9b2e0_108,2026-07-13T09:01:48+00:00,catalog-api-9b2e0,catalog-api,0,262.34,0.4099,0,
catalog-api-9b2e0_109,2026-07-13T09:01:49+00:00,catalog-api-9b2e0,catalog-api,0,265.04,0.4141,0,
catalog-api-9b2e0_110,2026-07-13T09:01:50+00:00,catalog-api-9b2e0,catalog-api,0,251.08,0.3923,0,
catalog-api-9b2e0_111,2026-07-13T09:01:51+00:00,catalog-api-9b2e0,catalog-api,0,271.14,0.4237,0,
catalog-api-9b2e0_112,2026-07-13T09:01:52+00:00,catalog-api-9b2e0,catalog-api,0,251.32,0.3927,0,
catalog-api-9b2e0_113,2026-07-13T09:01:53+00:00,catalog-api-9b2e0,catalog-api,0,261.13,0.408,0,
catalog-api-9b2e0_114,2026-07-13T09:01:54+00:00,catalog-api-9b2e0,catalog-api,0,262.09,0.4095,0,
catalog-api-9b2e0_115,2026-07-13T09:01:55+00:00,catalog-api-9b2e0,catalog-api,0,267.04,0.4173,0,
catalog-api-9b2e0_116,2026-07-13T09:01:56+00:00,catalog-api-9b2e0,catalog-api,0,261.55,0.4087,0,
catalog-api-9b2e0_117,2026-07-13T09:01:57+00:00,catalog-api-9b2e0,catalog-api,0,262.1,0.4095,0,
catalog-api-9b2e0_118,2026-07-13T09:01:58+00:00,catalog-api-9b2e0,catalog-api,0,265.65,0.4151,0,
catalog-api-9b2e0_119,2026-07-13T09:01:59+00:00,catalog-api-9b2e0,catalog-api,0,247.75,0.3871,0,
catalog-api-9b2e0_120,2026-07-13T09:02:00+00:00,catalog-api-9b2e0,catalog-api,0,254.86,0.3982,0,
catalog-api-9b2e0_121,2026-07-13T09:02:01+00:00,catalog-api-9b2e0,catalog-api,0,272.82,0.4263,0,
catalog-api-9b2e0_122,2026-07-13T09:02:02+00:00,catalog-api-9b2e0,catalog-api,0,269.4,0.4209,0,
catalog-api-9b2e0_123,2026-07-13T09:02:03+00:00,catalog-api-9b2e0,catalog-api,0,267.03,0.4172,0,
catalog-api-9b2e0_124,2026-07-13T09:02:04+00:00,catalog-api-9b2e0,catalog-api,0,256.72,0.4011,0,
catalog-api-9b2e0_125,2026-07-13T09:02:05+00:00,catalog-api-9b2e0,catalog-api,0,274.22,0.4285,0,
catalog-api-9b2e0_126,2026-07-13T09:02:06+00:00,catalog-api-9b2e0,catalog-api,0,262.1,0.4095,0,
catalog-api-9b2e0_127,2026-07-13T09:02:07+00:00,catalog-api-9b2e0,catalog-api,0,252.94,0.3952,0,
catalog-api-9b2e0_128,2026-07-13T09:02:08+00:00,catalog-api-9b2e0,catalog-api,0,255.58,0.3993,0,
catalog-api-9b2e0_129,2026-07-13T09:02:09+00:00,catalog-api-9b2e0,catalog-api,0,254.63,0.3979,0,
catalog-api-9b2e0_130,2026-07-13T09:02:10+00:00,catalog-api-9b2e0,catalog-api,0,267.25,0.4176,0,
catalog-api-9b2e0_131,2026-07-13T09:02:11+00:00,catalog-api-9b2e0,catalog-api,0,249.99,0.3906,0,
catalog-api-9b2e0_132,2026-07-13T09:02:12+00:00,catalog-api-9b2e0,catalog-api,0,268.64,0.4197,0,
catalog-api-9b2e0_133,2026-07-13T09:02:13+00:00,catalog-api-9b2e0,catalog-api,0,261.77,0.409,0,
catalog-api-9b2e0_134,2026-07-13T09:02:14+00:00,catalog-api-9b2e0,catalog-api,0,261.98,0.4093,0,
catalog-api-9b2e0_135,2026-07-13T09:02:15+00:00,catalog-api-9b2e0,catalog-api,0,256.35,0.4005,0,
catalog-api-9b2e0_136,2026-07-13T09:02:16+00:00,catalog-api-9b2e0,catalog-api,0,260.2,0.4066,0,
catalog-api-9b2e0_137,2026-07-13T09:02:17+00:00,catalog-api-9b2e0,catalog-api,0,256.47,0.4007,0,
catalog-api-9b2e0_138,2026-07-13T09:02:18+00:00,catalog-api-9b2e0,catalog-api,0,262.76,0.4106,0,
catalog-api-9b2e0_139,2026-07-13T09:02:19+00:00,catalog-api-9b2e0,catalog-api,0,269.1,0.4205,0,
catalog-api-9b2e0_140,2026-07-13T09:02:20+00:00,catalog-api-9b2e0,catalog-api,0,263.38,0.4115,0,
catalog-api-9b2e0_141,2026-07-13T09:02:21+00:00,catalog-api-9b2e0,catalog-api,0,262.63,0.4104,0,
catalog-api-9b2e0_142,2026-07-13T09:02:22+00:00,catalog-api-9b2e0,catalog-api,0,255.93,0.3999,0,
catalog-api-9b2e0_143,2026-07-13T09:02:23+00:00,catalog-api-9b2e0,catalog-api,0,258.69,0.4042,0,
catalog-api-9b2e0_144,2026-07-13T09:02:24+00:00,catalog-api-9b2e0,catalog-api,0,261.61,0.4088,0,
catalog-api-9b2e0_145,2026-07-13T09:02:25+00:00,catalog-api-9b2e0,catalog-api,0,253.46,0.396,0,
catalog-api-9b2e0_146,2026-07-13T09:02:26+00:00,catalog-api-9b2e0,catalog-api,0,255.85,0.3998,0,
catalog-api-9b2e0_147,2026-07-13T09:02:27+00:00,catalog-api-9b2e0,catalog-api,0,262.2,0.4097,0,
catalog-api-9b2e0_148,2026-07-13T09:02:28+00:00,catalog-api-9b2e0,catalog-api,0,267.0,0.4172,0,
catalog-api-9b2e0_149,2026-07-13T09:02:29+00:00,catalog-api-9b2e0,catalog-api,0,252.08,0.3939,0,
catalog-api-9b2e0_150,2026-07-13T09:02:30+00:00,catalog-api-9b2e0,catalog-api,0,257.65,0.4026,0,
catalog-api-9b2e0_151,2026-07-13T09:02:31+00:00,catalog-api-9b2e0,catalog-api,0,252.65,0.3948,0,
catalog-api-9b2e0_152,2026-07-13T09:02:32+00:00,catalog-api-9b2e0,catalog-api,0,257.58,0.4025,0,
catalog-api-9b2e0_153,2026-07-13T09:02:33+00:00,catalog-api-9b2e0,catalog-api,0,266.61,0.4166,0,
catalog-api-9b2e0_154,2026-07-13T09:02:34+00:00,catalog-api-9b2e0,catalog-api,0,261.5,0.4086,0,
catalog-api-9b2e0_155,2026-07-13T09:02:35+00:00,catalog-api-9b2e0,catalog-api,0,265.28,0.4145,0,
catalog-api-9b2e0_156,2026-07-13T09:02:36+00:00,catalog-api-9b2e0,catalog-api,0,258.31,0.4036,0,
catalog-api-9b2e0_157,2026-07-13T09:02:37+00:00,catalog-api-9b2e0,catalog-api,0,273.24,0.4269,0,
catalog-api-9b2e0_158,2026-07-13T09:02:38+00:00,catalog-api-9b2e0,catalog-api,0,266.03,0.4157,0,
catalog-api-9b2e0_159,2026-07-13T09:02:39+00:00,catalog-api-9b2e0,catalog-api,0,256.07,0.4001,0,
catalog-api-9b2e0_160,2026-07-13T09:02:40+00:00,catalog-api-9b2e0,catalog-api,0,259.78,0.4059,0,
catalog-api-9b2e0_161,2026-07-13T09:02:41+00:00,catalog-api-9b2e0,catalog-api,0,257.91,0.403,0,
catalog-api-9b2e0_162,2026-07-13T09:02:42+00:00,catalog-api-9b2e0,catalog-api,0,249.01,0.3891,0,
catalog-api-9b2e0_163,2026-07-13T09:02:43+00:00,catalog-api-9b2e0,catalog-api,0,262.4,0.41,0,
catalog-api-9b2e0_164,2026-07-13T09:02:44+00:00,catalog-api-9b2e0,catalog-api,0,254.8,0.3981,0,
catalog-api-9b2e0_165,2026-07-13T09:02:45+00:00,catalog-api-9b2e0,catalog-api,0,270.95,0.4234,0,
catalog-api-9b2e0_166,2026-07-13T09:02:46+00:00,catalog-api-9b2e0,catalog-api,0,262.37,0.41,0,
catalog-api-9b2e0_167,2026-07-13T09:02:47+00:00,catalog-api-9b2e0,catalog-api,0,258.47,0.4039,0,
catalog-api-9b2e0_168,2026-07-13T09:02:48+00:00,catalog-api-9b2e0,catalog-api,0,266.42,0.4163,0,
catalog-api-9b2e0_169,2026-07-13T09:02:49+00:00,catalog-api-9b2e0,catalog-api,0,242.63,0.3791,0,
catalog-api-9b2e0_170,2026-07-13T09:02:50+00:00,catalog-api-9b2e0,catalog-api,0,258.85,0.4045,0,
catalog-api-9b2e0_171,2026-07-13T09:02:51+00:00,catalog-api-9b2e0,catalog-api,0,268.33,0.4193,0,
catalog-api-9b2e0_172,2026-07-13T09:02:52+00:00,catalog-api-9b2e0,catalog-api,0,257.31,0.402,0,
catalog-api-9b2e0_173,2026-07-13T09:02:53+00:00,catalog-api-9b2e0,catalog-api,0,249.26,0.3895,0,
catalog-api-9b2e0_174,2026-07-13T09:02:54+00:00,catalog-api-9b2e0,catalog-api,0,260.52,0.4071,0,
catalog-api-9b2e0_175,2026-07-13T09:02:55+00:00,catalog-api-9b2e0,catalog-api,0,255.5,0.3992,0,
catalog-api-9b2e0_176,2026-07-13T09:02:56+00:00,catalog-api-9b2e0,catalog-api,0,259.05,0.4048,0,
catalog-api-9b2e0_177,2026-07-13T09:02:57+00:00,catalog-api-9b2e0,catalog-api,0,259.87,0.406,0,
catalog-api-9b2e0_178,2026-07-13T09:02:58+00:00,catalog-api-9b2e0,catalog-api,0,254.78,0.3981,0,
catalog-api-9b2e0_179,2026-07-13T09:02:59+00:00,catalog-api-9b2e0,catalog-api,0,270.16,0.4221,0,
catalog-api-9b2e0_180,2026-07-13T09:03:00+00:00,catalog-api-9b2e0,catalog-api,0,264.85,0.4138,0,
catalog-api-9b2e0_181,2026-07-13T09:03:01+00:00,catalog-api-9b2e0,catalog-api,0,254.25,0.3973,0,
catalog-api-9b2e0_182,2026-07-13T09:03:02+00:00,catalog-api-9b2e0,catalog-api,0,268.89,0.4201,0,
catalog-api-9b2e0_183,2026-07-13T09:03:03+00:00,catalog-api-9b2e0,catalog-api,0,268.71,0.4199,0,
catalog-api-9b2e0_184,2026-07-13T09:03:04+00:00,catalog-api-9b2e0,catalog-api,0,245.36,0.3834,0,
catalog-api-9b2e0_185,2026-07-13T09:03:05+00:00,catalog-api-9b2e0,catalog-api,0,268.96,0.4202,0,
catalog-api-9b2e0_186,2026-07-13T09:03:06+00:00,catalog-api-9b2e0,catalog-api,0,263.39,0.4115,0,
catalog-api-9b2e0_187,2026-07-13T09:03:07+00:00,catalog-api-9b2e0,catalog-api,0,264.19,0.4128,0,
catalog-api-9b2e0_188,2026-07-13T09:03:08+00:00,catalog-api-9b2e0,catalog-api,0,248.76,0.3887,0,
catalog-api-9b2e0_189,2026-07-13T09:03:09+00:00,catalog-api-9b2e0,catalog-api,0,260.3,0.4067,0,
catalog-api-9b2e0_190,2026-07-13T09:03:10+00:00,catalog-api-9b2e0,catalog-api,0,281.01,0.4391,0,
catalog-api-9b2e0_191,2026-07-13T09:03:11+00:00,catalog-api-9b2e0,catalog-api,0,263.86,0.4123,0,
catalog-api-9b2e0_192,2026-07-13T09:03:12+00:00,catalog-api-9b2e0,catalog-api,0,267.23,0.4175,0,
catalog-api-9b2e0_193,2026-07-13T09:03:13+00:00,catalog-api-9b2e0,catalog-api,0,258.82,0.4044,0,
catalog-api-9b2e0_194,2026-07-13T09:03:14+00:00,catalog-api-9b2e0,catalog-api,0,255.5,0.3992,0,
catalog-api-9b2e0_195,2026-07-13T09:03:15+00:00,catalog-api-9b2e0,catalog-api,0,251.45,0.3929,0,
catalog-api-9b2e0_196,2026-07-13T09:03:16+00:00,catalog-api-9b2e0,catalog-api,0,250.14,0.3908,0,
catalog-api-9b2e0_197,2026-07-13T09:03:17+00:00,catalog-api-9b2e0,catalog-api,0,254.33,0.3974,0,
catalog-api-9b2e0_198,2026-07-13T09:03:18+00:00,catalog-api-9b2e0,catalog-api,0,273.96,0.4281,0,
catalog-api-9b2e0_199,2026-07-13T09:03:19+00:00,catalog-api-9b2e0,catalog-api,0,260.32,0.4068,0,
catalog-api-9b2e0_200,2026-07-13T09:03:20+00:00,catalog-api-9b2e0,catalog-api,0,264.6,0.4134,0,
catalog-api-9b2e0_201,2026-07-13T09:03:21+00:00,catalog-api-9b2e0,catalog-api,0,241.27,0.377,0,
catalog-api-9b2e0_202,2026-07-13T09:03:22+00:00,catalog-api-9b2e0,catalog-api,0,268.36,0.4193,0,
catalog-api-9b2e0_203,2026-07-13T09:03:23+00:00,catalog-api-9b2e0,catalog-api,0,264.69,0.4136,0,
catalog-api-9b2e0_204,2026-07-13T09:03:24+00:00,catalog-api-9b2e0,catalog-api,0,259.33,0.4052,0,
catalog-api-9b2e0_205,2026-07-13T09:03:25+00:00,catalog-api-9b2e0,catalog-api,0,262.03,0.4094,0,
catalog-api-9b2e0_206,2026-07-13T09:03:26+00:00,catalog-api-9b2e0,catalog-api,0,268.52,0.4196,0,
catalog-api-9b2e0_207,2026-07-13T09:03:27+00:00,catalog-api-9b2e0,catalog-api,0,262.12,0.4096,0,
catalog-api-9b2e0_208,2026-07-13T09:03:28+00:00,catalog-api-9b2e0,catalog-api,0,252.65,0.3948,0,
catalog-api-9b2e0_209,2026-07-13T09:03:29+00:00,catalog-api-9b2e0,catalog-api,0,267.88,0.4186,0,
catalog-api-9b2e0_210,2026-07-13T09:03:30+00:00,catalog-api-9b2e0,catalog-api,0,254.39,0.3975,0,
catalog-api-9b2e0_211,2026-07-13T09:03:31+00:00,catalog-api-9b2e0,catalog-api,0,274.11,0.4283,0,
catalog-api-9b2e0_212,2026-07-13T09:03:32+00:00,catalog-api-9b2e0,catalog-api,0,256.29,0.4005,0,
catalog-api-9b2e0_213,2026-07-13T09:03:33+00:00,catalog-api-9b2e0,catalog-api,0,264.55,0.4134,0,
catalog-api-9b2e0_214,2026-07-13T09:03:34+00:00,catalog-api-9b2e0,catalog-api,0,256.97,0.4015,0,
catalog-api-9b2e0_215,2026-07-13T09:03:35+00:00,catalog-api-9b2e0,catalog-api,0,268.6,0.4197,0,
catalog-api-9b2e0_216,2026-07-13T09:03:36+00:00,catalog-api-9b2e0,catalog-api,0,263.95,0.4124,0,
catalog-api-9b2e0_217,2026-07-13T09:03:37+00:00,catalog-api-9b2e0,catalog-api,0,270.44,0.4226,0,
catalog-api-9b2e0_218,2026-07-13T09:03:38+00:00,catalog-api-9b2e0,catalog-api,0,259.52,0.4055,0,
catalog-api-9b2e0_219,2026-07-13T09:03:39+00:00,catalog-api-9b2e0,catalog-api,0,265.86,0.4154,0,
catalog-api-9b2e0_220,2026-07-13T09:03:40+00:00,catalog-api-9b2e0,catalog-api,0,244.36,0.3818,0,
catalog-api-9b2e0_221,2026-07-13T09:03:41+00:00,catalog-api-9b2e0,catalog-api,0,255.64,0.3994,0,
catalog-api-9b2e0_222,2026-07-13T09:03:42+00:00,catalog-api-9b2e0,catalog-api,0,257.11,0.4017,0,
catalog-api-9b2e0_223,2026-07-13T09:03:43+00:00,catalog-api-9b2e0,catalog-api,0,263.57,0.4118,0,
catalog-api-9b2e0_224,2026-07-13T09:03:44+00:00,catalog-api-9b2e0,catalog-api,0,258.05,0.4032,0,
catalog-api-9b2e0_225,2026-07-13T09:03:45+00:00,catalog-api-9b2e0,catalog-api,0,265.14,0.4143,0,
catalog-api-9b2e0_226,2026-07-13T09:03:46+00:00,catalog-api-9b2e0,catalog-api,0,263.09,0.4111,0,
catalog-api-9b2e0_227,2026-07-13T09:03:47+00:00,catalog-api-9b2e0,catalog-api,0,266.12,0.4158,0,
catalog-api-9b2e0_228,2026-07-13T09:03:48+00:00,catalog-api-9b2e0,catalog-api,0,268.65,0.4198,0,
catalog-api-9b2e0_229,2026-07-13T09:03:49+00:00,catalog-api-9b2e0,catalog-api,0,261.25,0.4082,0,
catalog-api-9b2e0_230,2026-07-13T09:03:50+00:00,catalog-api-9b2e0,catalog-api,0,262.63,0.4104,0,
catalog-api-9b2e0_231,2026-07-13T09:03:51+00:00,catalog-api-9b2e0,catalog-api,0,254.63,0.3979,0,
catalog-api-9b2e0_232,2026-07-13T09:03:52+00:00,catalog-api-9b2e0,catalog-api,0,257.68,0.4026,0,
catalog-api-9b2e0_233,2026-07-13T09:03:53+00:00,catalog-api-9b2e0,catalog-api,0,256.04,0.4001,0,
catalog-api-9b2e0_234,2026-07-13T09:03:54+00:00,catalog-api-9b2e0,catalog-api,0,243.9,0.3811,0,
catalog-api-9b2e0_235,2026-07-13T09:03:55+00:00,catalog-api-9b2e0,catalog-api,0,264.87,0.4139,0,
catalog-api-9b2e0_236,2026-07-13T09:03:56+00:00,catalog-api-9b2e0,catalog-api,0,266.16,0.4159,0,
catalog-api-9b2e0_237,2026-07-13T09:03:57+00:00,catalog-api-9b2e0,catalog-api,0,269.75,0.4215,0,
catalog-api-9b2e0_238,2026-07-13T09:03:58+00:00,catalog-api-9b2e0,catalog-api,0,259.03,0.4047,0,
catalog-api-9b2e0_239,2026-07-13T09:03:59+00:00,catalog-api-9b2e0,catalog-api,0,253.87,0.3967,0,
catalog-api-9b2e0_240,2026-07-13T09:04:00+00:00,catalog-api-9b2e0,catalog-api,0,260.02,0.4063,0,
catalog-api-9b2e0_241,2026-07-13T09:04:01+00:00,catalog-api-9b2e0,catalog-api,0,280.41,0.4381,0,
catalog-api-9b2e0_242,2026-07-13T09:04:02+00:00,catalog-api-9b2e0,catalog-api,0,263.83,0.4122,0,
catalog-api-9b2e0_243,2026-07-13T09:04:03+00:00,catalog-api-9b2e0,catalog-api,0,259.07,0.4048,0,
catalog-api-9b2e0_244,2026-07-13T09:04:04+00:00,catalog-api-9b2e0,catalog-api,0,264.77,0.4137,0,
catalog-api-9b2e0_245,2026-07-13T09:04:05+00:00,catalog-api-9b2e0,catalog-api,0,250.15,0.3909,0,
catalog-api-9b2e0_246,2026-07-13T09:04:06+00:00,catalog-api-9b2e0,catalog-api,0,256.51,0.4008,0,
catalog-api-9b2e0_247,2026-07-13T09:04:07+00:00,catalog-api-9b2e0,catalog-api,0,252.16,0.394,0,
catalog-api-9b2e0_248,2026-07-13T09:04:08+00:00,catalog-api-9b2e0,catalog-api,0,270.45,0.4226,0,
catalog-api-9b2e0_249,2026-07-13T09:04:09+00:00,catalog-api-9b2e0,catalog-api,0,258.65,0.4041,0,
catalog-api-9b2e0_250,2026-07-13T09:04:10+00:00,catalog-api-9b2e0,catalog-api,0,258.65,0.4041,0,
catalog-api-9b2e0_251,2026-07-13T09:04:11+00:00,catalog-api-9b2e0,catalog-api,0,251.71,0.3933,0,
catalog-api-9b2e0_252,2026-07-13T09:04:12+00:00,catalog-api-9b2e0,catalog-api,0,253.73,0.3965,0,
catalog-api-9b2e0_253,2026-07-13T09:04:13+00:00,catalog-api-9b2e0,catalog-api,0,263.9,0.4123,0,
catalog-api-9b2e0_254,2026-07-13T09:04:14+00:00,catalog-api-9b2e0,catalog-api,0,266.73,0.4168,0,
catalog-api-9b2e0_255,2026-07-13T09:04:15+00:00,catalog-api-9b2e0,catalog-api,0,257.16,0.4018,0,
catalog-api-9b2e0_256,2026-07-13T09:04:16+00:00,catalog-api-9b2e0,catalog-api,0,256.48,0.4008,0,
catalog-api-9b2e0_257,2026-07-13T09:04:17+00:00,catalog-api-9b2e0,catalog-api,0,262.14,0.4096,0,
catalog-api-9b2e0_258,2026-07-13T09:04:18+00:00,catalog-api-9b2e0,catalog-api,0,258.22,0.4035,0,
catalog-api-9b2e0_259,2026-07-13T09:04:19+00:00,catalog-api-9b2e0,catalog-api,0,263.85,0.4123,0,
catalog-api-9b2e0_260,2026-07-13T09:04:20+00:00,catalog-api-9b2e0,catalog-api,0,248.2,0.3878,0,
catalog-api-9b2e0_261,2026-07-13T09:04:21+00:00,catalog-api-9b2e0,catalog-api,0,248.01,0.3875,0,
catalog-api-9b2e0_262,2026-07-13T09:04:22+00:00,catalog-api-9b2e0,catalog-api,0,255.23,0.3988,0,
catalog-api-9b2e0_263,2026-07-13T09:04:23+00:00,catalog-api-9b2e0,catalog-api,0,273.06,0.4267,0,
catalog-api-9b2e0_264,2026-07-13T09:04:24+00:00,catalog-api-9b2e0,catalog-api,0,259.61,0.4056,0,
catalog-api-9b2e0_265,2026-07-13T09:04:25+00:00,catalog-api-9b2e0,catalog-api,0,268.15,0.419,0,
catalog-api-9b2e0_266,2026-07-13T09:04:26+00:00,catalog-api-9b2e0,catalog-api,0,256.11,0.4002,0,
catalog-api-9b2e0_267,2026-07-13T09:04:27+00:00,catalog-api-9b2e0,catalog-api,0,255.8,0.3997,0,
catalog-api-9b2e0_268,2026-07-13T09:04:28+00:00,catalog-api-9b2e0,catalog-api,0,277.59,0.4337,0,
catalog-api-9b2e0_269,2026-07-13T09:04:29+00:00,catalog-api-9b2e0,catalog-api,0,256.39,0.4006,0,
catalog-api-9b2e0_270,2026-07-13T09:04:30+00:00,catalog-api-9b2e0,catalog-api,0,329.54,0.5149,0,
catalog-api-9b2e0_271,2026-07-13T09:04:31+00:00,catalog-api-9b2e0,catalog-api,0,296.42,0.4632,0,
catalog-api-9b2e0_272,2026-07-13T09:04:32+00:00,catalog-api-9b2e0,catalog-api,0,313.8,0.4903,0,
catalog-api-9b2e0_273,2026-07-13T09:04:33+00:00,catalog-api-9b2e0,catalog-api,0,301.45,0.471,0,
catalog-api-9b2e0_274,2026-07-13T09:04:34+00:00,catalog-api-9b2e0,catalog-api,0,311.74,0.4871,0,
catalog-api-9b2e0_275,2026-07-13T09:04:35+00:00,catalog-api-9b2e0,catalog-api,0,315.12,0.4924,0,
catalog-api-9b2e0_276,2026-07-13T09:04:36+00:00,catalog-api-9b2e0,catalog-api,0,310.82,0.4857,0,
catalog-api-9b2e0_277,2026-07-13T09:04:37+00:00,catalog-api-9b2e0,catalog-api,0,318.76,0.4981,0,
catalog-api-9b2e0_278,2026-07-13T09:04:38+00:00,catalog-api-9b2e0,catalog-api,0,337.4,0.5272,0,
catalog-api-9b2e0_279,2026-07-13T09:04:39+00:00,catalog-api-9b2e0,catalog-api,0,331.41,0.5178,0,
catalog-api-9b2e0_280,2026-07-13T09:04:40+00:00,catalog-api-9b2e0,catalog-api,0,332.56,0.5196,0,
catalog-api-9b2e0_281,2026-07-13T09:04:41+00:00,catalog-api-9b2e0,catalog-api,0,339.2,0.53,0,
catalog-api-9b2e0_282,2026-07-13T09:04:42+00:00,catalog-api-9b2e0,catalog-api,0,313.71,0.4902,0,
catalog-api-9b2e0_283,2026-07-13T09:04:43+00:00,catalog-api-9b2e0,catalog-api,0,316.96,0.4952,0,
catalog-api-9b2e0_284,2026-07-13T09:04:44+00:00,catalog-api-9b2e0,catalog-api,0,302.8,0.4731,0,
catalog-api-9b2e0_285,2026-07-13T09:04:45+00:00,catalog-api-9b2e0,catalog-api,0,339.68,0.5308,0,
catalog-api-9b2e0_286,2026-07-13T09:04:46+00:00,catalog-api-9b2e0,catalog-api,0,329.25,0.5145,0,
catalog-api-9b2e0_287,2026-07-13T09:04:47+00:00,catalog-api-9b2e0,catalog-api,0,326.6,0.5103,0,
catalog-api-9b2e0_288,2026-07-13T09:04:48+00:00,catalog-api-9b2e0,catalog-api,0,294.35,0.4599,0,
catalog-api-9b2e0_289,2026-07-13T09:04:49+00:00,catalog-api-9b2e0,catalog-api,0,315.28,0.4926,0,
catalog-api-9b2e0_290,2026-07-13T09:04:50+00:00,catalog-api-9b2e0,catalog-api,0,309.14,0.483,0,
catalog-api-9b2e0_291,2026-07-13T09:04:51+00:00,catalog-api-9b2e0,catalog-api,0,339.4,0.5303,0,
catalog-api-9b2e0_292,2026-07-13T09:04:52+00:00,catalog-api-9b2e0,catalog-api,0,319.06,0.4985,0,
catalog-api-9b2e0_293,2026-07-13T09:04:53+00:00,catalog-api-9b2e0,catalog-api,0,344.48,0.5383,0,
catalog-api-9b2e0_294,2026-07-13T09:04:54+00:00,catalog-api-9b2e0,catalog-api,0,283.2,0.4425,0,
catalog-api-9b2e0_295,2026-07-13T09:04:55+00:00,catalog-api-9b2e0,catalog-api,0,307.35,0.4802,0,
catalog-api-9b2e0_296,2026-07-13T09:04:56+00:00,catalog-api-9b2e0,catalog-api,0,333.32,0.5208,0,
catalog-api-9b2e0_297,2026-07-13T09:04:57+00:00,catalog-api-9b2e0,catalog-api,0,317.33,0.4958,0,
catalog-api-9b2e0_298,2026-07-13T09:04:58+00:00,catalog-api-9b2e0,catalog-api,0,314.88,0.492,0,
catalog-api-9b2e0_299,2026-07-13T09:04:59+00:00,catalog-api-9b2e0,catalog-api,0,303.63,0.4744,0,
catalog-api-9b2e0_300,2026-07-13T09:05:00+00:00,catalog-api-9b2e0,catalog-api,0,324.46,0.507,0,
catalog-api-9b2e0_301,2026-07-13T09:05:01+00:00,catalog-api-9b2e0,catalog-api,0,314.22,0.491,0,
catalog-api-9b2e0_302,2026-07-13T09:05:02+00:00,catalog-api-9b2e0,catalog-api,0,317.51,0.4961,0,
catalog-api-9b2e0_303,2026-07-13T09:05:03+00:00,catalog-api-9b2e0,catalog-api,0,337.52,0.5274,0,
catalog-api-9b2e0_304,2026-07-13T09:05:04+00:00,catalog-api-9b2e0,catalog-api,0,332.22,0.5191,0,
catalog-api-9b2e0_305,2026-07-13T09:05:05+00:00,catalog-api-9b2e0,catalog-api,0,327.0,0.5109,0,
catalog-api-9b2e0_306,2026-07-13T09:05:06+00:00,catalog-api-9b2e0,catalog-api,0,309.97,0.4843,0,
catalog-api-9b2e0_307,2026-07-13T09:05:07+00:00,catalog-api-9b2e0,catalog-api,0,314.55,0.4915,0,
catalog-api-9b2e0_308,2026-07-13T09:05:08+00:00,catalog-api-9b2e0,catalog-api,0,301.83,0.4716,0,
catalog-api-9b2e0_309,2026-07-13T09:05:09+00:00,catalog-api-9b2e0,catalog-api,0,296.42,0.4632,0,
catalog-api-9b2e0_310,2026-07-13T09:05:10+00:00,catalog-api-9b2e0,catalog-api,0,298.17,0.4659,0,
catalog-api-9b2e0_311,2026-07-13T09:05:11+00:00,catalog-api-9b2e0,catalog-api,0,322.66,0.5042,0,
catalog-api-9b2e0_312,2026-07-13T09:05:12+00:00,catalog-api-9b2e0,catalog-api,0,321.79,0.5028,0,
catalog-api-9b2e0_313,2026-07-13T09:05:13+00:00,catalog-api-9b2e0,catalog-api,0,319.38,0.499,0,
catalog-api-9b2e0_314,2026-07-13T09:05:14+00:00,catalog-api-9b2e0,catalog-api,0,331.38,0.5178,0,
catalog-api-9b2e0_315,2026-07-13T09:05:15+00:00,catalog-api-9b2e0,catalog-api,0,337.65,0.5276,0,
catalog-api-9b2e0_316,2026-07-13T09:05:16+00:00,catalog-api-9b2e0,catalog-api,0,296.68,0.4636,0,
catalog-api-9b2e0_317,2026-07-13T09:05:17+00:00,catalog-api-9b2e0,catalog-api,0,315.32,0.4927,0,
catalog-api-9b2e0_318,2026-07-13T09:05:18+00:00,catalog-api-9b2e0,catalog-api,0,330.78,0.5168,0,
catalog-api-9b2e0_319,2026-07-13T09:05:19+00:00,catalog-api-9b2e0,catalog-api,0,338.73,0.5293,0,
catalog-api-9b2e0_320,2026-07-13T09:05:20+00:00,catalog-api-9b2e0,catalog-api,0,318.92,0.4983,0,
catalog-api-9b2e0_321,2026-07-13T09:05:21+00:00,catalog-api-9b2e0,catalog-api,0,323.13,0.5049,0,
catalog-api-9b2e0_322,2026-07-13T09:05:22+00:00,catalog-api-9b2e0,catalog-api,0,302.69,0.473,0,
catalog-api-9b2e0_323,2026-07-13T09:05:23+00:00,catalog-api-9b2e0,catalog-api,0,323.16,0.5049,0,
catalog-api-9b2e0_324,2026-07-13T09:05:24+00:00,catalog-api-9b2e0,catalog-api,0,309.68,0.4839,0,
catalog-api-9b2e0_325,2026-07-13T09:05:25+00:00,catalog-api-9b2e0,catalog-api,0,316.73,0.4949,0,
catalog-api-9b2e0_326,2026-07-13T09:05:26+00:00,catalog-api-9b2e0,catalog-api,0,315.14,0.4924,0,
catalog-api-9b2e0_327,2026-07-13T09:05:27+00:00,catalog-api-9b2e0,catalog-api,0,345.22,0.5394,0,
catalog-api-9b2e0_328,2026-07-13T09:05:28+00:00,catalog-api-9b2e0,catalog-api,0,314.59,0.4915,0,
catalog-api-9b2e0_329,2026-07-13T09:05:29+00:00,catalog-api-9b2e0,catalog-api,0,328.4,0.5131,0,
catalog-api-9b2e0_330,2026-07-13T09:05:30+00:00,catalog-api-9b2e0,catalog-api,0,345.53,0.5399,0,
catalog-api-9b2e0_331,2026-07-13T09:05:31+00:00,catalog-api-9b2e0,catalog-api,0,338.24,0.5285,0,
catalog-api-9b2e0_332,2026-07-13T09:05:32+00:00,catalog-api-9b2e0,catalog-api,0,341.23,0.5332,0,
catalog-api-9b2e0_333,2026-07-13T09:05:33+00:00,catalog-api-9b2e0,catalog-api,0,335.73,0.5246,0,
catalog-api-9b2e0_334,2026-07-13T09:05:34+00:00,catalog-api-9b2e0,catalog-api,0,315.04,0.4923,0,
catalog-api-9b2e0_335,2026-07-13T09:05:35+00:00,catalog-api-9b2e0,catalog-api,0,325.49,0.5086,0,
catalog-api-9b2e0_336,2026-07-13T09:05:36+00:00,catalog-api-9b2e0,catalog-api,0,319.17,0.4987,0,
catalog-api-9b2e0_337,2026-07-13T09:05:37+00:00,catalog-api-9b2e0,catalog-api,0,318.84,0.4982,0,
catalog-api-9b2e0_338,2026-07-13T09:05:38+00:00,catalog-api-9b2e0,catalog-api,0,323.75,0.5059,0,
catalog-api-9b2e0_339,2026-07-13T09:05:39+00:00,catalog-api-9b2e0,catalog-api,0,324.2,0.5066,0,
catalog-api-9b2e0_340,2026-07-13T09:05:40+00:00,catalog-api-9b2e0,catalog-api,0,321.22,0.5019,0,
catalog-api-9b2e0_341,2026-07-13T09:05:41+00:00,catalog-api-9b2e0,catalog-api,0,341.63,0.5338,0,
catalog-api-9b2e0_342,2026-07-13T09:05:42+00:00,catalog-api-9b2e0,catalog-api,0,312.93,0.489,0,
catalog-api-9b2e0_343,2026-07-13T09:05:43+00:00,catalog-api-9b2e0,catalog-api,0,330.24,0.516,0,
catalog-api-9b2e0_344,2026-07-13T09:05:44+00:00,catalog-api-9b2e0,catalog-api,0,313.79,0.4903,0,
catalog-api-9b2e0_345,2026-07-13T09:05:45+00:00,catalog-api-9b2e0,catalog-api,0,323.09,0.5048,0,
catalog-api-9b2e0_346,2026-07-13T09:05:46+00:00,catalog-api-9b2e0,catalog-api,0,309.15,0.483,0,
catalog-api-9b2e0_347,2026-07-13T09:05:47+00:00,catalog-api-9b2e0,catalog-api,0,322.95,0.5046,0,
catalog-api-9b2e0_348,2026-07-13T09:05:48+00:00,catalog-api-9b2e0,catalog-api,0,313.56,0.4899,0,
catalog-api-9b2e0_349,2026-07-13T09:05:49+00:00,catalog-api-9b2e0,catalog-api,0,315.99,0.4937,0,
catalog-api-9b2e0_350,2026-07-13T09:05:50+00:00,catalog-api-9b2e0,catalog-api,0,321.01,0.5016,0,
catalog-api-9b2e0_351,2026-07-13T09:05:51+00:00,catalog-api-9b2e0,catalog-api,0,311.23,0.4863,0,
catalog-api-9b2e0_352,2026-07-13T09:05:52+00:00,catalog-api-9b2e0,catalog-api,0,310.11,0.4845,0,
catalog-api-9b2e0_353,2026-07-13T09:05:53+00:00,catalog-api-9b2e0,catalog-api,0,341.96,0.5343,0,
catalog-api-9b2e0_354,2026-07-13T09:05:54+00:00,catalog-api-9b2e0,catalog-api,0,302.59,0.4728,0,
catalog-api-9b2e0_355,2026-07-13T09:05:55+00:00,catalog-api-9b2e0,catalog-api,0,308.12,0.4814,0,
catalog-api-9b2e0_356,2026-07-13T09:05:56+00:00,catalog-api-9b2e0,catalog-api,0,319.55,0.4993,0,
catalog-api-9b2e0_357,2026-07-13T09:05:57+00:00,catalog-api-9b2e0,catalog-api,0,325.62,0.5088,0,
catalog-api-9b2e0_358,2026-07-13T09:05:58+00:00,catalog-api-9b2e0,catalog-api,0,314.27,0.491,0,
catalog-api-9b2e0_359,2026-07-13T09:05:59+00:00,catalog-api-9b2e0,catalog-api,0,302.6,0.4728,0,
catalog-api-9b2e0_360,2026-07-13T09:06:00+00:00,catalog-api-9b2e0,catalog-api,0,331.05,0.5173,0,
catalog-api-9b2e0_361,2026-07-13T09:06:01+00:00,catalog-api-9b2e0,catalog-api,0,317.93,0.4968,0,
catalog-api-9b2e0_362,2026-07-13T09:06:02+00:00,catalog-api-9b2e0,catalog-api,0,321.61,0.5025,0,
catalog-api-9b2e0_363,2026-07-13T09:06:03+00:00,catalog-api-9b2e0,catalog-api,0,313.55,0.4899,0,
catalog-api-9b2e0_364,2026-07-13T09:06:04+00:00,catalog-api-9b2e0,catalog-api,0,320.48,0.5008,0,
catalog-api-9b2e0_365,2026-07-13T09:06:05+00:00,catalog-api-9b2e0,catalog-api,0,314.76,0.4918,0,
catalog-api-9b2e0_366,2026-07-13T09:06:06+00:00,catalog-api-9b2e0,catalog-api,0,301.81,0.4716,0,
catalog-api-9b2e0_367,2026-07-13T09:06:07+00:00,catalog-api-9b2e0,catalog-api,0,314.27,0.491,0,
catalog-api-9b2e0_368,2026-07-13T09:06:08+00:00,catalog-api-9b2e0,catalog-api,0,312.15,0.4877,0,
catalog-api-9b2e0_369,2026-07-13T09:06:09+00:00,catalog-api-9b2e0,catalog-api,0,315.68,0.4933,0,
catalog-api-9b2e0_370,2026-07-13T09:06:10+00:00,catalog-api-9b2e0,catalog-api,0,315.6,0.4931,0,
catalog-api-9b2e0_371,2026-07-13T09:06:11+00:00,catalog-api-9b2e0,catalog-api,0,327.36,0.5115,0,
catalog-api-9b2e0_372,2026-07-13T09:06:12+00:00,catalog-api-9b2e0,catalog-api,0,306.03,0.4782,0,
catalog-api-9b2e0_373,2026-07-13T09:06:13+00:00,catalog-api-9b2e0,catalog-api,0,314.94,0.4921,0,
catalog-api-9b2e0_374,2026-07-13T09:06:14+00:00,catalog-api-9b2e0,catalog-api,0,313.1,0.4892,0,
catalog-api-9b2e0_375,2026-07-13T09:06:15+00:00,catalog-api-9b2e0,catalog-api,0,310.05,0.4845,0,
catalog-api-9b2e0_376,2026-07-13T09:06:16+00:00,catalog-api-9b2e0,catalog-api,0,321.43,0.5022,0,
catalog-api-9b2e0_377,2026-07-13T09:06:17+00:00,catalog-api-9b2e0,catalog-api,0,327.16,0.5112,0,
catalog-api-9b2e0_378,2026-07-13T09:06:18+00:00,catalog-api-9b2e0,catalog-api,0,325.75,0.509,0,
catalog-api-9b2e0_379,2026-07-13T09:06:19+00:00,catalog-api-9b2e0,catalog-api,0,313.78,0.4903,0,
catalog-api-9b2e0_380,2026-07-13T09:06:20+00:00,catalog-api-9b2e0,catalog-api,0,320.06,0.5001,0,
catalog-api-9b2e0_381,2026-07-13T09:06:21+00:00,catalog-api-9b2e0,catalog-api,0,322.49,0.5039,0,
catalog-api-9b2e0_382,2026-07-13T09:06:22+00:00,catalog-api-9b2e0,catalog-api,0,315.94,0.4937,0,
catalog-api-9b2e0_383,2026-07-13T09:06:23+00:00,catalog-api-9b2e0,catalog-api,0,301.1,0.4705,0,
catalog-api-9b2e0_384,2026-07-13T09:06:24+00:00,catalog-api-9b2e0,catalog-api,0,322.28,0.5036,0,
catalog-api-9b2e0_385,2026-07-13T09:06:25+00:00,catalog-api-9b2e0,catalog-api,0,300.64,0.4698,0,
catalog-api-9b2e0_386,2026-07-13T09:06:26+00:00,catalog-api-9b2e0,catalog-api,0,316.91,0.4952,0,
catalog-api-9b2e0_387,2026-07-13T09:06:27+00:00,catalog-api-9b2e0,catalog-api,0,317.68,0.4964,0,
catalog-api-9b2e0_388,2026-07-13T09:06:28+00:00,catalog-api-9b2e0,catalog-api,0,302.61,0.4728,0,
catalog-api-9b2e0_389,2026-07-13T09:06:29+00:00,catalog-api-9b2e0,catalog-api,0,314.43,0.4913,0,
catalog-api-9b2e0_390,2026-07-13T09:06:30+00:00,catalog-api-9b2e0,catalog-api,0,310.41,0.485,0,
catalog-api-9b2e0_391,2026-07-13T09:06:31+00:00,catalog-api-9b2e0,catalog-api,0,314.81,0.4919,0,
catalog-api-9b2e0_392,2026-07-13T09:06:32+00:00,catalog-api-9b2e0,catalog-api,0,334.39,0.5225,0,
catalog-api-9b2e0_393,2026-07-13T09:06:33+00:00,catalog-api-9b2e0,catalog-api,0,318.27,0.4973,0,
catalog-api-9b2e0_394,2026-07-13T09:06:34+00:00,catalog-api-9b2e0,catalog-api,0,324.74,0.5074,0,
catalog-api-9b2e0_395,2026-07-13T09:06:35+00:00,catalog-api-9b2e0,catalog-api,0,329.6,0.515,0,
catalog-api-9b2e0_396,2026-07-13T09:06:36+00:00,catalog-api-9b2e0,catalog-api,0,312.34,0.488,0,
catalog-api-9b2e0_397,2026-07-13T09:06:37+00:00,catalog-api-9b2e0,catalog-api,0,328.12,0.5127,0,
catalog-api-9b2e0_398,2026-07-13T09:06:38+00:00,catalog-api-9b2e0,catalog-api,0,314.29,0.4911,0,
catalog-api-9b2e0_399,2026-07-13T09:06:39+00:00,catalog-api-9b2e0,catalog-api,0,314.16,0.4909,0,
catalog-api-9b2e0_400,2026-07-13T09:06:40+00:00,catalog-api-9b2e0,catalog-api,0,318.98,0.4984,0,
catalog-api-9b2e0_401,2026-07-13T09:06:41+00:00,catalog-api-9b2e0,catalog-api,0,309.91,0.4842,0,
catalog-api-9b2e0_402,2026-07-13T09:06:42+00:00,catalog-api-9b2e0,catalog-api,0,327.21,0.5113,0,
catalog-api-9b2e0_403,2026-07-13T09:06:43+00:00,catalog-api-9b2e0,catalog-api,0,324.68,0.5073,0,
catalog-api-9b2e0_404,2026-07-13T09:06:44+00:00,catalog-api-9b2e0,catalog-api,0,319.7,0.4995,0,
catalog-api-9b2e0_405,2026-07-13T09:06:45+00:00,catalog-api-9b2e0,catalog-api,0,317.84,0.4966,0,
catalog-api-9b2e0_406,2026-07-13T09:06:46+00:00,catalog-api-9b2e0,catalog-api,0,322.26,0.5035,0,
catalog-api-9b2e0_407,2026-07-13T09:06:47+00:00,catalog-api-9b2e0,catalog-api,0,335.36,0.524,0,
catalog-api-9b2e0_408,2026-07-13T09:06:48+00:00,catalog-api-9b2e0,catalog-api,0,310.44,0.4851,0,
catalog-api-9b2e0_409,2026-07-13T09:06:49+00:00,catalog-api-9b2e0,catalog-api,0,310.79,0.4856,0,
catalog-api-9b2e0_410,2026-07-13T09:06:50+00:00,catalog-api-9b2e0,catalog-api,0,338.56,0.529,0,
catalog-api-9b2e0_411,2026-07-13T09:06:51+00:00,catalog-api-9b2e0,catalog-api,0,335.36,0.524,0,
catalog-api-9b2e0_412,2026-07-13T09:06:52+00:00,catalog-api-9b2e0,catalog-api,0,308.32,0.4818,0,
catalog-api-9b2e0_413,2026-07-13T09:06:53+00:00,catalog-api-9b2e0,catalog-api,0,309.56,0.4837,0,
catalog-api-9b2e0_414,2026-07-13T09:06:54+00:00,catalog-api-9b2e0,catalog-api,0,314.73,0.4918,0,
catalog-api-9b2e0_415,2026-07-13T09:06:55+00:00,catalog-api-9b2e0,catalog-api,0,310.08,0.4845,0,
catalog-api-9b2e0_416,2026-07-13T09:06:56+00:00,catalog-api-9b2e0,catalog-api,0,333.42,0.521,0,
catalog-api-9b2e0_417,2026-07-13T09:06:57+00:00,catalog-api-9b2e0,catalog-api,0,318.36,0.4974,0,
catalog-api-9b2e0_418,2026-07-13T09:06:58+00:00,catalog-api-9b2e0,catalog-api,0,314.69,0.4917,0,
catalog-api-9b2e0_419,2026-07-13T09:06:59+00:00,catalog-api-9b2e0,catalog-api,0,320.69,0.5011,0,
catalog-api-9b2e0_420,2026-07-13T09:07:00+00:00,catalog-api-9b2e0,catalog-api,0,326.58,0.5103,0,
catalog-api-9b2e0_421,2026-07-13T09:07:01+00:00,catalog-api-9b2e0,catalog-api,0,322.51,0.5039,0,
catalog-api-9b2e0_422,2026-07-13T09:07:02+00:00,catalog-api-9b2e0,catalog-api,0,324.04,0.5063,0,
catalog-api-9b2e0_423,2026-07-13T09:07:03+00:00,catalog-api-9b2e0,catalog-api,0,302.71,0.473,0,
catalog-api-9b2e0_424,2026-07-13T09:07:04+00:00,catalog-api-9b2e0,catalog-api,0,322.37,0.5037,0,
catalog-api-9b2e0_425,2026-07-13T09:07:05+00:00,catalog-api-9b2e0,catalog-api,0,328.34,0.513,0,
catalog-api-9b2e0_426,2026-07-13T09:07:06+00:00,catalog-api-9b2e0,catalog-api,0,326.38,0.51,0,
catalog-api-9b2e0_427,2026-07-13T09:07:07+00:00,catalog-api-9b2e0,catalog-api,0,325.82,0.5091,0,
catalog-api-9b2e0_428,2026-07-13T09:07:08+00:00,catalog-api-9b2e0,catalog-api,0,297.59,0.465,0,
catalog-api-9b2e0_429,2026-07-13T09:07:09+00:00,catalog-api-9b2e0,catalog-api,0,323.46,0.5054,0,
catalog-api-9b2e0_430,2026-07-13T09:07:10+00:00,catalog-api-9b2e0,catalog-api,0,325.93,0.5093,0,
catalog-api-9b2e0_431,2026-07-13T09:07:11+00:00,catalog-api-9b2e0,catalog-api,0,335.44,0.5241,0,
catalog-api-9b2e0_432,2026-07-13T09:07:12+00:00,catalog-api-9b2e0,catalog-api,0,326.58,0.5103,0,
catalog-api-9b2e0_433,2026-07-13T09:07:13+00:00,catalog-api-9b2e0,catalog-api,0,304.14,0.4752,0,
catalog-api-9b2e0_434,2026-07-13T09:07:14+00:00,catalog-api-9b2e0,catalog-api,0,335.34,0.524,0,
catalog-api-9b2e0_435,2026-07-13T09:07:15+00:00,catalog-api-9b2e0,catalog-api,0,318.32,0.4974,0,
catalog-api-9b2e0_436,2026-07-13T09:07:16+00:00,catalog-api-9b2e0,catalog-api,0,332.91,0.5202,0,
catalog-api-9b2e0_437,2026-07-13T09:07:17+00:00,catalog-api-9b2e0,catalog-api,0,329.67,0.5151,0,
catalog-api-9b2e0_438,2026-07-13T09:07:18+00:00,catalog-api-9b2e0,catalog-api,0,316.21,0.4941,0,
catalog-api-9b2e0_439,2026-07-13T09:07:19+00:00,catalog-api-9b2e0,catalog-api,0,312.0,0.4875,0,
catalog-api-9b2e0_440,2026-07-13T09:07:20+00:00,catalog-api-9b2e0,catalog-api,0,309.4,0.4834,0,
catalog-api-9b2e0_441,2026-07-13T09:07:21+00:00,catalog-api-9b2e0,catalog-api,0,319.56,0.4993,0,
catalog-api-9b2e0_442,2026-07-13T09:07:22+00:00,catalog-api-9b2e0,catalog-api,0,308.59,0.4822,0,
catalog-api-9b2e0_443,2026-07-13T09:07:23+00:00,catalog-api-9b2e0,catalog-api,0,328.62,0.5135,0,
catalog-api-9b2e0_444,2026-07-13T09:07:24+00:00,catalog-api-9b2e0,catalog-api,0,304.85,0.4763,0,
catalog-api-9b2e0_445,2026-07-13T09:07:25+00:00,catalog-api-9b2e0,catalog-api,0,317.81,0.4966,0,
catalog-api-9b2e0_446,2026-07-13T09:07:26+00:00,catalog-api-9b2e0,catalog-api,0,312.04,0.4876,0,
catalog-api-9b2e0_447,2026-07-13T09:07:27+00:00,catalog-api-9b2e0,catalog-api,0,310.5,0.4852,0,
catalog-api-9b2e0_448,2026-07-13T09:07:28+00:00,catalog-api-9b2e0,catalog-api,0,321.07,0.5017,0,
catalog-api-9b2e0_449,2026-07-13T09:07:29+00:00,catalog-api-9b2e0,catalog-api,0,322.74,0.5043,0,
catalog-api-9b2e0_450,2026-07-13T09:07:30+00:00,catalog-api-9b2e0,catalog-api,0,322.91,0.5045,0,
catalog-api-9b2e0_451,2026-07-13T09:07:31+00:00,catalog-api-9b2e0,catalog-api,0,324.91,0.5077,0,
catalog-api-9b2e0_452,2026-07-13T09:07:32+00:00,catalog-api-9b2e0,catalog-api,0,323.07,0.5048,0,
catalog-api-9b2e0_453,2026-07-13T09:07:33+00:00,catalog-api-9b2e0,catalog-api,0,319.56,0.4993,0,
catalog-api-9b2e0_454,2026-07-13T09:07:34+00:00,catalog-api-9b2e0,catalog-api,0,314.98,0.4922,0,
catalog-api-9b2e0_455,2026-07-13T09:07:35+00:00,catalog-api-9b2e0,catalog-api,0,306.85,0.4795,0,
catalog-api-9b2e0_456,2026-07-13T09:07:36+00:00,catalog-api-9b2e0,catalog-api,0,321.94,0.503,0,
catalog-api-9b2e0_457,2026-07-13T09:07:37+00:00,catalog-api-9b2e0,catalog-api,0,311.27,0.4864,0,
catalog-api-9b2e0_458,2026-07-13T09:07:38+00:00,catalog-api-9b2e0,catalog-api,0,318.99,0.4984,0,
catalog-api-9b2e0_459,2026-07-13T09:07:39+00:00,catalog-api-9b2e0,catalog-api,0,331.14,0.5174,0,
catalog-api-9b2e0_460,2026-07-13T09:07:40+00:00,catalog-api-9b2e0,catalog-api,0,324.78,0.5075,0,
catalog-api-9b2e0_461,2026-07-13T09:07:41+00:00,catalog-api-9b2e0,catalog-api,0,310.78,0.4856,0,
catalog-api-9b2e0_462,2026-07-13T09:07:42+00:00,catalog-api-9b2e0,catalog-api,0,299.23,0.4675,0,
catalog-api-9b2e0_463,2026-07-13T09:07:43+00:00,catalog-api-9b2e0,catalog-api,0,312.2,0.4878,0,
catalog-api-9b2e0_464,2026-07-13T09:07:44+00:00,catalog-api-9b2e0,catalog-api,0,319.74,0.4996,0,
catalog-api-9b2e0_465,2026-07-13T09:07:45+00:00,catalog-api-9b2e0,catalog-api,0,309.14,0.483,0,
catalog-api-9b2e0_466,2026-07-13T09:07:46+00:00,catalog-api-9b2e0,catalog-api,0,323.0,0.5047,0,
catalog-api-9b2e0_467,2026-07-13T09:07:47+00:00,catalog-api-9b2e0,catalog-api,0,320.02,0.5,0,
catalog-api-9b2e0_468,2026-07-13T09:07:48+00:00,catalog-api-9b2e0,catalog-api,0,307.5,0.4805,0,
catalog-api-9b2e0_469,2026-07-13T09:07:49+00:00,catalog-api-9b2e0,catalog-api,0,313.46,0.4898,0,
catalog-api-9b2e0_470,2026-07-13T09:07:50+00:00,catalog-api-9b2e0,catalog-api,0,325.7,0.5089,0,
catalog-api-9b2e0_471,2026-07-13T09:07:51+00:00,catalog-api-9b2e0,catalog-api,0,330.12,0.5158,0,
catalog-api-9b2e0_472,2026-07-13T09:07:52+00:00,catalog-api-9b2e0,catalog-api,0,334.52,0.5227,0,
catalog-api-9b2e0_473,2026-07-13T09:07:53+00:00,catalog-api-9b2e0,catalog-api,0,318.24,0.4973,0,
catalog-api-9b2e0_474,2026-07-13T09:07:54+00:00,catalog-api-9b2e0,catalog-api,0,333.33,0.5208,0,
catalog-api-9b2e0_475,2026-07-13T09:07:55+00:00,catalog-api-9b2e0,catalog-api,0,325.27,0.5082,0,
catalog-api-9b2e0_476,2026-07-13T09:07:56+00:00,catalog-api-9b2e0,catalog-api,0,310.91,0.4858,0,
catalog-api-9b2e0_477,2026-07-13T09:07:57+00:00,catalog-api-9b2e0,catalog-api,0,329.85,0.5154,0,
catalog-api-9b2e0_478,2026-07-13T09:07:58+00:00,catalog-api-9b2e0,catalog-api,0,320.58,0.5009,0,
catalog-api-9b2e0_479,2026-07-13T09:07:59+00:00,catalog-api-9b2e0,catalog-api,0,308.42,0.4819,0,
catalog-api-9b2e0_480,2026-07-13T09:08:00+00:00,catalog-api-9b2e0,catalog-api,0,322.77,0.5043,0,
catalog-api-9b2e0_481,2026-07-13T09:08:01+00:00,catalog-api-9b2e0,catalog-api,0,295.41,0.4616,0,
catalog-api-9b2e0_482,2026-07-13T09:08:02+00:00,catalog-api-9b2e0,catalog-api,0,321.61,0.5025,0,
catalog-api-9b2e0_483,2026-07-13T09:08:03+00:00,catalog-api-9b2e0,catalog-api,0,331.39,0.5178,0,
catalog-api-9b2e0_484,2026-07-13T09:08:04+00:00,catalog-api-9b2e0,catalog-api,0,326.23,0.5097,0,
catalog-api-9b2e0_485,2026-07-13T09:08:05+00:00,catalog-api-9b2e0,catalog-api,0,315.29,0.4926,0,
catalog-api-9b2e0_486,2026-07-13T09:08:06+00:00,catalog-api-9b2e0,catalog-api,0,326.65,0.5104,0,
catalog-api-9b2e0_487,2026-07-13T09:08:07+00:00,catalog-api-9b2e0,catalog-api,0,328.35,0.513,0,
catalog-api-9b2e0_488,2026-07-13T09:08:08+00:00,catalog-api-9b2e0,catalog-api,0,306.2,0.4784,0,
catalog-api-9b2e0_489,2026-07-13T09:08:09+00:00,catalog-api-9b2e0,catalog-api,0,326.51,0.5102,0,
catalog-api-9b2e0_490,2026-07-13T09:08:10+00:00,catalog-api-9b2e0,catalog-api,0,330.66,0.5167,0,
catalog-api-9b2e0_491,2026-07-13T09:08:11+00:00,catalog-api-9b2e0,catalog-api,0,318.85,0.4982,0,
catalog-api-9b2e0_492,2026-07-13T09:08:12+00:00,catalog-api-9b2e0,catalog-api,0,332.66,0.5198,0,
catalog-api-9b2e0_493,2026-07-13T09:08:13+00:00,catalog-api-9b2e0,catalog-api,0,308.39,0.4819,0,
catalog-api-9b2e0_494,2026-07-13T09:08:14+00:00,catalog-api-9b2e0,catalog-api,0,312.31,0.488,0,
catalog-api-9b2e0_495,2026-07-13T09:08:15+00:00,catalog-api-9b2e0,catalog-api,0,320.09,0.5001,0,
catalog-api-9b2e0_496,2026-07-13T09:08:16+00:00,catalog-api-9b2e0,catalog-api,0,318.37,0.4975,0,
catalog-api-9b2e0_497,2026-07-13T09:08:17+00:00,catalog-api-9b2e0,catalog-api,0,320.81,0.5013,0,
catalog-api-9b2e0_498,2026-07-13T09:08:18+00:00,catalog-api-9b2e0,catalog-api,0,323.45,0.5054,0,
catalog-api-9b2e0_499,2026-07-13T09:08:19+00:00,catalog-api-9b2e0,catalog-api,0,315.1,0.4923,0,
catalog-api-9b2e0_500,2026-07-13T09:08:20+00:00,catalog-api-9b2e0,catalog-api,0,321.35,0.5021,0,
catalog-api-9b2e0_501,2026-07-13T09:08:21+00:00,catalog-api-9b2e0,catalog-api,0,338.5,0.5289,0,
catalog-api-9b2e0_502,2026-07-13T09:08:22+00:00,catalog-api-9b2e0,catalog-api,0,317.61,0.4963,0,
catalog-api-9b2e0_503,2026-07-13T09:08:23+00:00,catalog-api-9b2e0,catalog-api,0,316.46,0.4945,0,
catalog-api-9b2e0_504,2026-07-13T09:08:24+00:00,catalog-api-9b2e0,catalog-api,0,320.78,0.5012,0,
catalog-api-9b2e0_505,2026-07-13T09:08:25+00:00,catalog-api-9b2e0,catalog-api,0,318.31,0.4974,0,
catalog-api-9b2e0_506,2026-07-13T09:08:26+00:00,catalog-api-9b2e0,catalog-api,0,326.35,0.5099,0,
catalog-api-9b2e0_507,2026-07-13T09:08:27+00:00,catalog-api-9b2e0,catalog-api,0,316.99,0.4953,0,
catalog-api-9b2e0_508,2026-07-13T09:08:28+00:00,catalog-api-9b2e0,catalog-api,0,312.0,0.4875,0,
catalog-api-9b2e0_509,2026-07-13T09:08:29+00:00,catalog-api-9b2e0,catalog-api,0,339.37,0.5303,0,
catalog-api-9b2e0_510,2026-07-13T09:08:30+00:00,catalog-api-9b2e0,catalog-api,0,322.45,0.5038,0,
catalog-api-9b2e0_511,2026-07-13T09:08:31+00:00,catalog-api-9b2e0,catalog-api,0,311.85,0.4873,0,
catalog-api-9b2e0_512,2026-07-13T09:08:32+00:00,catalog-api-9b2e0,catalog-api,0,325.78,0.509,0,
catalog-api-9b2e0_513,2026-07-13T09:08:33+00:00,catalog-api-9b2e0,catalog-api,0,313.05,0.4891,0,
catalog-api-9b2e0_514,2026-07-13T09:08:34+00:00,catalog-api-9b2e0,catalog-api,0,318.81,0.4981,0,
catalog-api-9b2e0_515,2026-07-13T09:08:35+00:00,catalog-api-9b2e0,catalog-api,0,306.03,0.4782,0,
catalog-api-9b2e0_516,2026-07-13T09:08:36+00:00,catalog-api-9b2e0,catalog-api,0,321.28,0.502,0,
catalog-api-9b2e0_517,2026-07-13T09:08:37+00:00,catalog-api-9b2e0,catalog-api,0,332.65,0.5198,0,
catalog-api-9b2e0_518,2026-07-13T09:08:38+00:00,catalog-api-9b2e0,catalog-api,0,305.77,0.4778,0,
catalog-api-9b2e0_519,2026-07-13T09:08:39+00:00,catalog-api-9b2e0,catalog-api,0,308.41,0.4819,0,
catalog-api-9b2e0_520,2026-07-13T09:08:40+00:00,catalog-api-9b2e0,catalog-api,0,313.36,0.4896,0,
catalog-api-9b2e0_521,2026-07-13T09:08:41+00:00,catalog-api-9b2e0,catalog-api,0,327.68,0.512,0,
catalog-api-9b2e0_522,2026-07-13T09:08:42+00:00,catalog-api-9b2e0,catalog-api,0,332.08,0.5189,0,
catalog-api-9b2e0_523,2026-07-13T09:08:43+00:00,catalog-api-9b2e0,catalog-api,0,320.56,0.5009,0,
catalog-api-9b2e0_524,2026-07-13T09:08:44+00:00,catalog-api-9b2e0,catalog-api,0,334.66,0.5229,0,
catalog-api-9b2e0_525,2026-07-13T09:08:45+00:00,catalog-api-9b2e0,catalog-api,0,296.7,0.4636,0,
catalog-api-9b2e0_526,2026-07-13T09:08:46+00:00,catalog-api-9b2e0,catalog-api,0,324.29,0.5067,0,
catalog-api-9b2e0_527,2026-07-13T09:08:47+00:00,catalog-api-9b2e0,catalog-api,0,304.76,0.4762,0,
catalog-api-9b2e0_528,2026-07-13T09:08:48+00:00,catalog-api-9b2e0,catalog-api,0,306.42,0.4788,0,
catalog-api-9b2e0_529,2026-07-13T09:08:49+00:00,catalog-api-9b2e0,catalog-api,0,318.63,0.4979,0,
catalog-api-9b2e0_530,2026-07-13T09:08:50+00:00,catalog-api-9b2e0,catalog-api,0,317.95,0.4968,0,
catalog-api-9b2e0_531,2026-07-13T09:08:51+00:00,catalog-api-9b2e0,catalog-api,0,316.7,0.4948,0,
catalog-api-9b2e0_532,2026-07-13T09:08:52+00:00,catalog-api-9b2e0,catalog-api,0,332.23,0.5191,0,
catalog-api-9b2e0_533,2026-07-13T09:08:53+00:00,catalog-api-9b2e0,catalog-api,0,317.02,0.4953,0,
catalog-api-9b2e0_534,2026-07-13T09:08:54+00:00,catalog-api-9b2e0,catalog-api,0,322.7,0.5042,0,
catalog-api-9b2e0_535,2026-07-13T09:08:55+00:00,catalog-api-9b2e0,catalog-api,0,323.54,0.5055,0,
catalog-api-9b2e0_536,2026-07-13T09:08:56+00:00,catalog-api-9b2e0,catalog-api,0,339.76,0.5309,0,
catalog-api-9b2e0_537,2026-07-13T09:08:57+00:00,catalog-api-9b2e0,catalog-api,0,322.61,0.5041,0,
catalog-api-9b2e0_538,2026-07-13T09:08:58+00:00,catalog-api-9b2e0,catalog-api,0,303.59,0.4744,0,
catalog-api-9b2e0_539,2026-07-13T09:08:59+00:00,catalog-api-9b2e0,catalog-api,0,328.12,0.5127,0,
catalog-api-9b2e0_540,2026-07-13T09:09:00+00:00,catalog-api-9b2e0,catalog-api,0,317.71,0.4964,0,
catalog-api-9b2e0_541,2026-07-13T09:09:01+00:00,catalog-api-9b2e0,catalog-api,0,324.95,0.5077,0,
catalog-api-9b2e0_542,2026-07-13T09:09:02+00:00,catalog-api-9b2e0,catalog-api,0,333.9,0.5217,0,
catalog-api-9b2e0_543,2026-07-13T09:09:03+00:00,catalog-api-9b2e0,catalog-api,0,327.03,0.511,0,
catalog-api-9b2e0_544,2026-07-13T09:09:04+00:00,catalog-api-9b2e0,catalog-api,0,306.74,0.4793,0,
catalog-api-9b2e0_545,2026-07-13T09:09:05+00:00,catalog-api-9b2e0,catalog-api,0,312.85,0.4888,0,
catalog-api-9b2e0_546,2026-07-13T09:09:06+00:00,catalog-api-9b2e0,catalog-api,0,338.74,0.5293,0,
catalog-api-9b2e0_547,2026-07-13T09:09:07+00:00,catalog-api-9b2e0,catalog-api,0,319.44,0.4991,0,
catalog-api-9b2e0_548,2026-07-13T09:09:08+00:00,catalog-api-9b2e0,catalog-api,0,326.94,0.5108,0,
catalog-api-9b2e0_549,2026-07-13T09:09:09+00:00,catalog-api-9b2e0,catalog-api,0,312.35,0.488,0,
catalog-api-9b2e0_550,2026-07-13T09:09:10+00:00,catalog-api-9b2e0,catalog-api,0,331.27,0.5176,0,
catalog-api-9b2e0_551,2026-07-13T09:09:11+00:00,catalog-api-9b2e0,catalog-api,0,323.31,0.5052,0,
catalog-api-9b2e0_552,2026-07-13T09:09:12+00:00,catalog-api-9b2e0,catalog-api,0,333.97,0.5218,0,
catalog-api-9b2e0_553,2026-07-13T09:09:13+00:00,catalog-api-9b2e0,catalog-api,0,323.24,0.5051,0,
catalog-api-9b2e0_554,2026-07-13T09:09:14+00:00,catalog-api-9b2e0,catalog-api,0,326.77,0.5106,0,
catalog-api-9b2e0_555,2026-07-13T09:09:15+00:00,catalog-api-9b2e0,catalog-api,0,304.55,0.4759,0,
catalog-api-9b2e0_556,2026-07-13T09:09:16+00:00,catalog-api-9b2e0,catalog-api,0,314.65,0.4916,0,
catalog-api-9b2e0_557,2026-07-13T09:09:17+00:00,catalog-api-9b2e0,catalog-api,0,313.37,0.4896,0,
catalog-api-9b2e0_558,2026-07-13T09:09:18+00:00,catalog-api-9b2e0,catalog-api,0,324.34,0.5068,0,
catalog-api-9b2e0_559,2026-07-13T09:09:19+00:00,catalog-api-9b2e0,catalog-api,0,301.89,0.4717,0,
catalog-api-9b2e0_560,2026-07-13T09:09:20+00:00,catalog-api-9b2e0,catalog-api,0,326.11,0.5095,0,
catalog-api-9b2e0_561,2026-07-13T09:09:21+00:00,catalog-api-9b2e0,catalog-api,0,305.68,0.4776,0,
catalog-api-9b2e0_562,2026-07-13T09:09:22+00:00,catalog-api-9b2e0,catalog-api,0,328.62,0.5135,0,
catalog-api-9b2e0_563,2026-07-13T09:09:23+00:00,catalog-api-9b2e0,catalog-api,0,310.04,0.4844,0,
catalog-api-9b2e0_564,2026-07-13T09:09:24+00:00,catalog-api-9b2e0,catalog-api,0,302.47,0.4726,0,
catalog-api-9b2e0_565,2026-07-13T09:09:25+00:00,catalog-api-9b2e0,catalog-api,0,316.84,0.4951,0,
catalog-api-9b2e0_566,2026-07-13T09:09:26+00:00,catalog-api-9b2e0,catalog-api,0,348.53,0.5446,0,
catalog-api-9b2e0_567,2026-07-13T09:09:27+00:00,catalog-api-9b2e0,catalog-api,0,306.11,0.4783,0,
catalog-api-9b2e0_568,2026-07-13T09:09:28+00:00,catalog-api-9b2e0,catalog-api,0,308.11,0.4814,0,
catalog-api-9b2e0_569,2026-07-13T09:09:29+00:00,catalog-api-9b2e0,catalog-api,0,317.52,0.4961,0,
catalog-api-9b2e0_570,2026-07-13T09:09:30+00:00,catalog-api-9b2e0,catalog-api,0,323.01,0.5047,0,
catalog-api-9b2e0_571,2026-07-13T09:09:31+00:00,catalog-api-9b2e0,catalog-api,0,294.25,0.4598,0,
catalog-api-9b2e0_572,2026-07-13T09:09:32+00:00,catalog-api-9b2e0,catalog-api,0,326.67,0.5104,0,
catalog-api-9b2e0_573,2026-07-13T09:09:33+00:00,catalog-api-9b2e0,catalog-api,0,317.15,0.4955,0,
catalog-api-9b2e0_574,2026-07-13T09:09:34+00:00,catalog-api-9b2e0,catalog-api,0,313.38,0.4897,0,
catalog-api-9b2e0_575,2026-07-13T09:09:35+00:00,catalog-api-9b2e0,catalog-api,0,322.42,0.5038,0,
catalog-api-9b2e0_576,2026-07-13T09:09:36+00:00,catalog-api-9b2e0,catalog-api,0,338.7,0.5292,0,
catalog-api-9b2e0_577,2026-07-13T09:09:37+00:00,catalog-api-9b2e0,catalog-api,0,313.22,0.4894,0,
catalog-api-9b2e0_578,2026-07-13T09:09:38+00:00,catalog-api-9b2e0,catalog-api,0,316.27,0.4942,0,
catalog-api-9b2e0_579,2026-07-13T09:09:39+00:00,catalog-api-9b2e0,catalog-api,0,333.14,0.5205,0,
catalog-api-9b2e0_580,2026-07-13T09:09:40+00:00,catalog-api-9b2e0,catalog-api,0,328.06,0.5126,0,
catalog-api-9b2e0_581,2026-07-13T09:09:41+00:00,catalog-api-9b2e0,catalog-api,0,329.88,0.5154,0,
catalog-api-9b2e0_582,2026-07-13T09:09:42+00:00,catalog-api-9b2e0,catalog-api,0,316.07,0.4939,0,
catalog-api-9b2e0_583,2026-07-13T09:09:43+00:00,catalog-api-9b2e0,catalog-api,0,332.44,0.5194,0,
catalog-api-9b2e0_584,2026-07-13T09:09:44+00:00,catalog-api-9b2e0,catalog-api,0,313.62,0.49,0,
catalog-api-9b2e0_585,2026-07-13T09:09:45+00:00,catalog-api-9b2e0,catalog-api,0,288.76,0.4512,0,
catalog-api-9b2e0_586,2026-07-13T09:09:46+00:00,catalog-api-9b2e0,catalog-api,0,313.9,0.4905,0,
catalog-api-9b2e0_587,2026-07-13T09:09:47+00:00,catalog-api-9b2e0,catalog-api,0,309.58,0.4837,0,
catalog-api-9b2e0_588,2026-07-13T09:09:48+00:00,catalog-api-9b2e0,catalog-api,0,328.06,0.5126,0,
catalog-api-9b2e0_589,2026-07-13T09:09:49+00:00,catalog-api-9b2e0,catalog-api,0,325.84,0.5091,0,
catalog-api-9b2e0_590,2026-07-13T09:09:50+00:00,catalog-api-9b2e0,catalog-api,0,333.23,0.5207,0,
catalog-api-9b2e0_591,2026-07-13T09:09:51+00:00,catalog-api-9b2e0,catalog-api,0,327.52,0.5117,0,
catalog-api-9b2e0_592,2026-07-13T09:09:52+00:00,catalog-api-9b2e0,catalog-api,0,322.37,0.5037,0,
catalog-api-9b2e0_593,2026-07-13T09:09:53+00:00,catalog-api-9b2e0,catalog-api,0,348.78,0.545,0,
catalog-api-9b2e0_594,2026-07-13T09:09:54+00:00,catalog-api-9b2e0,catalog-api,0,325.91,0.5092,0,
catalog-api-9b2e0_595,2026-07-13T09:09:55+00:00,catalog-api-9b2e0,catalog-api,0,307.82,0.481,0,
catalog-api-9b2e0_596,2026-07-13T09:09:56+00:00,catalog-api-9b2e0,catalog-api,0,324.27,0.5067,0,
catalog-api-9b2e0_597,2026-07-13T09:09:57+00:00,catalog-api-9b2e0,catalog-api,0,315.3,0.4927,0,
catalog-api-9b2e0_598,2026-07-13T09:09:58+00:00,catalog-api-9b2e0,catalog-api,0,310.13,0.4846,0,
catalog-api-9b2e0_599,2026-07-13T09:09:59+00:00,catalog-api-9b2e0,catalog-api,0,295.6,0.4619,0,
catalog-api-9b2e0_600,2026-07-13T09:10:00+00:00,catalog-api-9b2e0,catalog-api,0,321.17,0.5018,0,
catalog-api-9b2e0_601,2026-07-13T09:10:01+00:00,catalog-api-9b2e0,catalog-api,0,321.11,0.5017,0,
catalog-api-9b2e0_602,2026-07-13T09:10:02+00:00,catalog-api-9b2e0,catalog-api,0,309.86,0.4842,0,
catalog-api-9b2e0_603,2026-07-13T09:10:03+00:00,catalog-api-9b2e0,catalog-api,0,333.65,0.5213,0,
catalog-api-9b2e0_604,2026-07-13T09:10:04+00:00,catalog-api-9b2e0,catalog-api,0,325.33,0.5083,0,
catalog-api-9b2e0_605,2026-07-13T09:10:05+00:00,catalog-api-9b2e0,catalog-api,0,311.48,0.4867,0,
catalog-api-9b2e0_606,2026-07-13T09:10:06+00:00,catalog-api-9b2e0,catalog-api,0,303.05,0.4735,0,
catalog-api-9b2e0_607,2026-07-13T09:10:07+00:00,catalog-api-9b2e0,catalog-api,0,334.32,0.5224,0,
catalog-api-9b2e0_608,2026-07-13T09:10:08+00:00,catalog-api-9b2e0,catalog-api,0,319.45,0.4991,0,
catalog-api-9b2e0_609,2026-07-13T09:10:09+00:00,catalog-api-9b2e0,catalog-api,0,308.29,0.4817,0,
catalog-api-9b2e0_610,2026-07-13T09:10:10+00:00,catalog-api-9b2e0,catalog-api,0,346.94,0.5421,0,
catalog-api-9b2e0_611,2026-07-13T09:10:11+00:00,catalog-api-9b2e0,catalog-api,0,307.58,0.4806,0,
catalog-api-9b2e0_612,2026-07-13T09:10:12+00:00,catalog-api-9b2e0,catalog-api,0,323.69,0.5058,0,
catalog-api-9b2e0_613,2026-07-13T09:10:13+00:00,catalog-api-9b2e0,catalog-api,0,324.41,0.5069,0,
catalog-api-9b2e0_614,2026-07-13T09:10:14+00:00,catalog-api-9b2e0,catalog-api,0,314.47,0.4914,0,
catalog-api-9b2e0_615,2026-07-13T09:10:15+00:00,catalog-api-9b2e0,catalog-api,0,314.59,0.4915,0,
catalog-api-9b2e0_616,2026-07-13T09:10:16+00:00,catalog-api-9b2e0,catalog-api,0,337.26,0.527,0,
catalog-api-9b2e0_617,2026-07-13T09:10:17+00:00,catalog-api-9b2e0,catalog-api,0,316.63,0.4947,0,
catalog-api-9b2e0_618,2026-07-13T09:10:18+00:00,catalog-api-9b2e0,catalog-api,0,317.35,0.4959,0,
catalog-api-9b2e0_619,2026-07-13T09:10:19+00:00,catalog-api-9b2e0,catalog-api,0,317.83,0.4966,0,
catalog-api-9b2e0_620,2026-07-13T09:10:20+00:00,catalog-api-9b2e0,catalog-api,0,343.22,0.5363,0,
catalog-api-9b2e0_621,2026-07-13T09:10:21+00:00,catalog-api-9b2e0,catalog-api,0,345.76,0.5403,0,
catalog-api-9b2e0_622,2026-07-13T09:10:22+00:00,catalog-api-9b2e0,catalog-api,0,323.27,0.5051,0,
catalog-api-9b2e0_623,2026-07-13T09:10:23+00:00,catalog-api-9b2e0,catalog-api,0,331.87,0.5185,0,
catalog-api-9b2e0_624,2026-07-13T09:10:24+00:00,catalog-api-9b2e0,catalog-api,0,322.54,0.504,0,
catalog-api-9b2e0_625,2026-07-13T09:10:25+00:00,catalog-api-9b2e0,catalog-api,0,334.62,0.5228,0,
catalog-api-9b2e0_626,2026-07-13T09:10:26+00:00,catalog-api-9b2e0,catalog-api,0,310.35,0.4849,0,
catalog-api-9b2e0_627,2026-07-13T09:10:27+00:00,catalog-api-9b2e0,catalog-api,0,314.61,0.4916,0,
catalog-api-9b2e0_628,2026-07-13T09:10:28+00:00,catalog-api-9b2e0,catalog-api,0,333.65,0.5213,0,
catalog-api-9b2e0_629,2026-07-13T09:10:29+00:00,catalog-api-9b2e0,catalog-api,0,312.55,0.4884,0,
catalog-api-9b2e0_630,2026-07-13T09:10:30+00:00,catalog-api-9b2e0,catalog-api,0,301.71,0.4714,0,
catalog-api-9b2e0_631,2026-07-13T09:10:31+00:00,catalog-api-9b2e0,catalog-api,0,328.57,0.5134,0,
catalog-api-9b2e0_632,2026-07-13T09:10:32+00:00,catalog-api-9b2e0,catalog-api,0,301.57,0.4712,0,
catalog-api-9b2e0_633,2026-07-13T09:10:33+00:00,catalog-api-9b2e0,catalog-api,0,285.34,0.4458,0,
catalog-api-9b2e0_634,2026-07-13T09:10:34+00:00,catalog-api-9b2e0,catalog-api,0,317.78,0.4965,0,
catalog-api-9b2e0_635,2026-07-13T09:10:35+00:00,catalog-api-9b2e0,catalog-api,0,324.12,0.5064,0,
catalog-api-9b2e0_636,2026-07-13T09:10:36+00:00,catalog-api-9b2e0,catalog-api,0,299.56,0.4681,0,
catalog-api-9b2e0_637,2026-07-13T09:10:37+00:00,catalog-api-9b2e0,catalog-api,0,311.42,0.4866,0,
catalog-api-9b2e0_638,2026-07-13T09:10:38+00:00,catalog-api-9b2e0,catalog-api,0,309.84,0.4841,0,
catalog-api-9b2e0_639,2026-07-13T09:10:39+00:00,catalog-api-9b2e0,catalog-api,0,318.93,0.4983,0,
catalog-api-9b2e0_640,2026-07-13T09:10:40+00:00,catalog-api-9b2e0,catalog-api,0,310.52,0.4852,0,
catalog-api-9b2e0_641,2026-07-13T09:10:41+00:00,catalog-api-9b2e0,catalog-api,0,310.53,0.4852,0,
catalog-api-9b2e0_642,2026-07-13T09:10:42+00:00,catalog-api-9b2e0,catalog-api,0,320.8,0.5012,0,
catalog-api-9b2e0_643,2026-07-13T09:10:43+00:00,catalog-api-9b2e0,catalog-api,0,320.78,0.5012,0,
catalog-api-9b2e0_644,2026-07-13T09:10:44+00:00,catalog-api-9b2e0,catalog-api,0,326.68,0.5104,0,
catalog-api-9b2e0_645,2026-07-13T09:10:45+00:00,catalog-api-9b2e0,catalog-api,0,333.72,0.5214,0,
catalog-api-9b2e0_646,2026-07-13T09:10:46+00:00,catalog-api-9b2e0,catalog-api,0,306.13,0.4783,0,
catalog-api-9b2e0_647,2026-07-13T09:10:47+00:00,catalog-api-9b2e0,catalog-api,0,358.45,0.5601,0,
catalog-api-9b2e0_648,2026-07-13T09:10:48+00:00,catalog-api-9b2e0,catalog-api,0,313.61,0.49,0,
catalog-api-9b2e0_649,2026-07-13T09:10:49+00:00,catalog-api-9b2e0,catalog-api,0,325.36,0.5084,0,
catalog-api-9b2e0_650,2026-07-13T09:10:50+00:00,catalog-api-9b2e0,catalog-api,0,324.74,0.5074,0,
catalog-api-9b2e0_651,2026-07-13T09:10:51+00:00,catalog-api-9b2e0,catalog-api,0,332.39,0.5194,0,
catalog-api-9b2e0_652,2026-07-13T09:10:52+00:00,catalog-api-9b2e0,catalog-api,0,315.83,0.4935,0,
catalog-api-9b2e0_653,2026-07-13T09:10:53+00:00,catalog-api-9b2e0,catalog-api,0,303.9,0.4748,0,
catalog-api-9b2e0_654,2026-07-13T09:10:54+00:00,catalog-api-9b2e0,catalog-api,0,326.89,0.5108,0,
catalog-api-9b2e0_655,2026-07-13T09:10:55+00:00,catalog-api-9b2e0,catalog-api,0,332.16,0.519,0,
catalog-api-9b2e0_656,2026-07-13T09:10:56+00:00,catalog-api-9b2e0,catalog-api,0,309.41,0.4835,0,
catalog-api-9b2e0_657,2026-07-13T09:10:57+00:00,catalog-api-9b2e0,catalog-api,0,325.22,0.5082,0,
catalog-api-9b2e0_658,2026-07-13T09:10:58+00:00,catalog-api-9b2e0,catalog-api,0,311.97,0.4875,0,
catalog-api-9b2e0_659,2026-07-13T09:10:59+00:00,catalog-api-9b2e0,catalog-api,0,307.51,0.4805,0,
catalog-api-9b2e0_660,2026-07-13T09:11:00+00:00,catalog-api-9b2e0,catalog-api,0,321.96,0.5031,0,
catalog-api-9b2e0_661,2026-07-13T09:11:01+00:00,catalog-api-9b2e0,catalog-api,0,256.72,0.4011,0,
catalog-api-9b2e0_662,2026-07-13T09:11:02+00:00,catalog-api-9b2e0,catalog-api,0,259.72,0.4058,0,
catalog-api-9b2e0_663,2026-07-13T09:11:03+00:00,catalog-api-9b2e0,catalog-api,0,274.59,0.429,0,
catalog-api-9b2e0_664,2026-07-13T09:11:04+00:00,catalog-api-9b2e0,catalog-api,0,266.64,0.4166,0,
catalog-api-9b2e0_665,2026-07-13T09:11:05+00:00,catalog-api-9b2e0,catalog-api,0,270.76,0.4231,0,
catalog-api-9b2e0_666,2026-07-13T09:11:06+00:00,catalog-api-9b2e0,catalog-api,0,267.06,0.4173,0,
catalog-api-9b2e0_667,2026-07-13T09:11:07+00:00,catalog-api-9b2e0,catalog-api,0,275.79,0.4309,0,
catalog-api-9b2e0_668,2026-07-13T09:11:08+00:00,catalog-api-9b2e0,catalog-api,0,250.31,0.3911,0,
catalog-api-9b2e0_669,2026-07-13T09:11:09+00:00,catalog-api-9b2e0,catalog-api,0,259.34,0.4052,0,
catalog-api-9b2e0_670,2026-07-13T09:11:10+00:00,catalog-api-9b2e0,catalog-api,0,273.33,0.4271,0,
catalog-api-9b2e0_671,2026-07-13T09:11:11+00:00,catalog-api-9b2e0,catalog-api,0,262.76,0.4106,0,
catalog-api-9b2e0_672,2026-07-13T09:11:12+00:00,catalog-api-9b2e0,catalog-api,0,257.8,0.4028,0,
catalog-api-9b2e0_673,2026-07-13T09:11:13+00:00,catalog-api-9b2e0,catalog-api,0,265.62,0.415,0,
catalog-api-9b2e0_674,2026-07-13T09:11:14+00:00,catalog-api-9b2e0,catalog-api,0,264.44,0.4132,0,
catalog-api-9b2e0_675,2026-07-13T09:11:15+00:00,catalog-api-9b2e0,catalog-api,0,270.2,0.4222,0,
catalog-api-9b2e0_676,2026-07-13T09:11:16+00:00,catalog-api-9b2e0,catalog-api,0,259.51,0.4055,0,
catalog-api-9b2e0_677,2026-07-13T09:11:17+00:00,catalog-api-9b2e0,catalog-api,0,258.31,0.4036,0,
catalog-api-9b2e0_678,2026-07-13T09:11:18+00:00,catalog-api-9b2e0,catalog-api,0,274.77,0.4293,0,
catalog-api-9b2e0_679,2026-07-13T09:11:19+00:00,catalog-api-9b2e0,catalog-api,0,268.95,0.4202,0,
catalog-api-9b2e0_680,2026-07-13T09:11:20+00:00,catalog-api-9b2e0,catalog-api,0,255.5,0.3992,0,
catalog-api-9b2e0_681,2026-07-13T09:11:21+00:00,catalog-api-9b2e0,catalog-api,0,247.09,0.3861,0,
catalog-api-9b2e0_682,2026-07-13T09:11:22+00:00,catalog-api-9b2e0,catalog-api,0,265.07,0.4142,0,
catalog-api-9b2e0_683,2026-07-13T09:11:23+00:00,catalog-api-9b2e0,catalog-api,0,258.97,0.4046,0,
catalog-api-9b2e0_684,2026-07-13T09:11:24+00:00,catalog-api-9b2e0,catalog-api,0,268.87,0.4201,0,
catalog-api-9b2e0_685,2026-07-13T09:11:25+00:00,catalog-api-9b2e0,catalog-api,0,247.28,0.3864,0,
catalog-api-9b2e0_686,2026-07-13T09:11:26+00:00,catalog-api-9b2e0,catalog-api,0,271.1,0.4236,0,
catalog-api-9b2e0_687,2026-07-13T09:11:27+00:00,catalog-api-9b2e0,catalog-api,0,259.4,0.4053,0,
catalog-api-9b2e0_688,2026-07-13T09:11:28+00:00,catalog-api-9b2e0,catalog-api,0,264.47,0.4132,0,
catalog-api-9b2e0_689,2026-07-13T09:11:29+00:00,catalog-api-9b2e0,catalog-api,0,258.17,0.4034,0,
catalog-api-9b2e0_690,2026-07-13T09:11:30+00:00,catalog-api-9b2e0,catalog-api,0,278.21,0.4347,0,
catalog-api-9b2e0_691,2026-07-13T09:11:31+00:00,catalog-api-9b2e0,catalog-api,0,262.84,0.4107,0,
catalog-api-9b2e0_692,2026-07-13T09:11:32+00:00,catalog-api-9b2e0,catalog-api,0,260.21,0.4066,0,
catalog-api-9b2e0_693,2026-07-13T09:11:33+00:00,catalog-api-9b2e0,catalog-api,0,244.01,0.3813,0,
catalog-api-9b2e0_694,2026-07-13T09:11:34+00:00,catalog-api-9b2e0,catalog-api,0,266.26,0.416,0,
catalog-api-9b2e0_695,2026-07-13T09:11:35+00:00,catalog-api-9b2e0,catalog-api,0,254.1,0.397,0,
catalog-api-9b2e0_696,2026-07-13T09:11:36+00:00,catalog-api-9b2e0,catalog-api,0,256.38,0.4006,0,
catalog-api-9b2e0_697,2026-07-13T09:11:37+00:00,catalog-api-9b2e0,catalog-api,0,248.4,0.3881,0,
catalog-api-9b2e0_698,2026-07-13T09:11:38+00:00,catalog-api-9b2e0,catalog-api,0,265.22,0.4144,0,
catalog-api-9b2e0_699,2026-07-13T09:11:39+00:00,catalog-api-9b2e0,catalog-api,0,249.15,0.3893,0,
catalog-api-9b2e0_700,2026-07-13T09:11:40+00:00,catalog-api-9b2e0,catalog-api,0,249.06,0.3892,0,
catalog-api-9b2e0_701,2026-07-13T09:11:41+00:00,catalog-api-9b2e0,catalog-api,0,259.1,0.4048,0,
catalog-api-9b2e0_702,2026-07-13T09:11:42+00:00,catalog-api-9b2e0,catalog-api,0,270.89,0.4233,0,
catalog-api-9b2e0_703,2026-07-13T09:11:43+00:00,catalog-api-9b2e0,catalog-api,0,252.47,0.3945,0,
catalog-api-9b2e0_704,2026-07-13T09:11:44+00:00,catalog-api-9b2e0,catalog-api,0,246.33,0.3849,0,
catalog-api-9b2e0_705,2026-07-13T09:11:45+00:00,catalog-api-9b2e0,catalog-api,0,249.03,0.3891,0,
catalog-api-9b2e0_706,2026-07-13T09:11:46+00:00,catalog-api-9b2e0,catalog-api,0,263.61,0.4119,0,
catalog-api-9b2e0_707,2026-07-13T09:11:47+00:00,catalog-api-9b2e0,catalog-api,0,263.18,0.4112,0,
catalog-api-9b2e0_708,2026-07-13T09:11:48+00:00,catalog-api-9b2e0,catalog-api,0,265.22,0.4144,0,
catalog-api-9b2e0_709,2026-07-13T09:11:49+00:00,catalog-api-9b2e0,catalog-api,0,267.36,0.4178,0,
catalog-api-9b2e0_710,2026-07-13T09:11:50+00:00,catalog-api-9b2e0,catalog-api,0,265.46,0.4148,0,
catalog-api-9b2e0_711,2026-07-13T09:11:51+00:00,catalog-api-9b2e0,catalog-api,0,257.49,0.4023,0,
catalog-api-9b2e0_712,2026-07-13T09:11:52+00:00,catalog-api-9b2e0,catalog-api,0,266.96,0.4171,0,
catalog-api-9b2e0_713,2026-07-13T09:11:53+00:00,catalog-api-9b2e0,catalog-api,0,253.98,0.3968,0,
catalog-api-9b2e0_714,2026-07-13T09:11:54+00:00,catalog-api-9b2e0,catalog-api,0,268.18,0.419,0,
catalog-api-9b2e0_715,2026-07-13T09:11:55+00:00,catalog-api-9b2e0,catalog-api,0,269.56,0.4212,0,
catalog-api-9b2e0_716,2026-07-13T09:11:56+00:00,catalog-api-9b2e0,catalog-api,0,259.36,0.4052,0,
catalog-api-9b2e0_717,2026-07-13T09:11:57+00:00,catalog-api-9b2e0,catalog-api,0,267.01,0.4172,0,
catalog-api-9b2e0_718,2026-07-13T09:11:58+00:00,catalog-api-9b2e0,catalog-api,0,249.51,0.3899,0,
catalog-api-9b2e0_719,2026-07-13T09:11:59+00:00,catalog-api-9b2e0,catalog-api,0,263.76,0.4121,0,
catalog-api-9b2e0_720,2026-07-13T09:12:00+00:00,catalog-api-9b2e0,catalog-api,0,257.51,0.4024,0,
catalog-api-9b2e0_721,2026-07-13T09:12:01+00:00,catalog-api-9b2e0,catalog-api,0,269.1,0.4205,0,
catalog-api-9b2e0_722,2026-07-13T09:12:02+00:00,catalog-api-9b2e0,catalog-api,0,248.97,0.389,0,
catalog-api-9b2e0_723,2026-07-13T09:12:03+00:00,catalog-api-9b2e0,catalog-api,0,244.96,0.3828,0,
catalog-api-9b2e0_724,2026-07-13T09:12:04+00:00,catalog-api-9b2e0,catalog-api,0,263.12,0.4111,0,
catalog-api-9b2e0_725,2026-07-13T09:12:05+00:00,catalog-api-9b2e0,catalog-api,0,252.62,0.3947,0,
catalog-api-9b2e0_726,2026-07-13T09:12:06+00:00,catalog-api-9b2e0,catalog-api,0,261.95,0.4093,0,
catalog-api-9b2e0_727,2026-07-13T09:12:07+00:00,catalog-api-9b2e0,catalog-api,0,250.51,0.3914,0,
catalog-api-9b2e0_728,2026-07-13T09:12:08+00:00,catalog-api-9b2e0,catalog-api,0,279.78,0.4372,0,
catalog-api-9b2e0_729,2026-07-13T09:12:09+00:00,catalog-api-9b2e0,catalog-api,0,251.22,0.3925,0,
catalog-api-9b2e0_730,2026-07-13T09:12:10+00:00,catalog-api-9b2e0,catalog-api,0,264.09,0.4126,0,
catalog-api-9b2e0_731,2026-07-13T09:12:11+00:00,catalog-api-9b2e0,catalog-api,0,247.28,0.3864,0,
catalog-api-9b2e0_732,2026-07-13T09:12:12+00:00,catalog-api-9b2e0,catalog-api,0,256.92,0.4014,0,
catalog-api-9b2e0_733,2026-07-13T09:12:13+00:00,catalog-api-9b2e0,catalog-api,0,263.52,0.4117,0,
catalog-api-9b2e0_734,2026-07-13T09:12:14+00:00,catalog-api-9b2e0,catalog-api,0,254.28,0.3973,0,
catalog-api-9b2e0_735,2026-07-13T09:12:15+00:00,catalog-api-9b2e0,catalog-api,0,255.2,0.3987,0,
catalog-api-9b2e0_736,2026-07-13T09:12:16+00:00,catalog-api-9b2e0,catalog-api,0,258.11,0.4033,0,
catalog-api-9b2e0_737,2026-07-13T09:12:17+00:00,catalog-api-9b2e0,catalog-api,0,254.53,0.3977,0,
catalog-api-9b2e0_738,2026-07-13T09:12:18+00:00,catalog-api-9b2e0,catalog-api,0,269.67,0.4214,0,
catalog-api-9b2e0_739,2026-07-13T09:12:19+00:00,catalog-api-9b2e0,catalog-api,0,256.05,0.4001,0,
catalog-api-9b2e0_740,2026-07-13T09:12:20+00:00,catalog-api-9b2e0,catalog-api,0,259.63,0.4057,0,
catalog-api-9b2e0_741,2026-07-13T09:12:21+00:00,catalog-api-9b2e0,catalog-api,0,263.0,0.4109,0,
catalog-api-9b2e0_742,2026-07-13T09:12:22+00:00,catalog-api-9b2e0,catalog-api,0,260.24,0.4066,0,
catalog-api-9b2e0_743,2026-07-13T09:12:23+00:00,catalog-api-9b2e0,catalog-api,0,273.66,0.4276,0,
catalog-api-9b2e0_744,2026-07-13T09:12:24+00:00,catalog-api-9b2e0,catalog-api,0,260.22,0.4066,0,
catalog-api-9b2e0_745,2026-07-13T09:12:25+00:00,catalog-api-9b2e0,catalog-api,0,256.53,0.4008,0,
catalog-api-9b2e0_746,2026-07-13T09:12:26+00:00,catalog-api-9b2e0,catalog-api,0,255.19,0.3987,0,
catalog-api-9b2e0_747,2026-07-13T09:12:27+00:00,catalog-api-9b2e0,catalog-api,0,258.29,0.4036,0,
catalog-api-9b2e0_748,2026-07-13T09:12:28+00:00,catalog-api-9b2e0,catalog-api,0,260.83,0.4075,0,
catalog-api-9b2e0_749,2026-07-13T09:12:29+00:00,catalog-api-9b2e0,catalog-api,0,255.46,0.3992,0,
catalog-api-9b2e0_750,2026-07-13T09:12:30+00:00,catalog-api-9b2e0,catalog-api,0,257.62,0.4025,0,
catalog-api-9b2e0_751,2026-07-13T09:12:31+00:00,catalog-api-9b2e0,catalog-api,0,257.96,0.4031,0,
catalog-api-9b2e0_752,2026-07-13T09:12:32+00:00,catalog-api-9b2e0,catalog-api,0,260.43,0.4069,0,
catalog-api-9b2e0_753,2026-07-13T09:12:33+00:00,catalog-api-9b2e0,catalog-api,0,269.59,0.4212,0,
catalog-api-9b2e0_754,2026-07-13T09:12:34+00:00,catalog-api-9b2e0,catalog-api,0,241.42,0.3772,0,
catalog-api-9b2e0_755,2026-07-13T09:12:35+00:00,catalog-api-9b2e0,catalog-api,0,266.18,0.4159,0,
catalog-api-9b2e0_756,2026-07-13T09:12:36+00:00,catalog-api-9b2e0,catalog-api,0,271.4,0.4241,0,
catalog-api-9b2e0_757,2026-07-13T09:12:37+00:00,catalog-api-9b2e0,catalog-api,0,268.36,0.4193,0,
catalog-api-9b2e0_758,2026-07-13T09:12:38+00:00,catalog-api-9b2e0,catalog-api,0,259.21,0.405,0,
catalog-api-9b2e0_759,2026-07-13T09:12:39+00:00,catalog-api-9b2e0,catalog-api,0,264.98,0.414,0,
catalog-api-9b2e0_760,2026-07-13T09:12:40+00:00,catalog-api-9b2e0,catalog-api,0,274.02,0.4282,0,
catalog-api-9b2e0_761,2026-07-13T09:12:41+00:00,catalog-api-9b2e0,catalog-api,0,261.18,0.4081,0,
catalog-api-9b2e0_762,2026-07-13T09:12:42+00:00,catalog-api-9b2e0,catalog-api,0,272.16,0.4253,0,
catalog-api-9b2e0_763,2026-07-13T09:12:43+00:00,catalog-api-9b2e0,catalog-api,0,249.53,0.3899,0,
catalog-api-9b2e0_764,2026-07-13T09:12:44+00:00,catalog-api-9b2e0,catalog-api,0,264.02,0.4125,0,
catalog-api-9b2e0_765,2026-07-13T09:12:45+00:00,catalog-api-9b2e0,catalog-api,0,259.36,0.4052,0,
catalog-api-9b2e0_766,2026-07-13T09:12:46+00:00,catalog-api-9b2e0,catalog-api,0,265.5,0.4148,0,
catalog-api-9b2e0_767,2026-07-13T09:12:47+00:00,catalog-api-9b2e0,catalog-api,0,261.23,0.4082,0,
catalog-api-9b2e0_768,2026-07-13T09:12:48+00:00,catalog-api-9b2e0,catalog-api,0,258.27,0.4035,0,
catalog-api-9b2e0_769,2026-07-13T09:12:49+00:00,catalog-api-9b2e0,catalog-api,0,266.72,0.4168,0,
catalog-api-9b2e0_770,2026-07-13T09:12:50+00:00,catalog-api-9b2e0,catalog-api,0,259.71,0.4058,0,
catalog-api-9b2e0_771,2026-07-13T09:12:51+00:00,catalog-api-9b2e0,catalog-api,0,253.26,0.3957,0,
catalog-api-9b2e0_772,2026-07-13T09:12:52+00:00,catalog-api-9b2e0,catalog-api,0,268.28,0.4192,0,
catalog-api-9b2e0_773,2026-07-13T09:12:53+00:00,catalog-api-9b2e0,catalog-api,0,266.22,0.416,0,
catalog-api-9b2e0_774,2026-07-13T09:12:54+00:00,catalog-api-9b2e0,catalog-api,0,261.09,0.408,0,
catalog-api-9b2e0_775,2026-07-13T09:12:55+00:00,catalog-api-9b2e0,catalog-api,0,261.12,0.408,0,
catalog-api-9b2e0_776,2026-07-13T09:12:56+00:00,catalog-api-9b2e0,catalog-api,0,241.88,0.3779,0,
catalog-api-9b2e0_777,2026-07-13T09:12:57+00:00,catalog-api-9b2e0,catalog-api,0,261.44,0.4085,0,
catalog-api-9b2e0_778,2026-07-13T09:12:58+00:00,catalog-api-9b2e0,catalog-api,0,251.05,0.3923,0,
catalog-api-9b2e0_779,2026-07-13T09:12:59+00:00,catalog-api-9b2e0,catalog-api,0,260.07,0.4064,0,
catalog-api-9b2e0_780,2026-07-13T09:13:00+00:00,catalog-api-9b2e0,catalog-api,0,258.57,0.404,0,
catalog-api-9b2e0_781,2026-07-13T09:13:01+00:00,catalog-api-9b2e0,catalog-api,0,249.23,0.3894,0,
catalog-api-9b2e0_782,2026-07-13T09:13:02+00:00,catalog-api-9b2e0,catalog-api,0,264.56,0.4134,0,
catalog-api-9b2e0_783,2026-07-13T09:13:03+00:00,catalog-api-9b2e0,catalog-api,0,255.03,0.3985,0,
catalog-api-9b2e0_784,2026-07-13T09:13:04+00:00,catalog-api-9b2e0,catalog-api,0,253.28,0.3957,0,
catalog-api-9b2e0_785,2026-07-13T09:13:05+00:00,catalog-api-9b2e0,catalog-api,0,268.0,0.4188,0,
catalog-api-9b2e0_786,2026-07-13T09:13:06+00:00,catalog-api-9b2e0,catalog-api,0,256.59,0.4009,0,
catalog-api-9b2e0_787,2026-07-13T09:13:07+00:00,catalog-api-9b2e0,catalog-api,0,264.87,0.4139,0,
catalog-api-9b2e0_788,2026-07-13T09:13:08+00:00,catalog-api-9b2e0,catalog-api,0,268.34,0.4193,0,
catalog-api-9b2e0_789,2026-07-13T09:13:09+00:00,catalog-api-9b2e0,catalog-api,0,272.4,0.4256,0,
catalog-api-9b2e0_790,2026-07-13T09:13:10+00:00,catalog-api-9b2e0,catalog-api,0,263.53,0.4118,0,
catalog-api-9b2e0_791,2026-07-13T09:13:11+00:00,catalog-api-9b2e0,catalog-api,0,250.51,0.3914,0,
catalog-api-9b2e0_792,2026-07-13T09:13:12+00:00,catalog-api-9b2e0,catalog-api,0,268.14,0.419,0,
catalog-api-9b2e0_793,2026-07-13T09:13:13+00:00,catalog-api-9b2e0,catalog-api,0,254.68,0.3979,0,
catalog-api-9b2e0_794,2026-07-13T09:13:14+00:00,catalog-api-9b2e0,catalog-api,0,252.33,0.3943,0,
catalog-api-9b2e0_795,2026-07-13T09:13:15+00:00,catalog-api-9b2e0,catalog-api,0,265.8,0.4153,0,
catalog-api-9b2e0_796,2026-07-13T09:13:16+00:00,catalog-api-9b2e0,catalog-api,0,255.13,0.3986,0,
catalog-api-9b2e0_797,2026-07-13T09:13:17+00:00,catalog-api-9b2e0,catalog-api,0,280.36,0.4381,0,
catalog-api-9b2e0_798,2026-07-13T09:13:18+00:00,catalog-api-9b2e0,catalog-api,0,263.6,0.4119,0,
catalog-api-9b2e0_799,2026-07-13T09:13:19+00:00,catalog-api-9b2e0,catalog-api,0,267.31,0.4177,0,
catalog-api-9b2e0_800,2026-07-13T09:13:20+00:00,catalog-api-9b2e0,catalog-api,0,247.95,0.3874,0,
catalog-api-9b2e0_801,2026-07-13T09:13:21+00:00,catalog-api-9b2e0,catalog-api,0,266.98,0.4172,0,
catalog-api-9b2e0_802,2026-07-13T09:13:22+00:00,catalog-api-9b2e0,catalog-api,0,254.64,0.3979,0,
catalog-api-9b2e0_803,2026-07-13T09:13:23+00:00,catalog-api-9b2e0,catalog-api,0,258.44,0.4038,0,
catalog-api-9b2e0_804,2026-07-13T09:13:24+00:00,catalog-api-9b2e0,catalog-api,0,254.07,0.397,0,
catalog-api-9b2e0_805,2026-07-13T09:13:25+00:00,catalog-api-9b2e0,catalog-api,0,251.39,0.3928,0,
catalog-api-9b2e0_806,2026-07-13T09:13:26+00:00,catalog-api-9b2e0,catalog-api,0,261.84,0.4091,0,
catalog-api-9b2e0_807,2026-07-13T09:13:27+00:00,catalog-api-9b2e0,catalog-api,0,259.23,0.405,0,
catalog-api-9b2e0_808,2026-07-13T09:13:28+00:00,catalog-api-9b2e0,catalog-api,0,249.16,0.3893,0,
catalog-api-9b2e0_809,2026-07-13T09:13:29+00:00,catalog-api-9b2e0,catalog-api,0,261.84,0.4091,0,
catalog-api-9b2e0_810,2026-07-13T09:13:30+00:00,catalog-api-9b2e0,catalog-api,0,257.03,0.4016,0,
catalog-api-9b2e0_811,2026-07-13T09:13:31+00:00,catalog-api-9b2e0,catalog-api,0,260.22,0.4066,0,
catalog-api-9b2e0_812,2026-07-13T09:13:32+00:00,catalog-api-9b2e0,catalog-api,0,258.92,0.4046,0,
catalog-api-9b2e0_813,2026-07-13T09:13:33+00:00,catalog-api-9b2e0,catalog-api,0,256.91,0.4014,0,
catalog-api-9b2e0_814,2026-07-13T09:13:34+00:00,catalog-api-9b2e0,catalog-api,0,255.46,0.3992,0,
catalog-api-9b2e0_815,2026-07-13T09:13:35+00:00,catalog-api-9b2e0,catalog-api,0,272.0,0.425,0,
catalog-api-9b2e0_816,2026-07-13T09:13:36+00:00,catalog-api-9b2e0,catalog-api,0,267.2,0.4175,0,
catalog-api-9b2e0_817,2026-07-13T09:13:37+00:00,catalog-api-9b2e0,catalog-api,0,249.9,0.3905,0,
catalog-api-9b2e0_818,2026-07-13T09:13:38+00:00,catalog-api-9b2e0,catalog-api,0,253.54,0.3962,0,
catalog-api-9b2e0_819,2026-07-13T09:13:39+00:00,catalog-api-9b2e0,catalog-api,0,252.81,0.395,0,
catalog-api-9b2e0_820,2026-07-13T09:13:40+00:00,catalog-api-9b2e0,catalog-api,0,247.49,0.3867,0,
catalog-api-9b2e0_821,2026-07-13T09:13:41+00:00,catalog-api-9b2e0,catalog-api,0,266.2,0.4159,0,
catalog-api-9b2e0_822,2026-07-13T09:13:42+00:00,catalog-api-9b2e0,catalog-api,0,247.75,0.3871,0,
catalog-api-9b2e0_823,2026-07-13T09:13:43+00:00,catalog-api-9b2e0,catalog-api,0,257.56,0.4024,0,
catalog-api-9b2e0_824,2026-07-13T09:13:44+00:00,catalog-api-9b2e0,catalog-api,0,253.24,0.3957,0,
catalog-api-9b2e0_825,2026-07-13T09:13:45+00:00,catalog-api-9b2e0,catalog-api,0,254.59,0.3978,0,
catalog-api-9b2e0_826,2026-07-13T09:13:46+00:00,catalog-api-9b2e0,catalog-api,0,242.33,0.3786,0,
catalog-api-9b2e0_827,2026-07-13T09:13:47+00:00,catalog-api-9b2e0,catalog-api,0,248.3,0.388,0,
catalog-api-9b2e0_828,2026-07-13T09:13:48+00:00,catalog-api-9b2e0,catalog-api,0,254.21,0.3972,0,
catalog-api-9b2e0_829,2026-07-13T09:13:49+00:00,catalog-api-9b2e0,catalog-api,0,261.76,0.409,0,
catalog-api-9b2e0_830,2026-07-13T09:13:50+00:00,catalog-api-9b2e0,catalog-api,0,266.26,0.416,0,
catalog-api-9b2e0_831,2026-07-13T09:13:51+00:00,catalog-api-9b2e0,catalog-api,0,277.61,0.4338,0,
catalog-api-9b2e0_832,2026-07-13T09:13:52+00:00,catalog-api-9b2e0,catalog-api,0,251.73,0.3933,0,
catalog-api-9b2e0_833,2026-07-13T09:13:53+00:00,catalog-api-9b2e0,catalog-api,0,250.63,0.3916,0,
catalog-api-9b2e0_834,2026-07-13T09:13:54+00:00,catalog-api-9b2e0,catalog-api,0,263.25,0.4113,0,
catalog-api-9b2e0_835,2026-07-13T09:13:55+00:00,catalog-api-9b2e0,catalog-api,0,264.81,0.4138,0,
catalog-api-9b2e0_836,2026-07-13T09:13:56+00:00,catalog-api-9b2e0,catalog-api,0,254.57,0.3978,0,
catalog-api-9b2e0_837,2026-07-13T09:13:57+00:00,catalog-api-9b2e0,catalog-api,0,255.98,0.4,0,
catalog-api-9b2e0_838,2026-07-13T09:13:58+00:00,catalog-api-9b2e0,catalog-api,0,278.94,0.4358,0,
catalog-api-9b2e0_839,2026-07-13T09:13:59+00:00,catalog-api-9b2e0,catalog-api,0,261.13,0.408,0,
catalog-api-9b2e0_840,2026-07-13T09:14:00+00:00,catalog-api-9b2e0,catalog-api,0,240.57,0.3759,0,
catalog-api-9b2e0_841,2026-07-13T09:14:01+00:00,catalog-api-9b2e0,catalog-api,0,260.19,0.4065,0,
catalog-api-9b2e0_842,2026-07-13T09:14:02+00:00,catalog-api-9b2e0,catalog-api,0,256.44,0.4007,0,
catalog-api-9b2e0_843,2026-07-13T09:14:03+00:00,catalog-api-9b2e0,catalog-api,0,259.66,0.4057,0,
catalog-api-9b2e0_844,2026-07-13T09:14:04+00:00,catalog-api-9b2e0,catalog-api,0,263.29,0.4114,0,
catalog-api-9b2e0_845,2026-07-13T09:14:05+00:00,catalog-api-9b2e0,catalog-api,0,260.53,0.4071,0,
catalog-api-9b2e0_846,2026-07-13T09:14:06+00:00,catalog-api-9b2e0,catalog-api,0,250.27,0.391,0,
catalog-api-9b2e0_847,2026-07-13T09:14:07+00:00,catalog-api-9b2e0,catalog-api,0,270.68,0.4229,0,
catalog-api-9b2e0_848,2026-07-13T09:14:08+00:00,catalog-api-9b2e0,catalog-api,0,251.2,0.3925,0,
catalog-api-9b2e0_849,2026-07-13T09:14:09+00:00,catalog-api-9b2e0,catalog-api,0,251.07,0.3923,0,
catalog-api-9b2e0_850,2026-07-13T09:14:10+00:00,catalog-api-9b2e0,catalog-api,0,263.54,0.4118,0,
catalog-api-9b2e0_851,2026-07-13T09:14:11+00:00,catalog-api-9b2e0,catalog-api,0,258.79,0.4044,0,
catalog-api-9b2e0_852,2026-07-13T09:14:12+00:00,catalog-api-9b2e0,catalog-api,0,264.81,0.4138,0,
catalog-api-9b2e0_853,2026-07-13T09:14:13+00:00,catalog-api-9b2e0,catalog-api,0,260.73,0.4074,0,
catalog-api-9b2e0_854,2026-07-13T09:14:14+00:00,catalog-api-9b2e0,catalog-api,0,268.59,0.4197,0,
catalog-api-9b2e0_855,2026-07-13T09:14:15+00:00,catalog-api-9b2e0,catalog-api,0,264.33,0.413,0,
catalog-api-9b2e0_856,2026-07-13T09:14:16+00:00,catalog-api-9b2e0,catalog-api,0,256.39,0.4006,0,
catalog-api-9b2e0_857,2026-07-13T09:14:17+00:00,catalog-api-9b2e0,catalog-api,0,263.64,0.4119,0,
catalog-api-9b2e0_858,2026-07-13T09:14:18+00:00,catalog-api-9b2e0,catalog-api,0,244.49,0.382,0,
catalog-api-9b2e0_859,2026-07-13T09:14:19+00:00,catalog-api-9b2e0,catalog-api,0,265.05,0.4141,0,
catalog-api-9b2e0_860,2026-07-13T09:14:20+00:00,catalog-api-9b2e0,catalog-api,0,255.45,0.3991,0,
catalog-api-9b2e0_861,2026-07-13T09:14:21+00:00,catalog-api-9b2e0,catalog-api,0,263.74,0.4121,0,
catalog-api-9b2e0_862,2026-07-13T09:14:22+00:00,catalog-api-9b2e0,catalog-api,0,272.11,0.4252,0,
catalog-api-9b2e0_863,2026-07-13T09:14:23+00:00,catalog-api-9b2e0,catalog-api,0,269.84,0.4216,0,
catalog-api-9b2e0_864,2026-07-13T09:14:24+00:00,catalog-api-9b2e0,catalog-api,0,240.82,0.3763,0,
catalog-api-9b2e0_865,2026-07-13T09:14:25+00:00,catalog-api-9b2e0,catalog-api,0,246.45,0.3851,0,
catalog-api-9b2e0_866,2026-07-13T09:14:26+00:00,catalog-api-9b2e0,catalog-api,0,260.58,0.4072,0,
catalog-api-9b2e0_867,2026-07-13T09:14:27+00:00,catalog-api-9b2e0,catalog-api,0,270.71,0.423,0,
catalog-api-9b2e0_868,2026-07-13T09:14:28+00:00,catalog-api-9b2e0,catalog-api,0,260.15,0.4065,0,
catalog-api-9b2e0_869,2026-07-13T09:14:29+00:00,catalog-api-9b2e0,catalog-api,0,254.14,0.3971,0,
catalog-api-9b2e1_30,2026-07-13T09:00:30+00:00,catalog-api-9b2e1,catalog-api,0,249.27,0.3895,0,
catalog-api-9b2e1_31,2026-07-13T09:00:31+00:00,catalog-api-9b2e1,catalog-api,0,262.28,0.4098,0,
catalog-api-9b2e1_32,2026-07-13T09:00:32+00:00,catalog-api-9b2e1,catalog-api,0,279.12,0.4361,0,
catalog-api-9b2e1_33,2026-07-13T09:00:33+00:00,catalog-api-9b2e1,catalog-api,0,256.3,0.4005,0,
catalog-api-9b2e1_34,2026-07-13T09:00:34+00:00,catalog-api-9b2e1,catalog-api,0,265.03,0.4141,0,
catalog-api-9b2e1_35,2026-07-13T09:00:35+00:00,catalog-api-9b2e1,catalog-api,0,260.73,0.4074,0,
catalog-api-9b2e1_36,2026-07-13T09:00:36+00:00,catalog-api-9b2e1,catalog-api,0,254.23,0.3972,0,
catalog-api-9b2e1_37,2026-07-13T09:00:37+00:00,catalog-api-9b2e1,catalog-api,0,256.35,0.4005,0,
catalog-api-9b2e1_38,2026-07-13T09:00:38+00:00,catalog-api-9b2e1,catalog-api,0,257.4,0.4022,0,
catalog-api-9b2e1_39,2026-07-13T09:00:39+00:00,catalog-api-9b2e1,catalog-api,0,248.45,0.3882,0,
catalog-api-9b2e1_40,2026-07-13T09:00:40+00:00,catalog-api-9b2e1,catalog-api,0,254.49,0.3976,0,
catalog-api-9b2e1_41,2026-07-13T09:00:41+00:00,catalog-api-9b2e1,catalog-api,0,264.16,0.4128,0,
catalog-api-9b2e1_42,2026-07-13T09:00:42+00:00,catalog-api-9b2e1,catalog-api,0,259.95,0.4062,0,
catalog-api-9b2e1_43,2026-07-13T09:00:43+00:00,catalog-api-9b2e1,catalog-api,0,262.45,0.4101,0,
catalog-api-9b2e1_44,2026-07-13T09:00:44+00:00,catalog-api-9b2e1,catalog-api,0,269.93,0.4218,0,
catalog-api-9b2e1_45,2026-07-13T09:00:45+00:00,catalog-api-9b2e1,catalog-api,0,267.87,0.4185,0,
catalog-api-9b2e1_46,2026-07-13T09:00:46+00:00,catalog-api-9b2e1,catalog-api,0,271.17,0.4237,0,
catalog-api-9b2e1_47,2026-07-13T09:00:47+00:00,catalog-api-9b2e1,catalog-api,0,255.18,0.3987,0,
catalog-api-9b2e1_48,2026-07-13T09:00:48+00:00,catalog-api-9b2e1,catalog-api,0,253.66,0.3963,0,
catalog-api-9b2e1_49,2026-07-13T09:00:49+00:00,catalog-api-9b2e1,catalog-api,0,272.34,0.4255,0,
catalog-api-9b2e1_50,2026-07-13T09:00:50+00:00,catalog-api-9b2e1,catalog-api,0,257.85,0.4029,0,
catalog-api-9b2e1_51,2026-07-13T09:00:51+00:00,catalog-api-9b2e1,catalog-api,0,271.96,0.4249,0,
catalog-api-9b2e1_52,2026-07-13T09:00:52+00:00,catalog-api-9b2e1,catalog-api,0,257.0,0.4016,0,
catalog-api-9b2e1_53,2026-07-13T09:00:53+00:00,catalog-api-9b2e1,catalog-api,0,265.61,0.415,0,
catalog-api-9b2e1_54,2026-07-13T09:00:54+00:00,catalog-api-9b2e1,catalog-api,0,250.09,0.3908,0,
catalog-api-9b2e1_55,2026-07-13T09:00:55+00:00,catalog-api-9b2e1,catalog-api,0,261.86,0.4092,0,
catalog-api-9b2e1_56,2026-07-13T09:00:56+00:00,catalog-api-9b2e1,catalog-api,0,263.59,0.4119,0,
catalog-api-9b2e1_57,2026-07-13T09:00:57+00:00,catalog-api-9b2e1,catalog-api,0,266.99,0.4172,0,
catalog-api-9b2e1_58,2026-07-13T09:00:58+00:00,catalog-api-9b2e1,catalog-api,0,275.26,0.4301,0,
catalog-api-9b2e1_59,2026-07-13T09:00:59+00:00,catalog-api-9b2e1,catalog-api,0,262.46,0.4101,0,
catalog-api-9b2e1_60,2026-07-13T09:01:00+00:00,catalog-api-9b2e1,catalog-api,0,249.64,0.3901,0,
catalog-api-9b2e1_61,2026-07-13T09:01:01+00:00,catalog-api-9b2e1,catalog-api,0,271.35,0.424,0,
catalog-api-9b2e1_62,2026-07-13T09:01:02+00:00,catalog-api-9b2e1,catalog-api,0,258.43,0.4038,0,
catalog-api-9b2e1_63,2026-07-13T09:01:03+00:00,catalog-api-9b2e1,catalog-api,0,255.93,0.3999,0,
catalog-api-9b2e1_64,2026-07-13T09:01:04+00:00,catalog-api-9b2e1,catalog-api,0,261.98,0.4093,0,
catalog-api-9b2e1_65,2026-07-13T09:01:05+00:00,catalog-api-9b2e1,catalog-api,0,255.53,0.3993,0,
catalog-api-9b2e1_66,2026-07-13T09:01:06+00:00,catalog-api-9b2e1,catalog-api,0,259.27,0.4051,0,
catalog-api-9b2e1_67,2026-07-13T09:01:07+00:00,catalog-api-9b2e1,catalog-api,0,258.43,0.4038,0,
catalog-api-9b2e1_68,2026-07-13T09:01:08+00:00,catalog-api-9b2e1,catalog-api,0,268.22,0.4191,0,
catalog-api-9b2e1_69,2026-07-13T09:01:09+00:00,catalog-api-9b2e1,catalog-api,0,257.03,0.4016,0,
catalog-api-9b2e1_70,2026-07-13T09:01:10+00:00,catalog-api-9b2e1,catalog-api,0,253.63,0.3963,0,
catalog-api-9b2e1_71,2026-07-13T09:01:11+00:00,catalog-api-9b2e1,catalog-api,0,252.87,0.3951,0,
catalog-api-9b2e1_72,2026-07-13T09:01:12+00:00,catalog-api-9b2e1,catalog-api,0,274.74,0.4293,0,
catalog-api-9b2e1_73,2026-07-13T09:01:13+00:00,catalog-api-9b2e1,catalog-api,0,264.99,0.414,0,
catalog-api-9b2e1_74,2026-07-13T09:01:14+00:00,catalog-api-9b2e1,catalog-api,0,271.23,0.4238,0,
catalog-api-9b2e1_75,2026-07-13T09:01:15+00:00,catalog-api-9b2e1,catalog-api,0,247.11,0.3861,0,
catalog-api-9b2e1_76,2026-07-13T09:01:16+00:00,catalog-api-9b2e1,catalog-api,0,267.89,0.4186,0,
catalog-api-9b2e1_77,2026-07-13T09:01:17+00:00,catalog-api-9b2e1,catalog-api,0,265.34,0.4146,0,
catalog-api-9b2e1_78,2026-07-13T09:01:18+00:00,catalog-api-9b2e1,catalog-api,0,259.01,0.4047,0,
catalog-api-9b2e1_79,2026-07-13T09:01:19+00:00,catalog-api-9b2e1,catalog-api,0,265.37,0.4146,0,
catalog-api-9b2e1_80,2026-07-13T09:01:20+00:00,catalog-api-9b2e1,catalog-api,0,272.58,0.4259,0,
catalog-api-9b2e1_81,2026-07-13T09:01:21+00:00,catalog-api-9b2e1,catalog-api,0,266.14,0.4158,0,
catalog-api-9b2e1_82,2026-07-13T09:01:22+00:00,catalog-api-9b2e1,catalog-api,0,258.13,0.4033,0,
catalog-api-9b2e1_83,2026-07-13T09:01:23+00:00,catalog-api-9b2e1,catalog-api,0,271.52,0.4242,0,
catalog-api-9b2e1_84,2026-07-13T09:01:24+00:00,catalog-api-9b2e1,catalog-api,0,270.91,0.4233,0,
catalog-api-9b2e1_85,2026-07-13T09:01:25+00:00,catalog-api-9b2e1,catalog-api,0,255.27,0.3989,0,
catalog-api-9b2e1_86,2026-07-13T09:01:26+00:00,catalog-api-9b2e1,catalog-api,0,260.87,0.4076,0,
catalog-api-9b2e1_87,2026-07-13T09:01:27+00:00,catalog-api-9b2e1,catalog-api,0,274.05,0.4282,0,
catalog-api-9b2e1_88,2026-07-13T09:01:28+00:00,catalog-api-9b2e1,catalog-api,0,257.06,0.4017,0,
catalog-api-9b2e1_89,2026-07-13T09:01:29+00:00,catalog-api-9b2e1,catalog-api,0,256.08,0.4001,0,
catalog-api-9b2e1_90,2026-07-13T09:01:30+00:00,catalog-api-9b2e1,catalog-api,0,260.15,0.4065,0,
catalog-api-9b2e1_91,2026-07-13T09:01:31+00:00,catalog-api-9b2e1,catalog-api,0,267.2,0.4175,0,
catalog-api-9b2e1_92,2026-07-13T09:01:32+00:00,catalog-api-9b2e1,catalog-api,0,254.85,0.3982,0,
catalog-api-9b2e1_93,2026-07-13T09:01:33+00:00,catalog-api-9b2e1,catalog-api,0,258.39,0.4037,0,
catalog-api-9b2e1_94,2026-07-13T09:01:34+00:00,catalog-api-9b2e1,catalog-api,0,267.63,0.4182,0,
catalog-api-9b2e1_95,2026-07-13T09:01:35+00:00,catalog-api-9b2e1,catalog-api,0,266.11,0.4158,0,
catalog-api-9b2e1_96,2026-07-13T09:01:36+00:00,catalog-api-9b2e1,catalog-api,0,260.24,0.4066,0,
catalog-api-9b2e1_97,2026-07-13T09:01:37+00:00,catalog-api-9b2e1,catalog-api,0,267.85,0.4185,0,
catalog-api-9b2e1_98,2026-07-13T09:01:38+00:00,catalog-api-9b2e1,catalog-api,0,258.35,0.4037,0,
catalog-api-9b2e1_99,2026-07-13T09:01:39+00:00,catalog-api-9b2e1,catalog-api,0,269.85,0.4216,0,
catalog-api-9b2e1_100,2026-07-13T09:01:40+00:00,catalog-api-9b2e1,catalog-api,0,262.62,0.4103,0,
catalog-api-9b2e1_101,2026-07-13T09:01:41+00:00,catalog-api-9b2e1,catalog-api,0,266.07,0.4157,0,
catalog-api-9b2e1_102,2026-07-13T09:01:42+00:00,catalog-api-9b2e1,catalog-api,0,253.76,0.3965,0,
catalog-api-9b2e1_103,2026-07-13T09:01:43+00:00,catalog-api-9b2e1,catalog-api,0,270.14,0.4221,0,
catalog-api-9b2e1_104,2026-07-13T09:01:44+00:00,catalog-api-9b2e1,catalog-api,0,252.19,0.394,0,
catalog-api-9b2e1_105,2026-07-13T09:01:45+00:00,catalog-api-9b2e1,catalog-api,0,252.39,0.3944,0,
catalog-api-9b2e1_106,2026-07-13T09:01:46+00:00,catalog-api-9b2e1,catalog-api,0,252.99,0.3953,0,
catalog-api-9b2e1_107,2026-07-13T09:01:47+00:00,catalog-api-9b2e1,catalog-api,0,266.5,0.4164,0,
catalog-api-9b2e1_108,2026-07-13T09:01:48+00:00,catalog-api-9b2e1,catalog-api,0,253.94,0.3968,0,
catalog-api-9b2e1_109,2026-07-13T09:01:49+00:00,catalog-api-9b2e1,catalog-api,0,260.77,0.4075,0,
catalog-api-9b2e1_110,2026-07-13T09:01:50+00:00,catalog-api-9b2e1,catalog-api,0,257.47,0.4023,0,
catalog-api-9b2e1_111,2026-07-13T09:01:51+00:00,catalog-api-9b2e1,catalog-api,0,267.29,0.4176,0,
catalog-api-9b2e1_112,2026-07-13T09:01:52+00:00,catalog-api-9b2e1,catalog-api,0,258.77,0.4043,0,
catalog-api-9b2e1_113,2026-07-13T09:01:53+00:00,catalog-api-9b2e1,catalog-api,0,259.09,0.4048,0,
catalog-api-9b2e1_114,2026-07-13T09:01:54+00:00,catalog-api-9b2e1,catalog-api,0,266.01,0.4156,0,
catalog-api-9b2e1_115,2026-07-13T09:01:55+00:00,catalog-api-9b2e1,catalog-api,0,255.02,0.3985,0,
catalog-api-9b2e1_116,2026-07-13T09:01:56+00:00,catalog-api-9b2e1,catalog-api,0,253.61,0.3963,0,
catalog-api-9b2e1_117,2026-07-13T09:01:57+00:00,catalog-api-9b2e1,catalog-api,0,269.32,0.4208,0,
catalog-api-9b2e1_118,2026-07-13T09:01:58+00:00,catalog-api-9b2e1,catalog-api,0,251.52,0.393,0,
catalog-api-9b2e1_119,2026-07-13T09:01:59+00:00,catalog-api-9b2e1,catalog-api,0,265.29,0.4145,0,
catalog-api-9b2e1_120,2026-07-13T09:02:00+00:00,catalog-api-9b2e1,catalog-api,0,254.32,0.3974,0,
catalog-api-9b2e1_121,2026-07-13T09:02:01+00:00,catalog-api-9b2e1,catalog-api,0,267.69,0.4183,0,
catalog-api-9b2e1_122,2026-07-13T09:02:02+00:00,catalog-api-9b2e1,catalog-api,0,257.75,0.4027,0,
catalog-api-9b2e1_123,2026-07-13T09:02:03+00:00,catalog-api-9b2e1,catalog-api,0,245.9,0.3842,0,
catalog-api-9b2e1_124,2026-07-13T09:02:04+00:00,catalog-api-9b2e1,catalog-api,0,252.08,0.3939,0,
catalog-api-9b2e1_125,2026-07-13T09:02:05+00:00,catalog-api-9b2e1,catalog-api,0,258.27,0.4035,0,
catalog-api-9b2e1_126,2026-07-13T09:02:06+00:00,catalog-api-9b2e1,catalog-api,0,262.15,0.4096,0,
catalog-api-9b2e1_127,2026-07-13T09:02:07+00:00,catalog-api-9b2e1,catalog-api,0,257.01,0.4016,0,
catalog-api-9b2e1_128,2026-07-13T09:02:08+00:00,catalog-api-9b2e1,catalog-api,0,259.12,0.4049,0,
catalog-api-9b2e1_129,2026-07-13T09:02:09+00:00,catalog-api-9b2e1,catalog-api,0,261.54,0.4087,0,
catalog-api-9b2e1_130,2026-07-13T09:02:10+00:00,catalog-api-9b2e1,catalog-api,0,275.4,0.4303,0,
catalog-api-9b2e1_131,2026-07-13T09:02:11+00:00,catalog-api-9b2e1,catalog-api,0,257.81,0.4028,0,
catalog-api-9b2e1_132,2026-07-13T09:02:12+00:00,catalog-api-9b2e1,catalog-api,0,261.34,0.4083,0,
catalog-api-9b2e1_133,2026-07-13T09:02:13+00:00,catalog-api-9b2e1,catalog-api,0,267.7,0.4183,0,
catalog-api-9b2e1_134,2026-07-13T09:02:14+00:00,catalog-api-9b2e1,catalog-api,0,251.44,0.3929,0,
catalog-api-9b2e1_135,2026-07-13T09:02:15+00:00,catalog-api-9b2e1,catalog-api,0,266.92,0.4171,0,
catalog-api-9b2e1_136,2026-07-13T09:02:16+00:00,catalog-api-9b2e1,catalog-api,0,257.63,0.4025,0,
catalog-api-9b2e1_137,2026-07-13T09:02:17+00:00,catalog-api-9b2e1,catalog-api,0,270.6,0.4228,0,
catalog-api-9b2e1_138,2026-07-13T09:02:18+00:00,catalog-api-9b2e1,catalog-api,0,278.41,0.435,0,
catalog-api-9b2e1_139,2026-07-13T09:02:19+00:00,catalog-api-9b2e1,catalog-api,0,270.01,0.4219,0,
catalog-api-9b2e1_140,2026-07-13T09:02:20+00:00,catalog-api-9b2e1,catalog-api,0,256.82,0.4013,0,
catalog-api-9b2e1_141,2026-07-13T09:02:21+00:00,catalog-api-9b2e1,catalog-api,0,277.73,0.434,0,
catalog-api-9b2e1_142,2026-07-13T09:02:22+00:00,catalog-api-9b2e1,catalog-api,0,245.63,0.3838,0,
catalog-api-9b2e1_143,2026-07-13T09:02:23+00:00,catalog-api-9b2e1,catalog-api,0,253.8,0.3966,0,
catalog-api-9b2e1_144,2026-07-13T09:02:24+00:00,catalog-api-9b2e1,catalog-api,0,268.86,0.4201,0,
catalog-api-9b2e1_145,2026-07-13T09:02:25+00:00,catalog-api-9b2e1,catalog-api,0,260.85,0.4076,0,
catalog-api-9b2e1_146,2026-07-13T09:02:26+00:00,catalog-api-9b2e1,catalog-api,0,253.95,0.3968,0,
catalog-api-9b2e1_147,2026-07-13T09:02:27+00:00,catalog-api-9b2e1,catalog-api,0,250.11,0.3908,0,
catalog-api-9b2e1_148,2026-07-13T09:02:28+00:00,catalog-api-9b2e1,catalog-api,0,250.99,0.3922,0,
catalog-api-9b2e1_149,2026-07-13T09:02:29+00:00,catalog-api-9b2e1,catalog-api,0,253.58,0.3962,0,
catalog-api-9b2e1_150,2026-07-13T09:02:30+00:00,catalog-api-9b2e1,catalog-api,0,259.86,0.406,0,
catalog-api-9b2e1_151,2026-07-13T09:02:31+00:00,catalog-api-9b2e1,catalog-api,0,261.53,0.4086,0,
catalog-api-9b2e1_152,2026-07-13T09:02:32+00:00,catalog-api-9b2e1,catalog-api,0,251.9,0.3936,0,
catalog-api-9b2e1_153,2026-07-13T09:02:33+00:00,catalog-api-9b2e1,catalog-api,0,257.46,0.4023,0,
catalog-api-9b2e1_154,2026-07-13T09:02:34+00:00,catalog-api-9b2e1,catalog-api,0,266.09,0.4158,0,
catalog-api-9b2e1_155,2026-07-13T09:02:35+00:00,catalog-api-9b2e1,catalog-api,0,267.86,0.4185,0,
catalog-api-9b2e1_156,2026-07-13T09:02:36+00:00,catalog-api-9b2e1,catalog-api,0,257.77,0.4028,0,
catalog-api-9b2e1_157,2026-07-13T09:02:37+00:00,catalog-api-9b2e1,catalog-api,0,262.56,0.4103,0,
catalog-api-9b2e1_158,2026-07-13T09:02:38+00:00,catalog-api-9b2e1,catalog-api,0,255.14,0.3987,0,
catalog-api-9b2e1_159,2026-07-13T09:02:39+00:00,catalog-api-9b2e1,catalog-api,0,261.72,0.4089,0,
catalog-api-9b2e1_160,2026-07-13T09:02:40+00:00,catalog-api-9b2e1,catalog-api,0,259.24,0.4051,0,
catalog-api-9b2e1_161,2026-07-13T09:02:41+00:00,catalog-api-9b2e1,catalog-api,0,259.46,0.4054,0,
catalog-api-9b2e1_162,2026-07-13T09:02:42+00:00,catalog-api-9b2e1,catalog-api,0,258.25,0.4035,0,
catalog-api-9b2e1_163,2026-07-13T09:02:43+00:00,catalog-api-9b2e1,catalog-api,0,246.73,0.3855,0,
catalog-api-9b2e1_164,2026-07-13T09:02:44+00:00,catalog-api-9b2e1,catalog-api,0,263.97,0.4125,0,
catalog-api-9b2e1_165,2026-07-13T09:02:45+00:00,catalog-api-9b2e1,catalog-api,0,254.97,0.3984,0,
catalog-api-9b2e1_166,2026-07-13T09:02:46+00:00,catalog-api-9b2e1,catalog-api,0,252.56,0.3946,0,
catalog-api-9b2e1_167,2026-07-13T09:02:47+00:00,catalog-api-9b2e1,catalog-api,0,252.75,0.3949,0,
catalog-api-9b2e1_168,2026-07-13T09:02:48+00:00,catalog-api-9b2e1,catalog-api,0,268.61,0.4197,0,
catalog-api-9b2e1_169,2026-07-13T09:02:49+00:00,catalog-api-9b2e1,catalog-api,0,270.79,0.4231,0,
catalog-api-9b2e1_170,2026-07-13T09:02:50+00:00,catalog-api-9b2e1,catalog-api,0,257.59,0.4025,0,
catalog-api-9b2e1_171,2026-07-13T09:02:51+00:00,catalog-api-9b2e1,catalog-api,0,259.73,0.4058,0,
catalog-api-9b2e1_172,2026-07-13T09:02:52+00:00,catalog-api-9b2e1,catalog-api,0,267.05,0.4173,0,
catalog-api-9b2e1_173,2026-07-13T09:02:53+00:00,catalog-api-9b2e1,catalog-api,0,269.87,0.4217,0,
catalog-api-9b2e1_174,2026-07-13T09:02:54+00:00,catalog-api-9b2e1,catalog-api,0,261.59,0.4087,0,
catalog-api-9b2e1_175,2026-07-13T09:02:55+00:00,catalog-api-9b2e1,catalog-api,0,243.87,0.381,0,
catalog-api-9b2e1_176,2026-07-13T09:02:56+00:00,catalog-api-9b2e1,catalog-api,0,276.63,0.4322,0,
catalog-api-9b2e1_177,2026-07-13T09:02:57+00:00,catalog-api-9b2e1,catalog-api,0,258.52,0.4039,0,
catalog-api-9b2e1_178,2026-07-13T09:02:58+00:00,catalog-api-9b2e1,catalog-api,0,241.33,0.3771,0,
catalog-api-9b2e1_179,2026-07-13T09:02:59+00:00,catalog-api-9b2e1,catalog-api,0,260.89,0.4076,0,
catalog-api-9b2e1_180,2026-07-13T09:03:00+00:00,catalog-api-9b2e1,catalog-api,0,259.69,0.4058,0,
catalog-api-9b2e1_181,2026-07-13T09:03:01+00:00,catalog-api-9b2e1,catalog-api,0,268.42,0.4194,0,
catalog-api-9b2e1_182,2026-07-13T09:03:02+00:00,catalog-api-9b2e1,catalog-api,0,271.62,0.4244,0,
catalog-api-9b2e1_183,2026-07-13T09:03:03+00:00,catalog-api-9b2e1,catalog-api,0,272.38,0.4256,0,
catalog-api-9b2e1_184,2026-07-13T09:03:04+00:00,catalog-api-9b2e1,catalog-api,0,264.68,0.4136,0,
catalog-api-9b2e1_185,2026-07-13T09:03:05+00:00,catalog-api-9b2e1,catalog-api,0,251.56,0.3931,0,
catalog-api-9b2e1_186,2026-07-13T09:03:06+00:00,catalog-api-9b2e1,catalog-api,0,258.03,0.4032,0,
catalog-api-9b2e1_187,2026-07-13T09:03:07+00:00,catalog-api-9b2e1,catalog-api,0,255.87,0.3998,0,
catalog-api-9b2e1_188,2026-07-13T09:03:08+00:00,catalog-api-9b2e1,catalog-api,0,255.24,0.3988,0,
catalog-api-9b2e1_189,2026-07-13T09:03:09+00:00,catalog-api-9b2e1,catalog-api,0,251.43,0.3929,0,
catalog-api-9b2e1_190,2026-07-13T09:03:10+00:00,catalog-api-9b2e1,catalog-api,0,268.54,0.4196,0,
catalog-api-9b2e1_191,2026-07-13T09:03:11+00:00,catalog-api-9b2e1,catalog-api,0,256.0,0.4,0,
catalog-api-9b2e1_192,2026-07-13T09:03:12+00:00,catalog-api-9b2e1,catalog-api,0,253.19,0.3956,0,
catalog-api-9b2e1_193,2026-07-13T09:03:13+00:00,catalog-api-9b2e1,catalog-api,0,258.01,0.4031,0,
catalog-api-9b2e1_194,2026-07-13T09:03:14+00:00,catalog-api-9b2e1,catalog-api,0,274.56,0.429,0,
catalog-api-9b2e1_195,2026-07-13T09:03:15+00:00,catalog-api-9b2e1,catalog-api,0,243.34,0.3802,0,
catalog-api-9b2e1_196,2026-07-13T09:03:16+00:00,catalog-api-9b2e1,catalog-api,0,243.71,0.3808,0,
catalog-api-9b2e1_197,2026-07-13T09:03:17+00:00,catalog-api-9b2e1,catalog-api,0,259.4,0.4053,0,
catalog-api-9b2e1_198,2026-07-13T09:03:18+00:00,catalog-api-9b2e1,catalog-api,0,264.59,0.4134,0,
catalog-api-9b2e1_199,2026-07-13T09:03:19+00:00,catalog-api-9b2e1,catalog-api,0,278.74,0.4355,0,
catalog-api-9b2e1_200,2026-07-13T09:03:20+00:00,catalog-api-9b2e1,catalog-api,0,270.0,0.4219,0,
catalog-api-9b2e1_201,2026-07-13T09:03:21+00:00,catalog-api-9b2e1,catalog-api,0,267.55,0.418,0,
catalog-api-9b2e1_202,2026-07-13T09:03:22+00:00,catalog-api-9b2e1,catalog-api,0,263.36,0.4115,0,
catalog-api-9b2e1_203,2026-07-13T09:03:23+00:00,catalog-api-9b2e1,catalog-api,0,255.99,0.4,0,
catalog-api-9b2e1_204,2026-07-13T09:03:24+00:00,catalog-api-9b2e1,catalog-api,0,257.19,0.4019,0,
catalog-api-9b2e1_205,2026-07-13T09:03:25+00:00,catalog-api-9b2e1,catalog-api,0,253.55,0.3962,0,
catalog-api-9b2e1_206,2026-07-13T09:03:26+00:00,catalog-api-9b2e1,catalog-api,0,265.42,0.4147,0,
catalog-api-9b2e1_207,2026-07-13T09:03:27+00:00,catalog-api-9b2e1,catalog-api,0,270.77,0.4231,0,
catalog-api-9b2e1_208,2026-07-13T09:03:28+00:00,catalog-api-9b2e1,catalog-api,0,267.62,0.4182,0,
catalog-api-9b2e1_209,2026-07-13T09:03:29+00:00,catalog-api-9b2e1,catalog-api,0,263.67,0.412,0,
catalog-api-9b2e1_210,2026-07-13T09:03:30+00:00,catalog-api-9b2e1,catalog-api,0,249.62,0.39,0,
catalog-api-9b2e1_211,2026-07-13T09:03:31+00:00,catalog-api-9b2e1,catalog-api,0,263.02,0.411,0,
catalog-api-9b2e1_212,2026-07-13T09:03:32+00:00,catalog-api-9b2e1,catalog-api,0,254.41,0.3975,0,
catalog-api-9b2e1_213,2026-07-13T09:03:33+00:00,catalog-api-9b2e1,catalog-api,0,255.86,0.3998,0,
catalog-api-9b2e1_214,2026-07-13T09:03:34+00:00,catalog-api-9b2e1,catalog-api,0,256.88,0.4014,0,
catalog-api-9b2e1_215,2026-07-13T09:03:35+00:00,catalog-api-9b2e1,catalog-api,0,244.68,0.3823,0,
catalog-api-9b2e1_216,2026-07-13T09:03:36+00:00,catalog-api-9b2e1,catalog-api,0,264.31,0.413,0,
catalog-api-9b2e1_217,2026-07-13T09:03:37+00:00,catalog-api-9b2e1,catalog-api,0,258.54,0.404,0,
catalog-api-9b2e1_218,2026-07-13T09:03:38+00:00,catalog-api-9b2e1,catalog-api,0,253.47,0.396,0,
catalog-api-9b2e1_219,2026-07-13T09:03:39+00:00,catalog-api-9b2e1,catalog-api,0,261.02,0.4078,0,
catalog-api-9b2e1_220,2026-07-13T09:03:40+00:00,catalog-api-9b2e1,catalog-api,0,251.02,0.3922,0,
catalog-api-9b2e1_221,2026-07-13T09:03:41+00:00,catalog-api-9b2e1,catalog-api,0,252.83,0.395,0,
catalog-api-9b2e1_222,2026-07-13T09:03:42+00:00,catalog-api-9b2e1,catalog-api,0,247.01,0.386,0,
catalog-api-9b2e1_223,2026-07-13T09:03:43+00:00,catalog-api-9b2e1,catalog-api,0,269.34,0.4208,0,
catalog-api-9b2e1_224,2026-07-13T09:03:44+00:00,catalog-api-9b2e1,catalog-api,0,256.83,0.4013,0,
catalog-api-9b2e1_225,2026-07-13T09:03:45+00:00,catalog-api-9b2e1,catalog-api,0,275.5,0.4305,0,
catalog-api-9b2e1_226,2026-07-13T09:03:46+00:00,catalog-api-9b2e1,catalog-api,0,272.57,0.4259,0,
catalog-api-9b2e1_227,2026-07-13T09:03:47+00:00,catalog-api-9b2e1,catalog-api,0,257.12,0.4017,0,
catalog-api-9b2e1_228,2026-07-13T09:03:48+00:00,catalog-api-9b2e1,catalog-api,0,262.63,0.4104,0,
catalog-api-9b2e1_229,2026-07-13T09:03:49+00:00,catalog-api-9b2e1,catalog-api,0,251.12,0.3924,0,
catalog-api-9b2e1_230,2026-07-13T09:03:50+00:00,catalog-api-9b2e1,catalog-api,0,263.76,0.4121,0,
catalog-api-9b2e1_231,2026-07-13T09:03:51+00:00,catalog-api-9b2e1,catalog-api,0,280.28,0.4379,0,
catalog-api-9b2e1_232,2026-07-13T09:03:52+00:00,catalog-api-9b2e1,catalog-api,0,259.15,0.4049,0,
catalog-api-9b2e1_233,2026-07-13T09:03:53+00:00,catalog-api-9b2e1,catalog-api,0,252.33,0.3943,0,
catalog-api-9b2e1_234,2026-07-13T09:03:54+00:00,catalog-api-9b2e1,catalog-api,0,263.89,0.4123,0,
catalog-api-9b2e1_235,2026-07-13T09:03:55+00:00,catalog-api-9b2e1,catalog-api,0,259.8,0.4059,0,
catalog-api-9b2e1_236,2026-07-13T09:03:56+00:00,catalog-api-9b2e1,catalog-api,0,246.69,0.3855,0,
catalog-api-9b2e1_237,2026-07-13T09:03:57+00:00,catalog-api-9b2e1,catalog-api,0,269.2,0.4206,0,
catalog-api-9b2e1_238,2026-07-13T09:03:58+00:00,catalog-api-9b2e1,catalog-api,0,252.54,0.3946,0,
catalog-api-9b2e1_239,2026-07-13T09:03:59+00:00,catalog-api-9b2e1,catalog-api,0,265.26,0.4145,0,
catalog-api-9b2e1_240,2026-07-13T09:04:00+00:00,catalog-api-9b2e1,catalog-api,0,252.68,0.3948,0,
catalog-api-9b2e1_241,2026-07-13T09:04:01+00:00,catalog-api-9b2e1,catalog-api,0,260.36,0.4068,0,
catalog-api-9b2e1_242,2026-07-13T09:04:02+00:00,catalog-api-9b2e1,catalog-api,0,245.92,0.3842,0,
catalog-api-9b2e1_243,2026-07-13T09:04:03+00:00,catalog-api-9b2e1,catalog-api,0,265.4,0.4147,0,
catalog-api-9b2e1_244,2026-07-13T09:04:04+00:00,catalog-api-9b2e1,catalog-api,0,277.05,0.4329,0,
catalog-api-9b2e1_245,2026-07-13T09:04:05+00:00,catalog-api-9b2e1,catalog-api,0,249.57,0.39,0,
catalog-api-9b2e1_246,2026-07-13T09:04:06+00:00,catalog-api-9b2e1,catalog-api,0,259.52,0.4055,0,
catalog-api-9b2e1_247,2026-07-13T09:04:07+00:00,catalog-api-9b2e1,catalog-api,0,257.86,0.4029,0,
catalog-api-9b2e1_248,2026-07-13T09:04:08+00:00,catalog-api-9b2e1,catalog-api,0,253.13,0.3955,0,
catalog-api-9b2e1_249,2026-07-13T09:04:09+00:00,catalog-api-9b2e1,catalog-api,0,267.88,0.4186,0,
catalog-api-9b2e1_250,2026-07-13T09:04:10+00:00,catalog-api-9b2e1,catalog-api,0,256.27,0.4004,0,
catalog-api-9b2e1_251,2026-07-13T09:04:11+00:00,catalog-api-9b2e1,catalog-api,0,257.76,0.4027,0,
catalog-api-9b2e1_252,2026-07-13T09:04:12+00:00,catalog-api-9b2e1,catalog-api,0,272.53,0.4258,0,
catalog-api-9b2e1_253,2026-07-13T09:04:13+00:00,catalog-api-9b2e1,catalog-api,0,255.47,0.3992,0,
catalog-api-9b2e1_254,2026-07-13T09:04:14+00:00,catalog-api-9b2e1,catalog-api,0,257.89,0.403,0,
catalog-api-9b2e1_255,2026-07-13T09:04:15+00:00,catalog-api-9b2e1,catalog-api,0,265.03,0.4141,0,
catalog-api-9b2e1_256,2026-07-13T09:04:16+00:00,catalog-api-9b2e1,catalog-api,0,268.27,0.4192,0,
catalog-api-9b2e1_257,2026-07-13T09:04:17+00:00,catalog-api-9b2e1,catalog-api,0,264.28,0.4129,0,
catalog-api-9b2e1_258,2026-07-13T09:04:18+00:00,catalog-api-9b2e1,catalog-api,0,277.36,0.4334,0,
catalog-api-9b2e1_259,2026-07-13T09:04:19+00:00,catalog-api-9b2e1,catalog-api,0,248.14,0.3877,0,
catalog-api-9b2e1_260,2026-07-13T09:04:20+00:00,catalog-api-9b2e1,catalog-api,0,266.32,0.4161,0,
catalog-api-9b2e1_261,2026-07-13T09:04:21+00:00,catalog-api-9b2e1,catalog-api,0,247.05,0.386,0,
catalog-api-9b2e1_262,2026-07-13T09:04:22+00:00,catalog-api-9b2e1,catalog-api,0,271.47,0.4242,0,
catalog-api-9b2e1_263,2026-07-13T09:04:23+00:00,catalog-api-9b2e1,catalog-api,0,246.42,0.385,0,
catalog-api-9b2e1_264,2026-07-13T09:04:24+00:00,catalog-api-9b2e1,catalog-api,0,247.01,0.386,0,
catalog-api-9b2e1_265,2026-07-13T09:04:25+00:00,catalog-api-9b2e1,catalog-api,0,262.34,0.4099,0,
catalog-api-9b2e1_266,2026-07-13T09:04:26+00:00,catalog-api-9b2e1,catalog-api,0,263.5,0.4117,0,
catalog-api-9b2e1_267,2026-07-13T09:04:27+00:00,catalog-api-9b2e1,catalog-api,0,259.24,0.4051,0,
catalog-api-9b2e1_268,2026-07-13T09:04:28+00:00,catalog-api-9b2e1,catalog-api,0,252.67,0.3948,0,
catalog-api-9b2e1_269,2026-07-13T09:04:29+00:00,catalog-api-9b2e1,catalog-api,0,262.51,0.4102,0,
catalog-api-9b2e1_270,2026-07-13T09:04:30+00:00,catalog-api-9b2e1,catalog-api,0,334.27,0.5223,0,
catalog-api-9b2e1_271,2026-07-13T09:04:31+00:00,catalog-api-9b2e1,catalog-api,0,326.41,0.51,0,
catalog-api-9b2e1_272,2026-07-13T09:04:32+00:00,catalog-api-9b2e1,catalog-api,0,327.79,0.5122,0,
catalog-api-9b2e1_273,2026-07-13T09:04:33+00:00,catalog-api-9b2e1,catalog-api,0,317.23,0.4957,0,
catalog-api-9b2e1_274,2026-07-13T09:04:34+00:00,catalog-api-9b2e1,catalog-api,0,332.47,0.5195,0,
catalog-api-9b2e1_275,2026-07-13T09:04:35+00:00,catalog-api-9b2e1,catalog-api,0,319.51,0.4992,0,
catalog-api-9b2e1_276,2026-07-13T09:04:36+00:00,catalog-api-9b2e1,catalog-api,0,298.67,0.4667,0,
catalog-api-9b2e1_277,2026-07-13T09:04:37+00:00,catalog-api-9b2e1,catalog-api,0,335.15,0.5237,0,
catalog-api-9b2e1_278,2026-07-13T09:04:38+00:00,catalog-api-9b2e1,catalog-api,0,301.55,0.4712,0,
catalog-api-9b2e1_279,2026-07-13T09:04:39+00:00,catalog-api-9b2e1,catalog-api,0,338.89,0.5295,0,
catalog-api-9b2e1_280,2026-07-13T09:04:40+00:00,catalog-api-9b2e1,catalog-api,0,328.46,0.5132,0,
catalog-api-9b2e1_281,2026-07-13T09:04:41+00:00,catalog-api-9b2e1,catalog-api,0,328.56,0.5134,0,
catalog-api-9b2e1_282,2026-07-13T09:04:42+00:00,catalog-api-9b2e1,catalog-api,0,320.45,0.5007,0,
catalog-api-9b2e1_283,2026-07-13T09:04:43+00:00,catalog-api-9b2e1,catalog-api,0,317.51,0.4961,0,
catalog-api-9b2e1_284,2026-07-13T09:04:44+00:00,catalog-api-9b2e1,catalog-api,0,331.1,0.5173,0,
catalog-api-9b2e1_285,2026-07-13T09:04:45+00:00,catalog-api-9b2e1,catalog-api,0,326.93,0.5108,0,
catalog-api-9b2e1_286,2026-07-13T09:04:46+00:00,catalog-api-9b2e1,catalog-api,0,336.64,0.526,0,
catalog-api-9b2e1_287,2026-07-13T09:04:47+00:00,catalog-api-9b2e1,catalog-api,0,307.38,0.4803,0,
catalog-api-9b2e1_288,2026-07-13T09:04:48+00:00,catalog-api-9b2e1,catalog-api,0,296.03,0.4625,0,
catalog-api-9b2e1_289,2026-07-13T09:04:49+00:00,catalog-api-9b2e1,catalog-api,0,305.27,0.477,0,
catalog-api-9b2e1_290,2026-07-13T09:04:50+00:00,catalog-api-9b2e1,catalog-api,0,314.09,0.4908,0,
catalog-api-9b2e1_291,2026-07-13T09:04:51+00:00,catalog-api-9b2e1,catalog-api,0,316.23,0.4941,0,
catalog-api-9b2e1_292,2026-07-13T09:04:52+00:00,catalog-api-9b2e1,catalog-api,0,324.22,0.5066,0,
catalog-api-9b2e1_293,2026-07-13T09:04:53+00:00,catalog-api-9b2e1,catalog-api,0,312.9,0.4889,0,
catalog-api-9b2e1_294,2026-07-13T09:04:54+00:00,catalog-api-9b2e1,catalog-api,0,328.12,0.5127,0,
catalog-api-9b2e1_295,2026-07-13T09:04:55+00:00,catalog-api-9b2e1,catalog-api,0,305.98,0.4781,0,
catalog-api-9b2e1_296,2026-07-13T09:04:56+00:00,catalog-api-9b2e1,catalog-api,0,306.69,0.4792,0,
catalog-api-9b2e1_297,2026-07-13T09:04:57+00:00,catalog-api-9b2e1,catalog-api,0,321.4,0.5022,0,
catalog-api-9b2e1_298,2026-07-13T09:04:58+00:00,catalog-api-9b2e1,catalog-api,0,320.85,0.5013,0,
catalog-api-9b2e1_299,2026-07-13T09:04:59+00:00,catalog-api-9b2e1,catalog-api,0,338.21,0.5285,0,
catalog-api-9b2e1_300,2026-07-13T09:05:00+00:00,catalog-api-9b2e1,catalog-api,0,308.43,0.4819,0,
catalog-api-9b2e1_301,2026-07-13T09:05:01+00:00,catalog-api-9b2e1,catalog-api,0,329.4,0.5147,0,
catalog-api-9b2e1_302,2026-07-13T09:05:02+00:00,catalog-api-9b2e1,catalog-api,0,341.16,0.5331,0,
catalog-api-9b2e1_303,2026-07-13T09:05:03+00:00,catalog-api-9b2e1,catalog-api,0,333.69,0.5214,0,
catalog-api-9b2e1_304,2026-07-13T09:05:04+00:00,catalog-api-9b2e1,catalog-api,0,305.77,0.4778,0,
catalog-api-9b2e1_305,2026-07-13T09:05:05+00:00,catalog-api-9b2e1,catalog-api,0,322.03,0.5032,0,
catalog-api-9b2e1_306,2026-07-13T09:05:06+00:00,catalog-api-9b2e1,catalog-api,0,303.27,0.4739,0,
catalog-api-9b2e1_307,2026-07-13T09:05:07+00:00,catalog-api-9b2e1,catalog-api,0,323.62,0.5057,0,
catalog-api-9b2e1_308,2026-07-13T09:05:08+00:00,catalog-api-9b2e1,catalog-api,0,319.24,0.4988,0,
catalog-api-9b2e1_309,2026-07-13T09:05:09+00:00,catalog-api-9b2e1,catalog-api,0,310.8,0.4856,0,
catalog-api-9b2e1_310,2026-07-13T09:05:10+00:00,catalog-api-9b2e1,catalog-api,0,304.71,0.4761,0,
catalog-api-9b2e1_311,2026-07-13T09:05:11+00:00,catalog-api-9b2e1,catalog-api,0,336.25,0.5254,0,
catalog-api-9b2e1_312,2026-07-13T09:05:12+00:00,catalog-api-9b2e1,catalog-api,0,312.79,0.4887,0,
catalog-api-9b2e1_313,2026-07-13T09:05:13+00:00,catalog-api-9b2e1,catalog-api,0,336.11,0.5252,0,
catalog-api-9b2e1_314,2026-07-13T09:05:14+00:00,catalog-api-9b2e1,catalog-api,0,317.0,0.4953,0,
catalog-api-9b2e1_315,2026-07-13T09:05:15+00:00,catalog-api-9b2e1,catalog-api,0,319.17,0.4987,0,
catalog-api-9b2e1_316,2026-07-13T09:05:16+00:00,catalog-api-9b2e1,catalog-api,0,338.51,0.5289,0,
catalog-api-9b2e1_317,2026-07-13T09:05:17+00:00,catalog-api-9b2e1,catalog-api,0,317.8,0.4966,0,
catalog-api-9b2e1_318,2026-07-13T09:05:18+00:00,catalog-api-9b2e1,catalog-api,0,320.84,0.5013,0,
catalog-api-9b2e1_319,2026-07-13T09:05:19+00:00,catalog-api-9b2e1,catalog-api,0,320.75,0.5012,0,
catalog-api-9b2e1_320,2026-07-13T09:05:20+00:00,catalog-api-9b2e1,catalog-api,0,325.33,0.5083,0,
catalog-api-9b2e1_321,2026-07-13T09:05:21+00:00,catalog-api-9b2e1,catalog-api,0,307.53,0.4805,0,
catalog-api-9b2e1_322,2026-07-13T09:05:22+00:00,catalog-api-9b2e1,catalog-api,0,317.0,0.4953,0,
catalog-api-9b2e1_323,2026-07-13T09:05:23+00:00,catalog-api-9b2e1,catalog-api,0,306.86,0.4795,0,
catalog-api-9b2e1_324,2026-07-13T09:05:24+00:00,catalog-api-9b2e1,catalog-api,0,322.74,0.5043,0,
catalog-api-9b2e1_325,2026-07-13T09:05:25+00:00,catalog-api-9b2e1,catalog-api,0,322.72,0.5043,0,
catalog-api-9b2e1_326,2026-07-13T09:05:26+00:00,catalog-api-9b2e1,catalog-api,0,299.64,0.4682,0,
catalog-api-9b2e1_327,2026-07-13T09:05:27+00:00,catalog-api-9b2e1,catalog-api,0,302.56,0.4728,0,
catalog-api-9b2e1_328,2026-07-13T09:05:28+00:00,catalog-api-9b2e1,catalog-api,0,309.01,0.4828,0,
catalog-api-9b2e1_329,2026-07-13T09:05:29+00:00,catalog-api-9b2e1,catalog-api,0,322.23,0.5035,0,
catalog-api-9b2e1_330,2026-07-13T09:05:30+00:00,catalog-api-9b2e1,catalog-api,0,316.44,0.4944,0,
catalog-api-9b2e1_331,2026-07-13T09:05:31+00:00,catalog-api-9b2e1,catalog-api,0,320.46,0.5007,0,
catalog-api-9b2e1_332,2026-07-13T09:05:32+00:00,catalog-api-9b2e1,catalog-api,0,337.86,0.5279,0,
catalog-api-9b2e1_333,2026-07-13T09:05:33+00:00,catalog-api-9b2e1,catalog-api,0,339.86,0.531,0,
catalog-api-9b2e1_334,2026-07-13T09:05:34+00:00,catalog-api-9b2e1,catalog-api,0,312.64,0.4885,0,
catalog-api-9b2e1_335,2026-07-13T09:05:35+00:00,catalog-api-9b2e1,catalog-api,0,324.66,0.5073,0,
catalog-api-9b2e1_336,2026-07-13T09:05:36+00:00,catalog-api-9b2e1,catalog-api,0,329.4,0.5147,0,
catalog-api-9b2e1_337,2026-07-13T09:05:37+00:00,catalog-api-9b2e1,catalog-api,0,328.7,0.5136,0,
catalog-api-9b2e1_338,2026-07-13T09:05:38+00:00,catalog-api-9b2e1,catalog-api,0,340.92,0.5327,0,
catalog-api-9b2e1_339,2026-07-13T09:05:39+00:00,catalog-api-9b2e1,catalog-api,0,303.76,0.4746,0,
catalog-api-9b2e1_340,2026-07-13T09:05:40+00:00,catalog-api-9b2e1,catalog-api,0,324.95,0.5077,0,
catalog-api-9b2e1_341,2026-07-13T09:05:41+00:00,catalog-api-9b2e1,catalog-api,0,324.25,0.5066,0,
catalog-api-9b2e1_342,2026-07-13T09:05:42+00:00,catalog-api-9b2e1,catalog-api,0,328.33,0.513,0,
catalog-api-9b2e1_343,2026-07-13T09:05:43+00:00,catalog-api-9b2e1,catalog-api,0,322.73,0.5043,0,
catalog-api-9b2e1_344,2026-07-13T09:05:44+00:00,catalog-api-9b2e1,catalog-api,0,316.41,0.4944,0,
catalog-api-9b2e1_345,2026-07-13T09:05:45+00:00,catalog-api-9b2e1,catalog-api,0,331.24,0.5176,0,
catalog-api-9b2e1_346,2026-07-13T09:05:46+00:00,catalog-api-9b2e1,catalog-api,0,323.8,0.5059,0,
catalog-api-9b2e1_347,2026-07-13T09:05:47+00:00,catalog-api-9b2e1,catalog-api,0,322.26,0.5035,0,
catalog-api-9b2e1_348,2026-07-13T09:05:48+00:00,catalog-api-9b2e1,catalog-api,0,333.45,0.521,0,
catalog-api-9b2e1_349,2026-07-13T09:05:49+00:00,catalog-api-9b2e1,catalog-api,0,316.39,0.4944,0,
catalog-api-9b2e1_350,2026-07-13T09:05:50+00:00,catalog-api-9b2e1,catalog-api,0,306.69,0.4792,0,
catalog-api-9b2e1_351,2026-07-13T09:05:51+00:00,catalog-api-9b2e1,catalog-api,0,319.59,0.4994,0,
catalog-api-9b2e1_352,2026-07-13T09:05:52+00:00,catalog-api-9b2e1,catalog-api,0,328.42,0.5132,0,
catalog-api-9b2e1_353,2026-07-13T09:05:53+00:00,catalog-api-9b2e1,catalog-api,0,329.21,0.5144,0,
catalog-api-9b2e1_354,2026-07-13T09:05:54+00:00,catalog-api-9b2e1,catalog-api,0,306.76,0.4793,0,
catalog-api-9b2e1_355,2026-07-13T09:05:55+00:00,catalog-api-9b2e1,catalog-api,0,303.01,0.4735,0,
catalog-api-9b2e1_356,2026-07-13T09:05:56+00:00,catalog-api-9b2e1,catalog-api,0,289.22,0.4519,0,
catalog-api-9b2e1_357,2026-07-13T09:05:57+00:00,catalog-api-9b2e1,catalog-api,0,323.05,0.5048,0,
catalog-api-9b2e1_358,2026-07-13T09:05:58+00:00,catalog-api-9b2e1,catalog-api,0,326.86,0.5107,0,
catalog-api-9b2e1_359,2026-07-13T09:05:59+00:00,catalog-api-9b2e1,catalog-api,0,325.13,0.508,0,
catalog-api-9b2e1_360,2026-07-13T09:06:00+00:00,catalog-api-9b2e1,catalog-api,0,336.14,0.5252,0,
catalog-api-9b2e1_361,2026-07-13T09:06:01+00:00,catalog-api-9b2e1,catalog-api,0,320.73,0.5011,0,
catalog-api-9b2e1_362,2026-07-13T09:06:02+00:00,catalog-api-9b2e1,catalog-api,0,340.23,0.5316,0,
catalog-api-9b2e1_363,2026-07-13T09:06:03+00:00,catalog-api-9b2e1,catalog-api,0,322.68,0.5042,0,
catalog-api-9b2e1_364,2026-07-13T09:06:04+00:00,catalog-api-9b2e1,catalog-api,0,331.6,0.5181,0,
catalog-api-9b2e1_365,2026-07-13T09:06:05+00:00,catalog-api-9b2e1,catalog-api,0,316.12,0.4939,0,
catalog-api-9b2e1_366,2026-07-13T09:06:06+00:00,catalog-api-9b2e1,catalog-api,0,310.05,0.4845,0,
catalog-api-9b2e1_367,2026-07-13T09:06:07+00:00,catalog-api-9b2e1,catalog-api,0,322.24,0.5035,0,
catalog-api-9b2e1_368,2026-07-13T09:06:08+00:00,catalog-api-9b2e1,catalog-api,0,326.08,0.5095,0,
catalog-api-9b2e1_369,2026-07-13T09:06:09+00:00,catalog-api-9b2e1,catalog-api,0,345.12,0.5393,0,
catalog-api-9b2e1_370,2026-07-13T09:06:10+00:00,catalog-api-9b2e1,catalog-api,0,292.73,0.4574,0,
catalog-api-9b2e1_371,2026-07-13T09:06:11+00:00,catalog-api-9b2e1,catalog-api,0,327.22,0.5113,0,
catalog-api-9b2e1_372,2026-07-13T09:06:12+00:00,catalog-api-9b2e1,catalog-api,0,299.19,0.4675,0,
catalog-api-9b2e1_373,2026-07-13T09:06:13+00:00,catalog-api-9b2e1,catalog-api,0,318.3,0.4973,0,
catalog-api-9b2e1_374,2026-07-13T09:06:14+00:00,catalog-api-9b2e1,catalog-api,0,315.01,0.4922,0,
catalog-api-9b2e1_375,2026-07-13T09:06:15+00:00,catalog-api-9b2e1,catalog-api,0,319.88,0.4998,0,
catalog-api-9b2e1_376,2026-07-13T09:06:16+00:00,catalog-api-9b2e1,catalog-api,0,330.86,0.517,0,
catalog-api-9b2e1_377,2026-07-13T09:06:17+00:00,catalog-api-9b2e1,catalog-api,0,337.26,0.527,0,
catalog-api-9b2e1_378,2026-07-13T09:06:18+00:00,catalog-api-9b2e1,catalog-api,0,308.82,0.4825,0,
catalog-api-9b2e1_379,2026-07-13T09:06:19+00:00,catalog-api-9b2e1,catalog-api,0,305.61,0.4775,0,
catalog-api-9b2e1_380,2026-07-13T09:06:20+00:00,catalog-api-9b2e1,catalog-api,0,299.38,0.4678,0,
catalog-api-9b2e1_381,2026-07-13T09:06:21+00:00,catalog-api-9b2e1,catalog-api,0,318.88,0.4982,0,
catalog-api-9b2e1_382,2026-07-13T09:06:22+00:00,catalog-api-9b2e1,catalog-api,0,316.16,0.494,0,
catalog-api-9b2e1_383,2026-07-13T09:06:23+00:00,catalog-api-9b2e1,catalog-api,0,314.22,0.491,0,
catalog-api-9b2e1_384,2026-07-13T09:06:24+00:00,catalog-api-9b2e1,catalog-api,0,307.01,0.4797,0,
catalog-api-9b2e1_385,2026-07-13T09:06:25+00:00,catalog-api-9b2e1,catalog-api,0,312.71,0.4886,0,
catalog-api-9b2e1_386,2026-07-13T09:06:26+00:00,catalog-api-9b2e1,catalog-api,0,307.84,0.481,0,
catalog-api-9b2e1_387,2026-07-13T09:06:27+00:00,catalog-api-9b2e1,catalog-api,0,307.67,0.4807,0,
catalog-api-9b2e1_388,2026-07-13T09:06:28+00:00,catalog-api-9b2e1,catalog-api,0,311.35,0.4865,0,
catalog-api-9b2e1_389,2026-07-13T09:06:29+00:00,catalog-api-9b2e1,catalog-api,0,315.79,0.4934,0,
catalog-api-9b2e1_390,2026-07-13T09:06:30+00:00,catalog-api-9b2e1,catalog-api,0,332.09,0.5189,0,
catalog-api-9b2e1_391,2026-07-13T09:06:31+00:00,catalog-api-9b2e1,catalog-api,0,293.93,0.4593,0,
catalog-api-9b2e1_392,2026-07-13T09:06:32+00:00,catalog-api-9b2e1,catalog-api,0,305.39,0.4772,0,
catalog-api-9b2e1_393,2026-07-13T09:06:33+00:00,catalog-api-9b2e1,catalog-api,0,317.46,0.496,0,
catalog-api-9b2e1_394,2026-07-13T09:06:34+00:00,catalog-api-9b2e1,catalog-api,0,327.1,0.5111,0,
catalog-api-9b2e1_395,2026-07-13T09:06:35+00:00,catalog-api-9b2e1,catalog-api,0,316.48,0.4945,0,
catalog-api-9b2e1_396,2026-07-13T09:06:36+00:00,catalog-api-9b2e1,catalog-api,0,318.51,0.4977,0,
catalog-api-9b2e1_397,2026-07-13T09:06:37+00:00,catalog-api-9b2e1,catalog-api,0,305.31,0.477,0,
catalog-api-9b2e1_398,2026-07-13T09:06:38+00:00,catalog-api-9b2e1,catalog-api,0,315.87,0.4935,0,
catalog-api-9b2e1_399,2026-07-13T09:06:39+00:00,catalog-api-9b2e1,catalog-api,0,312.57,0.4884,0,
catalog-api-9b2e1_400,2026-07-13T09:06:40+00:00,catalog-api-9b2e1,catalog-api,0,319.48,0.4992,0,
catalog-api-9b2e1_401,2026-07-13T09:06:41+00:00,catalog-api-9b2e1,catalog-api,0,307.26,0.4801,0,
catalog-api-9b2e1_402,2026-07-13T09:06:42+00:00,catalog-api-9b2e1,catalog-api,0,329.96,0.5156,0,
catalog-api-9b2e1_403,2026-07-13T09:06:43+00:00,catalog-api-9b2e1,catalog-api,0,320.06,0.5001,0,
catalog-api-9b2e1_404,2026-07-13T09:06:44+00:00,catalog-api-9b2e1,catalog-api,0,317.75,0.4965,0,
catalog-api-9b2e1_405,2026-07-13T09:06:45+00:00,catalog-api-9b2e1,catalog-api,0,320.94,0.5015,0,
catalog-api-9b2e1_406,2026-07-13T09:06:46+00:00,catalog-api-9b2e1,catalog-api,0,323.56,0.5056,0,
catalog-api-9b2e1_407,2026-07-13T09:06:47+00:00,catalog-api-9b2e1,catalog-api,0,326.83,0.5107,0,
catalog-api-9b2e1_408,2026-07-13T09:06:48+00:00,catalog-api-9b2e1,catalog-api,0,337.84,0.5279,0,
catalog-api-9b2e1_409,2026-07-13T09:06:49+00:00,catalog-api-9b2e1,catalog-api,0,300.26,0.4692,0,
catalog-api-9b2e1_410,2026-07-13T09:06:50+00:00,catalog-api-9b2e1,catalog-api,0,328.94,0.514,0,
catalog-api-9b2e1_411,2026-07-13T09:06:51+00:00,catalog-api-9b2e1,catalog-api,0,337.58,0.5275,0,
catalog-api-9b2e1_412,2026-07-13T09:06:52+00:00,catalog-api-9b2e1,catalog-api,0,314.82,0.4919,0,
catalog-api-9b2e1_413,2026-07-13T09:06:53+00:00,catalog-api-9b2e1,catalog-api,0,321.81,0.5028,0,
catalog-api-9b2e1_414,2026-07-13T09:06:54+00:00,catalog-api-9b2e1,catalog-api,0,316.4,0.4944,0,
catalog-api-9b2e1_415,2026-07-13T09:06:55+00:00,catalog-api-9b2e1,catalog-api,0,318.42,0.4975,0,
catalog-api-9b2e1_416,2026-07-13T09:06:56+00:00,catalog-api-9b2e1,catalog-api,0,349.51,0.5461,0,
catalog-api-9b2e1_417,2026-07-13T09:06:57+00:00,catalog-api-9b2e1,catalog-api,0,305.27,0.477,0,
catalog-api-9b2e1_418,2026-07-13T09:06:58+00:00,catalog-api-9b2e1,catalog-api,0,313.85,0.4904,0,
catalog-api-9b2e1_419,2026-07-13T09:06:59+00:00,catalog-api-9b2e1,catalog-api,0,322.4,0.5037,0,
catalog-api-9b2e1_420,2026-07-13T09:07:00+00:00,catalog-api-9b2e1,catalog-api,0,322.83,0.5044,0,
catalog-api-9b2e1_421,2026-07-13T09:07:01+00:00,catalog-api-9b2e1,catalog-api,0,328.92,0.5139,0,
catalog-api-9b2e1_422,2026-07-13T09:07:02+00:00,catalog-api-9b2e1,catalog-api,0,294.74,0.4605,0,
catalog-api-9b2e1_423,2026-07-13T09:07:03+00:00,catalog-api-9b2e1,catalog-api,0,335.67,0.5245,0,
catalog-api-9b2e1_424,2026-07-13T09:07:04+00:00,catalog-api-9b2e1,catalog-api,0,313.43,0.4897,0,
catalog-api-9b2e1_425,2026-07-13T09:07:05+00:00,catalog-api-9b2e1,catalog-api,0,324.14,0.5065,0,
catalog-api-9b2e1_426,2026-07-13T09:07:06+00:00,catalog-api-9b2e1,catalog-api,0,315.67,0.4932,0,
catalog-api-9b2e1_427,2026-07-13T09:07:07+00:00,catalog-api-9b2e1,catalog-api,0,336.79,0.5262,0,
catalog-api-9b2e1_428,2026-07-13T09:07:08+00:00,catalog-api-9b2e1,catalog-api,0,308.44,0.4819,0,
catalog-api-9b2e1_429,2026-07-13T09:07:09+00:00,catalog-api-9b2e1,catalog-api,0,319.21,0.4988,0,
catalog-api-9b2e1_430,2026-07-13T09:07:10+00:00,catalog-api-9b2e1,catalog-api,0,333.5,0.5211,0,
catalog-api-9b2e1_431,2026-07-13T09:07:11+00:00,catalog-api-9b2e1,catalog-api,0,301.81,0.4716,0,
catalog-api-9b2e1_432,2026-07-13T09:07:12+00:00,catalog-api-9b2e1,catalog-api,0,309.42,0.4835,0,
catalog-api-9b2e1_433,2026-07-13T09:07:13+00:00,catalog-api-9b2e1,catalog-api,0,319.59,0.4994,0,
catalog-api-9b2e1_434,2026-07-13T09:07:14+00:00,catalog-api-9b2e1,catalog-api,0,319.73,0.4996,0,
catalog-api-9b2e1_435,2026-07-13T09:07:15+00:00,catalog-api-9b2e1,catalog-api,0,324.23,0.5066,0,
catalog-api-9b2e1_436,2026-07-13T09:07:16+00:00,catalog-api-9b2e1,catalog-api,0,315.67,0.4932,0,
catalog-api-9b2e1_437,2026-07-13T09:07:17+00:00,catalog-api-9b2e1,catalog-api,0,302.93,0.4733,0,
catalog-api-9b2e1_438,2026-07-13T09:07:18+00:00,catalog-api-9b2e1,catalog-api,0,319.18,0.4987,0,
catalog-api-9b2e1_439,2026-07-13T09:07:19+00:00,catalog-api-9b2e1,catalog-api,0,321.75,0.5027,0,
catalog-api-9b2e1_440,2026-07-13T09:07:20+00:00,catalog-api-9b2e1,catalog-api,0,320.62,0.501,0,
catalog-api-9b2e1_441,2026-07-13T09:07:21+00:00,catalog-api-9b2e1,catalog-api,0,323.69,0.5058,0,
catalog-api-9b2e1_442,2026-07-13T09:07:22+00:00,catalog-api-9b2e1,catalog-api,0,309.39,0.4834,0,
catalog-api-9b2e1_443,2026-07-13T09:07:23+00:00,catalog-api-9b2e1,catalog-api,0,305.45,0.4773,0,
catalog-api-9b2e1_444,2026-07-13T09:07:24+00:00,catalog-api-9b2e1,catalog-api,0,330.25,0.516,0,
catalog-api-9b2e1_445,2026-07-13T09:07:25+00:00,catalog-api-9b2e1,catalog-api,0,322.23,0.5035,0,
catalog-api-9b2e1_446,2026-07-13T09:07:26+00:00,catalog-api-9b2e1,catalog-api,0,314.61,0.4916,0,
catalog-api-9b2e1_447,2026-07-13T09:07:27+00:00,catalog-api-9b2e1,catalog-api,0,330.61,0.5166,0,
catalog-api-9b2e1_448,2026-07-13T09:07:28+00:00,catalog-api-9b2e1,catalog-api,0,323.69,0.5058,0,
catalog-api-9b2e1_449,2026-07-13T09:07:29+00:00,catalog-api-9b2e1,catalog-api,0,341.44,0.5335,0,
catalog-api-9b2e1_450,2026-07-13T09:07:30+00:00,catalog-api-9b2e1,catalog-api,0,323.33,0.5052,0,
catalog-api-9b2e1_451,2026-07-13T09:07:31+00:00,catalog-api-9b2e1,catalog-api,0,300.07,0.4689,0,
catalog-api-9b2e1_452,2026-07-13T09:07:32+00:00,catalog-api-9b2e1,catalog-api,0,316.48,0.4945,0,
catalog-api-9b2e1_453,2026-07-13T09:07:33+00:00,catalog-api-9b2e1,catalog-api,0,343.2,0.5363,0,
catalog-api-9b2e1_454,2026-07-13T09:07:34+00:00,catalog-api-9b2e1,catalog-api,0,309.93,0.4843,0,
catalog-api-9b2e1_455,2026-07-13T09:07:35+00:00,catalog-api-9b2e1,catalog-api,0,313.43,0.4897,0,
catalog-api-9b2e1_456,2026-07-13T09:07:36+00:00,catalog-api-9b2e1,catalog-api,0,332.41,0.5194,0,
catalog-api-9b2e1_457,2026-07-13T09:07:37+00:00,catalog-api-9b2e1,catalog-api,0,326.8,0.5106,0,
catalog-api-9b2e1_458,2026-07-13T09:07:38+00:00,catalog-api-9b2e1,catalog-api,0,314.81,0.4919,0,
catalog-api-9b2e1_459,2026-07-13T09:07:39+00:00,catalog-api-9b2e1,catalog-api,0,326.62,0.5103,0,
catalog-api-9b2e1_460,2026-07-13T09:07:40+00:00,catalog-api-9b2e1,catalog-api,0,328.67,0.5135,0,
catalog-api-9b2e1_461,2026-07-13T09:07:41+00:00,catalog-api-9b2e1,catalog-api,0,336.15,0.5252,0,
catalog-api-9b2e1_462,2026-07-13T09:07:42+00:00,catalog-api-9b2e1,catalog-api,0,311.27,0.4864,0,
catalog-api-9b2e1_463,2026-07-13T09:07:43+00:00,catalog-api-9b2e1,catalog-api,0,318.95,0.4984,0,
catalog-api-9b2e1_464,2026-07-13T09:07:44+00:00,catalog-api-9b2e1,catalog-api,0,317.34,0.4958,0,
catalog-api-9b2e1_465,2026-07-13T09:07:45+00:00,catalog-api-9b2e1,catalog-api,0,318.62,0.4978,0,
catalog-api-9b2e1_466,2026-07-13T09:07:46+00:00,catalog-api-9b2e1,catalog-api,0,316.97,0.4953,0,
catalog-api-9b2e1_467,2026-07-13T09:07:47+00:00,catalog-api-9b2e1,catalog-api,0,323.19,0.505,0,
catalog-api-9b2e1_468,2026-07-13T09:07:48+00:00,catalog-api-9b2e1,catalog-api,0,326.36,0.5099,0,
catalog-api-9b2e1_469,2026-07-13T09:07:49+00:00,catalog-api-9b2e1,catalog-api,0,300.48,0.4695,0,
catalog-api-9b2e1_470,2026-07-13T09:07:50+00:00,catalog-api-9b2e1,catalog-api,0,320.86,0.5013,0,
catalog-api-9b2e1_471,2026-07-13T09:07:51+00:00,catalog-api-9b2e1,catalog-api,0,326.76,0.5106,0,
catalog-api-9b2e1_472,2026-07-13T09:07:52+00:00,catalog-api-9b2e1,catalog-api,0,315.93,0.4936,0,
catalog-api-9b2e1_473,2026-07-13T09:07:53+00:00,catalog-api-9b2e1,catalog-api,0,326.63,0.5104,0,
catalog-api-9b2e1_474,2026-07-13T09:07:54+00:00,catalog-api-9b2e1,catalog-api,0,323.79,0.5059,0,
catalog-api-9b2e1_475,2026-07-13T09:07:55+00:00,catalog-api-9b2e1,catalog-api,0,331.85,0.5185,0,
catalog-api-9b2e1_476,2026-07-13T09:07:56+00:00,catalog-api-9b2e1,catalog-api,0,338.94,0.5296,0,
catalog-api-9b2e1_477,2026-07-13T09:07:57+00:00,catalog-api-9b2e1,catalog-api,0,323.32,0.5052,0,
catalog-api-9b2e1_478,2026-07-13T09:07:58+00:00,catalog-api-9b2e1,catalog-api,0,313.36,0.4896,0,
catalog-api-9b2e1_479,2026-07-13T09:07:59+00:00,catalog-api-9b2e1,catalog-api,0,323.62,0.5057,0,
catalog-api-9b2e1_480,2026-07-13T09:08:00+00:00,catalog-api-9b2e1,catalog-api,0,337.23,0.5269,0,
catalog-api-9b2e1_481,2026-07-13T09:08:01+00:00,catalog-api-9b2e1,catalog-api,0,314.97,0.4921,0,
catalog-api-9b2e1_482,2026-07-13T09:08:02+00:00,catalog-api-9b2e1,catalog-api,0,294.84,0.4607,0,
catalog-api-9b2e1_483,2026-07-13T09:08:03+00:00,catalog-api-9b2e1,catalog-api,0,308.25,0.4816,0,
catalog-api-9b2e1_484,2026-07-13T09:08:04+00:00,catalog-api-9b2e1,catalog-api,0,347.99,0.5437,0,
catalog-api-9b2e1_485,2026-07-13T09:08:05+00:00,catalog-api-9b2e1,catalog-api,0,320.3,0.5005,0,
catalog-api-9b2e1_486,2026-07-13T09:08:06+00:00,catalog-api-9b2e1,catalog-api,0,326.84,0.5107,0,
catalog-api-9b2e1_487,2026-07-13T09:08:07+00:00,catalog-api-9b2e1,catalog-api,0,309.8,0.4841,0,
catalog-api-9b2e1_488,2026-07-13T09:08:08+00:00,catalog-api-9b2e1,catalog-api,0,325.33,0.5083,0,
catalog-api-9b2e1_489,2026-07-13T09:08:09+00:00,catalog-api-9b2e1,catalog-api,0,328.11,0.5127,0,
catalog-api-9b2e1_490,2026-07-13T09:08:10+00:00,catalog-api-9b2e1,catalog-api,0,318.55,0.4977,0,
catalog-api-9b2e1_491,2026-07-13T09:08:11+00:00,catalog-api-9b2e1,catalog-api,0,329.96,0.5156,0,
catalog-api-9b2e1_492,2026-07-13T09:08:12+00:00,catalog-api-9b2e1,catalog-api,0,312.32,0.488,0,
catalog-api-9b2e1_493,2026-07-13T09:08:13+00:00,catalog-api-9b2e1,catalog-api,0,318.2,0.4972,0,
catalog-api-9b2e1_494,2026-07-13T09:08:14+00:00,catalog-api-9b2e1,catalog-api,0,321.55,0.5024,0,
catalog-api-9b2e1_495,2026-07-13T09:08:15+00:00,catalog-api-9b2e1,catalog-api,0,315.52,0.493,0,
catalog-api-9b2e1_496,2026-07-13T09:08:16+00:00,catalog-api-9b2e1,catalog-api,0,324.84,0.5076,0,
catalog-api-9b2e1_497,2026-07-13T09:08:17+00:00,catalog-api-9b2e1,catalog-api,0,293.67,0.4589,0,
catalog-api-9b2e1_498,2026-07-13T09:08:18+00:00,catalog-api-9b2e1,catalog-api,0,313.88,0.4904,0,
catalog-api-9b2e1_499,2026-07-13T09:08:19+00:00,catalog-api-9b2e1,catalog-api,0,313.85,0.4904,0,
catalog-api-9b2e1_500,2026-07-13T09:08:20+00:00,catalog-api-9b2e1,catalog-api,0,320.53,0.5008,0,
catalog-api-9b2e1_501,2026-07-13T09:08:21+00:00,catalog-api-9b2e1,catalog-api,0,311.78,0.4872,0,
catalog-api-9b2e1_502,2026-07-13T09:08:22+00:00,catalog-api-9b2e1,catalog-api,0,304.16,0.4753,0,
catalog-api-9b2e1_503,2026-07-13T09:08:23+00:00,catalog-api-9b2e1,catalog-api,0,316.82,0.495,0,
catalog-api-9b2e1_504,2026-07-13T09:08:24+00:00,catalog-api-9b2e1,catalog-api,0,328.43,0.5132,0,
catalog-api-9b2e1_505,2026-07-13T09:08:25+00:00,catalog-api-9b2e1,catalog-api,0,345.16,0.5393,0,
catalog-api-9b2e1_506,2026-07-13T09:08:26+00:00,catalog-api-9b2e1,catalog-api,0,328.61,0.5135,0,
catalog-api-9b2e1_507,2026-07-13T09:08:27+00:00,catalog-api-9b2e1,catalog-api,0,329.72,0.5152,0,
catalog-api-9b2e1_508,2026-07-13T09:08:28+00:00,catalog-api-9b2e1,catalog-api,0,320.29,0.5005,0,
catalog-api-9b2e1_509,2026-07-13T09:08:29+00:00,catalog-api-9b2e1,catalog-api,0,339.09,0.5298,0,
catalog-api-9b2e1_510,2026-07-13T09:08:30+00:00,catalog-api-9b2e1,catalog-api,0,324.11,0.5064,0,
catalog-api-9b2e1_511,2026-07-13T09:08:31+00:00,catalog-api-9b2e1,catalog-api,0,326.67,0.5104,0,
catalog-api-9b2e1_512,2026-07-13T09:08:32+00:00,catalog-api-9b2e1,catalog-api,0,338.03,0.5282,0,
catalog-api-9b2e1_513,2026-07-13T09:08:33+00:00,catalog-api-9b2e1,catalog-api,0,335.66,0.5245,0,
catalog-api-9b2e1_514,2026-07-13T09:08:34+00:00,catalog-api-9b2e1,catalog-api,0,314.83,0.4919,0,
catalog-api-9b2e1_515,2026-07-13T09:08:35+00:00,catalog-api-9b2e1,catalog-api,0,326.83,0.5107,0,
catalog-api-9b2e1_516,2026-07-13T09:08:36+00:00,catalog-api-9b2e1,catalog-api,0,296.03,0.4625,0,
catalog-api-9b2e1_517,2026-07-13T09:08:37+00:00,catalog-api-9b2e1,catalog-api,0,347.11,0.5424,0,
catalog-api-9b2e1_518,2026-07-13T09:08:38+00:00,catalog-api-9b2e1,catalog-api,0,306.23,0.4785,0,
catalog-api-9b2e1_519,2026-07-13T09:08:39+00:00,catalog-api-9b2e1,catalog-api,0,323.21,0.505,0,
catalog-api-9b2e1_520,2026-07-13T09:08:40+00:00,catalog-api-9b2e1,catalog-api,0,332.27,0.5192,0,
catalog-api-9b2e1_521,2026-07-13T09:08:41+00:00,catalog-api-9b2e1,catalog-api,0,325.23,0.5082,0,
catalog-api-9b2e1_522,2026-07-13T09:08:42+00:00,catalog-api-9b2e1,catalog-api,0,318.03,0.4969,0,
catalog-api-9b2e1_523,2026-07-13T09:08:43+00:00,catalog-api-9b2e1,catalog-api,0,316.66,0.4948,0,
catalog-api-9b2e1_524,2026-07-13T09:08:44+00:00,catalog-api-9b2e1,catalog-api,0,328.56,0.5134,0,
catalog-api-9b2e1_525,2026-07-13T09:08:45+00:00,catalog-api-9b2e1,catalog-api,0,321.81,0.5028,0,
catalog-api-9b2e1_526,2026-07-13T09:08:46+00:00,catalog-api-9b2e1,catalog-api,0,309.68,0.4839,0,
catalog-api-9b2e1_527,2026-07-13T09:08:47+00:00,catalog-api-9b2e1,catalog-api,0,334.52,0.5227,0,
catalog-api-9b2e1_528,2026-07-13T09:08:48+00:00,catalog-api-9b2e1,catalog-api,0,311.68,0.487,0,
catalog-api-9b2e1_529,2026-07-13T09:08:49+00:00,catalog-api-9b2e1,catalog-api,0,322.81,0.5044,0,
catalog-api-9b2e1_530,2026-07-13T09:08:50+00:00,catalog-api-9b2e1,catalog-api,0,315.51,0.493,0,
catalog-api-9b2e1_531,2026-07-13T09:08:51+00:00,catalog-api-9b2e1,catalog-api,0,309.7,0.4839,0,
catalog-api-9b2e1_532,2026-07-13T09:08:52+00:00,catalog-api-9b2e1,catalog-api,0,322.66,0.5042,0,
catalog-api-9b2e1_533,2026-07-13T09:08:53+00:00,catalog-api-9b2e1,catalog-api,0,304.84,0.4763,0,
catalog-api-9b2e1_534,2026-07-13T09:08:54+00:00,catalog-api-9b2e1,catalog-api,0,321.98,0.5031,0,
catalog-api-9b2e1_535,2026-07-13T09:08:55+00:00,catalog-api-9b2e1,catalog-api,0,318.84,0.4982,0,
catalog-api-9b2e1_536,2026-07-13T09:08:56+00:00,catalog-api-9b2e1,catalog-api,0,308.32,0.4818,0,
catalog-api-9b2e1_537,2026-07-13T09:08:57+00:00,catalog-api-9b2e1,catalog-api,0,322.55,0.504,0,
catalog-api-9b2e1_538,2026-07-13T09:08:58+00:00,catalog-api-9b2e1,catalog-api,0,304.92,0.4764,0,
catalog-api-9b2e1_539,2026-07-13T09:08:59+00:00,catalog-api-9b2e1,catalog-api,0,298.19,0.4659,0,
catalog-api-9b2e1_540,2026-07-13T09:09:00+00:00,catalog-api-9b2e1,catalog-api,0,309.56,0.4837,0,
catalog-api-9b2e1_541,2026-07-13T09:09:01+00:00,catalog-api-9b2e1,catalog-api,0,303.62,0.4744,0,
catalog-api-9b2e1_542,2026-07-13T09:09:02+00:00,catalog-api-9b2e1,catalog-api,0,315.38,0.4928,0,
catalog-api-9b2e1_543,2026-07-13T09:09:03+00:00,catalog-api-9b2e1,catalog-api,0,328.22,0.5128,0,
catalog-api-9b2e1_544,2026-07-13T09:09:04+00:00,catalog-api-9b2e1,catalog-api,0,310.33,0.4849,0,
catalog-api-9b2e1_545,2026-07-13T09:09:05+00:00,catalog-api-9b2e1,catalog-api,0,315.6,0.4931,0,
catalog-api-9b2e1_546,2026-07-13T09:09:06+00:00,catalog-api-9b2e1,catalog-api,0,327.1,0.5111,0,
catalog-api-9b2e1_547,2026-07-13T09:09:07+00:00,catalog-api-9b2e1,catalog-api,0,323.87,0.506,0,
catalog-api-9b2e1_548,2026-07-13T09:09:08+00:00,catalog-api-9b2e1,catalog-api,0,309.64,0.4838,0,
catalog-api-9b2e1_549,2026-07-13T09:09:09+00:00,catalog-api-9b2e1,catalog-api,0,308.23,0.4816,0,
catalog-api-9b2e1_550,2026-07-13T09:09:10+00:00,catalog-api-9b2e1,catalog-api,0,323.6,0.5056,0,
catalog-api-9b2e1_551,2026-07-13T09:09:11+00:00,catalog-api-9b2e1,catalog-api,0,328.65,0.5135,0,
catalog-api-9b2e1_552,2026-07-13T09:09:12+00:00,catalog-api-9b2e1,catalog-api,0,342.07,0.5345,0,
catalog-api-9b2e1_553,2026-07-13T09:09:13+00:00,catalog-api-9b2e1,catalog-api,0,324.93,0.5077,0,
catalog-api-9b2e1_554,2026-07-13T09:09:14+00:00,catalog-api-9b2e1,catalog-api,0,339.85,0.531,0,
catalog-api-9b2e1_555,2026-07-13T09:09:15+00:00,catalog-api-9b2e1,catalog-api,0,305.77,0.4778,0,
catalog-api-9b2e1_556,2026-07-13T09:09:16+00:00,catalog-api-9b2e1,catalog-api,0,325.08,0.5079,0,
catalog-api-9b2e1_557,2026-07-13T09:09:17+00:00,catalog-api-9b2e1,catalog-api,0,328.04,0.5126,0,
catalog-api-9b2e1_558,2026-07-13T09:09:18+00:00,catalog-api-9b2e1,catalog-api,0,298.2,0.4659,0,
catalog-api-9b2e1_559,2026-07-13T09:09:19+00:00,catalog-api-9b2e1,catalog-api,0,319.28,0.4989,0,
catalog-api-9b2e1_560,2026-07-13T09:09:20+00:00,catalog-api-9b2e1,catalog-api,0,318.18,0.4972,0,
catalog-api-9b2e1_561,2026-07-13T09:09:21+00:00,catalog-api-9b2e1,catalog-api,0,315.68,0.4933,0,
catalog-api-9b2e1_562,2026-07-13T09:09:22+00:00,catalog-api-9b2e1,catalog-api,0,321.06,0.5017,0,
catalog-api-9b2e1_563,2026-07-13T09:09:23+00:00,catalog-api-9b2e1,catalog-api,0,321.25,0.502,0,
catalog-api-9b2e1_564,2026-07-13T09:09:24+00:00,catalog-api-9b2e1,catalog-api,0,326.07,0.5095,0,
catalog-api-9b2e1_565,2026-07-13T09:09:25+00:00,catalog-api-9b2e1,catalog-api,0,323.58,0.5056,0,
catalog-api-9b2e1_566,2026-07-13T09:09:26+00:00,catalog-api-9b2e1,catalog-api,0,318.7,0.498,0,
catalog-api-9b2e1_567,2026-07-13T09:09:27+00:00,catalog-api-9b2e1,catalog-api,0,338.42,0.5288,0,
catalog-api-9b2e1_568,2026-07-13T09:09:28+00:00,catalog-api-9b2e1,catalog-api,0,308.54,0.4821,0,
catalog-api-9b2e1_569,2026-07-13T09:09:29+00:00,catalog-api-9b2e1,catalog-api,0,304.92,0.4764,0,
catalog-api-9b2e1_570,2026-07-13T09:09:30+00:00,catalog-api-9b2e1,catalog-api,0,330.66,0.5167,0,
catalog-api-9b2e1_571,2026-07-13T09:09:31+00:00,catalog-api-9b2e1,catalog-api,0,327.66,0.512,0,
catalog-api-9b2e1_572,2026-07-13T09:09:32+00:00,catalog-api-9b2e1,catalog-api,0,313.05,0.4891,0,
catalog-api-9b2e1_573,2026-07-13T09:09:33+00:00,catalog-api-9b2e1,catalog-api,0,324.72,0.5074,0,
catalog-api-9b2e1_574,2026-07-13T09:09:34+00:00,catalog-api-9b2e1,catalog-api,0,337.36,0.5271,0,
catalog-api-9b2e1_575,2026-07-13T09:09:35+00:00,catalog-api-9b2e1,catalog-api,0,328.13,0.5127,0,
catalog-api-9b2e1_576,2026-07-13T09:09:36+00:00,catalog-api-9b2e1,catalog-api,0,301.91,0.4717,0,
catalog-api-9b2e1_577,2026-07-13T09:09:37+00:00,catalog-api-9b2e1,catalog-api,0,331.02,0.5172,0,
catalog-api-9b2e1_578,2026-07-13T09:09:38+00:00,catalog-api-9b2e1,catalog-api,0,327.81,0.5122,0,
catalog-api-9b2e1_579,2026-07-13T09:09:39+00:00,catalog-api-9b2e1,catalog-api,0,323.78,0.5059,0,
catalog-api-9b2e1_580,2026-07-13T09:09:40+00:00,catalog-api-9b2e1,catalog-api,0,309.01,0.4828,0,
catalog-api-9b2e1_581,2026-07-13T09:09:41+00:00,catalog-api-9b2e1,catalog-api,0,331.18,0.5175,0,
catalog-api-9b2e1_582,2026-07-13T09:09:42+00:00,catalog-api-9b2e1,catalog-api,0,342.72,0.5355,0,
catalog-api-9b2e1_583,2026-07-13T09:09:43+00:00,catalog-api-9b2e1,catalog-api,0,324.43,0.5069,0,
catalog-api-9b2e1_584,2026-07-13T09:09:44+00:00,catalog-api-9b2e1,catalog-api,0,307.41,0.4803,0,
catalog-api-9b2e1_585,2026-07-13T09:09:45+00:00,catalog-api-9b2e1,catalog-api,0,307.42,0.4803,0,
catalog-api-9b2e1_586,2026-07-13T09:09:46+00:00,catalog-api-9b2e1,catalog-api,0,321.18,0.5018,0,
catalog-api-9b2e1_587,2026-07-13T09:09:47+00:00,catalog-api-9b2e1,catalog-api,0,309.79,0.484,0,
catalog-api-9b2e1_588,2026-07-13T09:09:48+00:00,catalog-api-9b2e1,catalog-api,0,307.16,0.4799,0,
catalog-api-9b2e1_589,2026-07-13T09:09:49+00:00,catalog-api-9b2e1,catalog-api,0,328.41,0.5131,0,
catalog-api-9b2e1_590,2026-07-13T09:09:50+00:00,catalog-api-9b2e1,catalog-api,0,298.6,0.4666,0,
catalog-api-9b2e1_591,2026-07-13T09:09:51+00:00,catalog-api-9b2e1,catalog-api,0,313.36,0.4896,0,
catalog-api-9b2e1_592,2026-07-13T09:09:52+00:00,catalog-api-9b2e1,catalog-api,0,326.26,0.5098,0,
catalog-api-9b2e1_593,2026-07-13T09:09:53+00:00,catalog-api-9b2e1,catalog-api,0,337.21,0.5269,0,
catalog-api-9b2e1_594,2026-07-13T09:09:54+00:00,catalog-api-9b2e1,catalog-api,0,312.36,0.4881,0,
catalog-api-9b2e1_595,2026-07-13T09:09:55+00:00,catalog-api-9b2e1,catalog-api,0,315.26,0.4926,0,
catalog-api-9b2e1_596,2026-07-13T09:09:56+00:00,catalog-api-9b2e1,catalog-api,0,314.85,0.492,0,
catalog-api-9b2e1_597,2026-07-13T09:09:57+00:00,catalog-api-9b2e1,catalog-api,0,302.48,0.4726,0,
catalog-api-9b2e1_598,2026-07-13T09:09:58+00:00,catalog-api-9b2e1,catalog-api,0,336.54,0.5258,0,
catalog-api-9b2e1_599,2026-07-13T09:09:59+00:00,catalog-api-9b2e1,catalog-api,0,334.8,0.5231,0,
catalog-api-9b2e1_600,2026-07-13T09:10:00+00:00,catalog-api-9b2e1,catalog-api,0,304.2,0.4753,0,
catalog-api-9b2e1_601,2026-07-13T09:10:01+00:00,catalog-api-9b2e1,catalog-api,0,320.63,0.501,0,
catalog-api-9b2e1_602,2026-07-13T09:10:02+00:00,catalog-api-9b2e1,catalog-api,0,323.02,0.5047,0,
catalog-api-9b2e1_603,2026-07-13T09:10:03+00:00,catalog-api-9b2e1,catalog-api,0,333.83,0.5216,0,
catalog-api-9b2e1_604,2026-07-13T09:10:04+00:00,catalog-api-9b2e1,catalog-api,0,302.02,0.4719,0,
catalog-api-9b2e1_605,2026-07-13T09:10:05+00:00,catalog-api-9b2e1,catalog-api,0,330.38,0.5162,0,
catalog-api-9b2e1_606,2026-07-13T09:10:06+00:00,catalog-api-9b2e1,catalog-api,0,317.91,0.4967,0,
catalog-api-9b2e1_607,2026-07-13T09:10:07+00:00,catalog-api-9b2e1,catalog-api,0,323.3,0.5052,0,
catalog-api-9b2e1_608,2026-07-13T09:10:08+00:00,catalog-api-9b2e1,catalog-api,0,324.71,0.5074,0,
catalog-api-9b2e1_609,2026-07-13T09:10:09+00:00,catalog-api-9b2e1,catalog-api,0,298.64,0.4666,0,
catalog-api-9b2e1_610,2026-07-13T09:10:10+00:00,catalog-api-9b2e1,catalog-api,0,313.73,0.4902,0,
catalog-api-9b2e1_611,2026-07-13T09:10:11+00:00,catalog-api-9b2e1,catalog-api,0,290.08,0.4532,0,
catalog-api-9b2e1_612,2026-07-13T09:10:12+00:00,catalog-api-9b2e1,catalog-api,0,326.12,0.5096,0,
catalog-api-9b2e1_613,2026-07-13T09:10:13+00:00,catalog-api-9b2e1,catalog-api,0,310.71,0.4855,0,
catalog-api-9b2e1_614,2026-07-13T09:10:14+00:00,catalog-api-9b2e1,catalog-api,0,333.3,0.5208,0,
catalog-api-9b2e1_615,2026-07-13T09:10:15+00:00,catalog-api-9b2e1,catalog-api,0,303.34,0.474,0,
catalog-api-9b2e1_616,2026-07-13T09:10:16+00:00,catalog-api-9b2e1,catalog-api,0,316.25,0.4941,0,
catalog-api-9b2e1_617,2026-07-13T09:10:17+00:00,catalog-api-9b2e1,catalog-api,0,326.75,0.5105,0,
catalog-api-9b2e1_618,2026-07-13T09:10:18+00:00,catalog-api-9b2e1,catalog-api,0,308.91,0.4827,0,
catalog-api-9b2e1_619,2026-07-13T09:10:19+00:00,catalog-api-9b2e1,catalog-api,0,313.44,0.4898,0,
catalog-api-9b2e1_620,2026-07-13T09:10:20+00:00,catalog-api-9b2e1,catalog-api,0,305.88,0.4779,0,
catalog-api-9b2e1_621,2026-07-13T09:10:21+00:00,catalog-api-9b2e1,catalog-api,0,314.12,0.4908,0,
catalog-api-9b2e1_622,2026-07-13T09:10:22+00:00,catalog-api-9b2e1,catalog-api,0,334.73,0.523,0,
catalog-api-9b2e1_623,2026-07-13T09:10:23+00:00,catalog-api-9b2e1,catalog-api,0,320.54,0.5008,0,
catalog-api-9b2e1_624,2026-07-13T09:10:24+00:00,catalog-api-9b2e1,catalog-api,0,327.44,0.5116,0,
catalog-api-9b2e1_625,2026-07-13T09:10:25+00:00,catalog-api-9b2e1,catalog-api,0,318.86,0.4982,0,
catalog-api-9b2e1_626,2026-07-13T09:10:26+00:00,catalog-api-9b2e1,catalog-api,0,326.79,0.5106,0,
catalog-api-9b2e1_627,2026-07-13T09:10:27+00:00,catalog-api-9b2e1,catalog-api,0,321.93,0.503,0,
catalog-api-9b2e1_628,2026-07-13T09:10:28+00:00,catalog-api-9b2e1,catalog-api,0,317.59,0.4962,0,
catalog-api-9b2e1_629,2026-07-13T09:10:29+00:00,catalog-api-9b2e1,catalog-api,0,323.24,0.5051,0,
catalog-api-9b2e1_630,2026-07-13T09:10:30+00:00,catalog-api-9b2e1,catalog-api,0,311.82,0.4872,0,
catalog-api-9b2e1_631,2026-07-13T09:10:31+00:00,catalog-api-9b2e1,catalog-api,0,313.38,0.4897,0,
catalog-api-9b2e1_632,2026-07-13T09:10:32+00:00,catalog-api-9b2e1,catalog-api,0,319.97,0.5,0,
catalog-api-9b2e1_633,2026-07-13T09:10:33+00:00,catalog-api-9b2e1,catalog-api,0,313.22,0.4894,0,
catalog-api-9b2e1_634,2026-07-13T09:10:34+00:00,catalog-api-9b2e1,catalog-api,0,335.6,0.5244,0,
catalog-api-9b2e1_635,2026-07-13T09:10:35+00:00,catalog-api-9b2e1,catalog-api,0,305.9,0.478,0,
catalog-api-9b2e1_636,2026-07-13T09:10:36+00:00,catalog-api-9b2e1,catalog-api,0,307.99,0.4812,0,
catalog-api-9b2e1_637,2026-07-13T09:10:37+00:00,catalog-api-9b2e1,catalog-api,0,314.39,0.4912,0,
catalog-api-9b2e1_638,2026-07-13T09:10:38+00:00,catalog-api-9b2e1,catalog-api,0,312.7,0.4886,0,
catalog-api-9b2e1_639,2026-07-13T09:10:39+00:00,catalog-api-9b2e1,catalog-api,0,316.54,0.4946,0,
catalog-api-9b2e1_640,2026-07-13T09:10:40+00:00,catalog-api-9b2e1,catalog-api,0,309.86,0.4842,0,
catalog-api-9b2e1_641,2026-07-13T09:10:41+00:00,catalog-api-9b2e1,catalog-api,0,307.61,0.4806,0,
catalog-api-9b2e1_642,2026-07-13T09:10:42+00:00,catalog-api-9b2e1,catalog-api,0,316.57,0.4946,0,
catalog-api-9b2e1_643,2026-07-13T09:10:43+00:00,catalog-api-9b2e1,catalog-api,0,305.96,0.4781,0,
catalog-api-9b2e1_644,2026-07-13T09:10:44+00:00,catalog-api-9b2e1,catalog-api,0,338.52,0.5289,0,
catalog-api-9b2e1_645,2026-07-13T09:10:45+00:00,catalog-api-9b2e1,catalog-api,0,341.31,0.5333,0,
catalog-api-9b2e1_646,2026-07-13T09:10:46+00:00,catalog-api-9b2e1,catalog-api,0,337.75,0.5277,0,
catalog-api-9b2e1_647,2026-07-13T09:10:47+00:00,catalog-api-9b2e1,catalog-api,0,320.69,0.5011,0,
catalog-api-9b2e1_648,2026-07-13T09:10:48+00:00,catalog-api-9b2e1,catalog-api,0,303.35,0.474,0,
catalog-api-9b2e1_649,2026-07-13T09:10:49+00:00,catalog-api-9b2e1,catalog-api,0,323.44,0.5054,0,
catalog-api-9b2e1_650,2026-07-13T09:10:50+00:00,catalog-api-9b2e1,catalog-api,0,326.44,0.5101,0,
catalog-api-9b2e1_651,2026-07-13T09:10:51+00:00,catalog-api-9b2e1,catalog-api,0,295.17,0.4612,0,
catalog-api-9b2e1_652,2026-07-13T09:10:52+00:00,catalog-api-9b2e1,catalog-api,0,301.74,0.4715,0,
catalog-api-9b2e1_653,2026-07-13T09:10:53+00:00,catalog-api-9b2e1,catalog-api,0,290.51,0.4539,0,
catalog-api-9b2e1_654,2026-07-13T09:10:54+00:00,catalog-api-9b2e1,catalog-api,0,308.29,0.4817,0,
catalog-api-9b2e1_655,2026-07-13T09:10:55+00:00,catalog-api-9b2e1,catalog-api,0,327.74,0.5121,0,
catalog-api-9b2e1_656,2026-07-13T09:10:56+00:00,catalog-api-9b2e1,catalog-api,0,318.66,0.4979,0,
catalog-api-9b2e1_657,2026-07-13T09:10:57+00:00,catalog-api-9b2e1,catalog-api,0,308.62,0.4822,0,
catalog-api-9b2e1_658,2026-07-13T09:10:58+00:00,catalog-api-9b2e1,catalog-api,0,314.13,0.4908,0,
catalog-api-9b2e1_659,2026-07-13T09:10:59+00:00,catalog-api-9b2e1,catalog-api,0,315.93,0.4936,0,
catalog-api-9b2e1_660,2026-07-13T09:11:00+00:00,catalog-api-9b2e1,catalog-api,0,334.55,0.5227,0,
catalog-api-9b2e1_661,2026-07-13T09:11:01+00:00,catalog-api-9b2e1,catalog-api,0,258.97,0.4046,0,
catalog-api-9b2e1_662,2026-07-13T09:11:02+00:00,catalog-api-9b2e1,catalog-api,0,262.49,0.4101,0,
catalog-api-9b2e1_663,2026-07-13T09:11:03+00:00,catalog-api-9b2e1,catalog-api,0,252.38,0.3943,0,
catalog-api-9b2e1_664,2026-07-13T09:11:04+00:00,catalog-api-9b2e1,catalog-api,0,263.2,0.4113,0,
catalog-api-9b2e1_665,2026-07-13T09:11:05+00:00,catalog-api-9b2e1,catalog-api,0,255.63,0.3994,0,
catalog-api-9b2e1_666,2026-07-13T09:11:06+00:00,catalog-api-9b2e1,catalog-api,0,260.64,0.4073,0,
catalog-api-9b2e1_667,2026-07-13T09:11:07+00:00,catalog-api-9b2e1,catalog-api,0,266.83,0.4169,0,
catalog-api-9b2e1_668,2026-07-13T09:11:08+00:00,catalog-api-9b2e1,catalog-api,0,252.68,0.3948,0,
catalog-api-9b2e1_669,2026-07-13T09:11:09+00:00,catalog-api-9b2e1,catalog-api,0,257.81,0.4028,0,
catalog-api-9b2e1_670,2026-07-13T09:11:10+00:00,catalog-api-9b2e1,catalog-api,0,262.98,0.4109,0,
catalog-api-9b2e1_671,2026-07-13T09:11:11+00:00,catalog-api-9b2e1,catalog-api,0,269.04,0.4204,0,
catalog-api-9b2e1_672,2026-07-13T09:11:12+00:00,catalog-api-9b2e1,catalog-api,0,264.53,0.4133,0,
catalog-api-9b2e1_673,2026-07-13T09:11:13+00:00,catalog-api-9b2e1,catalog-api,0,254.88,0.3982,0,
catalog-api-9b2e1_674,2026-07-13T09:11:14+00:00,catalog-api-9b2e1,catalog-api,0,253.96,0.3968,0,
catalog-api-9b2e1_675,2026-07-13T09:11:15+00:00,catalog-api-9b2e1,catalog-api,0,257.88,0.4029,0,
catalog-api-9b2e1_676,2026-07-13T09:11:16+00:00,catalog-api-9b2e1,catalog-api,0,248.08,0.3876,0,
catalog-api-9b2e1_677,2026-07-13T09:11:17+00:00,catalog-api-9b2e1,catalog-api,0,261.51,0.4086,0,
catalog-api-9b2e1_678,2026-07-13T09:11:18+00:00,catalog-api-9b2e1,catalog-api,0,266.93,0.4171,0,
catalog-api-9b2e1_679,2026-07-13T09:11:19+00:00,catalog-api-9b2e1,catalog-api,0,261.33,0.4083,0,
catalog-api-9b2e1_680,2026-07-13T09:11:20+00:00,catalog-api-9b2e1,catalog-api,0,257.17,0.4018,0,
catalog-api-9b2e1_681,2026-07-13T09:11:21+00:00,catalog-api-9b2e1,catalog-api,0,263.08,0.4111,0,
catalog-api-9b2e1_682,2026-07-13T09:11:22+00:00,catalog-api-9b2e1,catalog-api,0,252.36,0.3943,0,
catalog-api-9b2e1_683,2026-07-13T09:11:23+00:00,catalog-api-9b2e1,catalog-api,0,256.61,0.401,0,
catalog-api-9b2e1_684,2026-07-13T09:11:24+00:00,catalog-api-9b2e1,catalog-api,0,271.15,0.4237,0,
catalog-api-9b2e1_685,2026-07-13T09:11:25+00:00,catalog-api-9b2e1,catalog-api,0,251.79,0.3934,0,
catalog-api-9b2e1_686,2026-07-13T09:11:26+00:00,catalog-api-9b2e1,catalog-api,0,259.88,0.4061,0,
catalog-api-9b2e1_687,2026-07-13T09:11:27+00:00,catalog-api-9b2e1,catalog-api,0,259.0,0.4047,0,
catalog-api-9b2e1_688,2026-07-13T09:11:28+00:00,catalog-api-9b2e1,catalog-api,0,258.57,0.404,0,
catalog-api-9b2e1_689,2026-07-13T09:11:29+00:00,catalog-api-9b2e1,catalog-api,0,272.73,0.4261,0,
catalog-api-9b2e1_690,2026-07-13T09:11:30+00:00,catalog-api-9b2e1,catalog-api,0,260.3,0.4067,0,
catalog-api-9b2e1_691,2026-07-13T09:11:31+00:00,catalog-api-9b2e1,catalog-api,0,258.55,0.404,0,
catalog-api-9b2e1_692,2026-07-13T09:11:32+00:00,catalog-api-9b2e1,catalog-api,0,270.73,0.423,0,
catalog-api-9b2e1_693,2026-07-13T09:11:33+00:00,catalog-api-9b2e1,catalog-api,0,259.94,0.4062,0,
catalog-api-9b2e1_694,2026-07-13T09:11:34+00:00,catalog-api-9b2e1,catalog-api,0,265.29,0.4145,0,
catalog-api-9b2e1_695,2026-07-13T09:11:35+00:00,catalog-api-9b2e1,catalog-api,0,264.21,0.4128,0,
catalog-api-9b2e1_696,2026-07-13T09:11:36+00:00,catalog-api-9b2e1,catalog-api,0,261.77,0.409,0,
catalog-api-9b2e1_697,2026-07-13T09:11:37+00:00,catalog-api-9b2e1,catalog-api,0,261.66,0.4088,0,
catalog-api-9b2e1_698,2026-07-13T09:11:38+00:00,catalog-api-9b2e1,catalog-api,0,250.09,0.3908,0,
catalog-api-9b2e1_699,2026-07-13T09:11:39+00:00,catalog-api-9b2e1,catalog-api,0,250.47,0.3914,0,
catalog-api-9b2e1_700,2026-07-13T09:11:40+00:00,catalog-api-9b2e1,catalog-api,0,255.52,0.3992,0,
catalog-api-9b2e1_701,2026-07-13T09:11:41+00:00,catalog-api-9b2e1,catalog-api,0,252.52,0.3946,0,
catalog-api-9b2e1_702,2026-07-13T09:11:42+00:00,catalog-api-9b2e1,catalog-api,0,260.19,0.4065,0,
catalog-api-9b2e1_703,2026-07-13T09:11:43+00:00,catalog-api-9b2e1,catalog-api,0,262.51,0.4102,0,
catalog-api-9b2e1_704,2026-07-13T09:11:44+00:00,catalog-api-9b2e1,catalog-api,0,270.68,0.4229,0,
catalog-api-9b2e1_705,2026-07-13T09:11:45+00:00,catalog-api-9b2e1,catalog-api,0,275.24,0.4301,0,
catalog-api-9b2e1_706,2026-07-13T09:11:46+00:00,catalog-api-9b2e1,catalog-api,0,267.33,0.4177,0,
catalog-api-9b2e1_707,2026-07-13T09:11:47+00:00,catalog-api-9b2e1,catalog-api,0,257.72,0.4027,0,
catalog-api-9b2e1_708,2026-07-13T09:11:48+00:00,catalog-api-9b2e1,catalog-api,0,265.43,0.4147,0,
catalog-api-9b2e1_709,2026-07-13T09:11:49+00:00,catalog-api-9b2e1,catalog-api,0,261.41,0.4085,0,
catalog-api-9b2e1_710,2026-07-13T09:11:50+00:00,catalog-api-9b2e1,catalog-api,0,278.9,0.4358,0,
catalog-api-9b2e1_711,2026-07-13T09:11:51+00:00,catalog-api-9b2e1,catalog-api,0,253.11,0.3955,0,
catalog-api-9b2e1_712,2026-07-13T09:11:52+00:00,catalog-api-9b2e1,catalog-api,0,256.1,0.4002,0,
catalog-api-9b2e1_713,2026-07-13T09:11:53+00:00,catalog-api-9b2e1,catalog-api,0,257.51,0.4024,0,
catalog-api-9b2e1_714,2026-07-13T09:11:54+00:00,catalog-api-9b2e1,catalog-api,0,261.49,0.4086,0,
catalog-api-9b2e1_715,2026-07-13T09:11:55+00:00,catalog-api-9b2e1,catalog-api,0,246.07,0.3845,0,
catalog-api-9b2e1_716,2026-07-13T09:11:56+00:00,catalog-api-9b2e1,catalog-api,0,267.37,0.4178,0,
catalog-api-9b2e1_717,2026-07-13T09:11:57+00:00,catalog-api-9b2e1,catalog-api,0,260.19,0.4065,0,
catalog-api-9b2e1_718,2026-07-13T09:11:58+00:00,catalog-api-9b2e1,catalog-api,0,257.22,0.4019,0,
catalog-api-9b2e1_719,2026-07-13T09:11:59+00:00,catalog-api-9b2e1,catalog-api,0,253.47,0.396,0,
catalog-api-9b2e1_720,2026-07-13T09:12:00+00:00,catalog-api-9b2e1,catalog-api,0,261.41,0.4085,0,
catalog-api-9b2e1_721,2026-07-13T09:12:01+00:00,catalog-api-9b2e1,catalog-api,0,264.52,0.4133,0,
catalog-api-9b2e1_722,2026-07-13T09:12:02+00:00,catalog-api-9b2e1,catalog-api,0,249.9,0.3905,0,
catalog-api-9b2e1_723,2026-07-13T09:12:03+00:00,catalog-api-9b2e1,catalog-api,0,260.08,0.4064,0,
catalog-api-9b2e1_724,2026-07-13T09:12:04+00:00,catalog-api-9b2e1,catalog-api,0,261.31,0.4083,0,
catalog-api-9b2e1_725,2026-07-13T09:12:05+00:00,catalog-api-9b2e1,catalog-api,0,259.36,0.4052,0,
catalog-api-9b2e1_726,2026-07-13T09:12:06+00:00,catalog-api-9b2e1,catalog-api,0,269.24,0.4207,0,
catalog-api-9b2e1_727,2026-07-13T09:12:07+00:00,catalog-api-9b2e1,catalog-api,0,262.78,0.4106,0,
catalog-api-9b2e1_728,2026-07-13T09:12:08+00:00,catalog-api-9b2e1,catalog-api,0,250.1,0.3908,0,
catalog-api-9b2e1_729,2026-07-13T09:12:09+00:00,catalog-api-9b2e1,catalog-api,0,247.79,0.3872,0,
catalog-api-9b2e1_730,2026-07-13T09:12:10+00:00,catalog-api-9b2e1,catalog-api,0,262.71,0.4105,0,
catalog-api-9b2e1_731,2026-07-13T09:12:11+00:00,catalog-api-9b2e1,catalog-api,0,267.73,0.4183,0,
catalog-api-9b2e1_732,2026-07-13T09:12:12+00:00,catalog-api-9b2e1,catalog-api,0,254.29,0.3973,0,
catalog-api-9b2e1_733,2026-07-13T09:12:13+00:00,catalog-api-9b2e1,catalog-api,0,251.27,0.3926,0,
catalog-api-9b2e1_734,2026-07-13T09:12:14+00:00,catalog-api-9b2e1,catalog-api,0,245.72,0.3839,0,
catalog-api-9b2e1_735,2026-07-13T09:12:15+00:00,catalog-api-9b2e1,catalog-api,0,262.62,0.4103,0,
catalog-api-9b2e1_736,2026-07-13T09:12:16+00:00,catalog-api-9b2e1,catalog-api,0,264.92,0.4139,0,
catalog-api-9b2e1_737,2026-07-13T09:12:17+00:00,catalog-api-9b2e1,catalog-api,0,272.92,0.4264,0,
catalog-api-9b2e1_738,2026-07-13T09:12:18+00:00,catalog-api-9b2e1,catalog-api,0,256.62,0.401,0,
catalog-api-9b2e1_739,2026-07-13T09:12:19+00:00,catalog-api-9b2e1,catalog-api,0,265.57,0.415,0,
catalog-api-9b2e1_740,2026-07-13T09:12:20+00:00,catalog-api-9b2e1,catalog-api,0,253.37,0.3959,0,
catalog-api-9b2e1_741,2026-07-13T09:12:21+00:00,catalog-api-9b2e1,catalog-api,0,261.63,0.4088,0,
catalog-api-9b2e1_742,2026-07-13T09:12:22+00:00,catalog-api-9b2e1,catalog-api,0,269.07,0.4204,0,
catalog-api-9b2e1_743,2026-07-13T09:12:23+00:00,catalog-api-9b2e1,catalog-api,0,259.35,0.4052,0,
catalog-api-9b2e1_744,2026-07-13T09:12:24+00:00,catalog-api-9b2e1,catalog-api,0,262.72,0.4105,0,
catalog-api-9b2e1_745,2026-07-13T09:12:25+00:00,catalog-api-9b2e1,catalog-api,0,262.74,0.4105,0,
catalog-api-9b2e1_746,2026-07-13T09:12:26+00:00,catalog-api-9b2e1,catalog-api,0,268.48,0.4195,0,
catalog-api-9b2e1_747,2026-07-13T09:12:27+00:00,catalog-api-9b2e1,catalog-api,0,260.7,0.4073,0,
catalog-api-9b2e1_748,2026-07-13T09:12:28+00:00,catalog-api-9b2e1,catalog-api,0,254.78,0.3981,0,
catalog-api-9b2e1_749,2026-07-13T09:12:29+00:00,catalog-api-9b2e1,catalog-api,0,269.52,0.4211,0,
catalog-api-9b2e1_750,2026-07-13T09:12:30+00:00,catalog-api-9b2e1,catalog-api,0,238.99,0.3734,0,
catalog-api-9b2e1_751,2026-07-13T09:12:31+00:00,catalog-api-9b2e1,catalog-api,0,263.85,0.4123,0,
catalog-api-9b2e1_752,2026-07-13T09:12:32+00:00,catalog-api-9b2e1,catalog-api,0,257.8,0.4028,0,
catalog-api-9b2e1_753,2026-07-13T09:12:33+00:00,catalog-api-9b2e1,catalog-api,0,251.71,0.3933,0,
catalog-api-9b2e1_754,2026-07-13T09:12:34+00:00,catalog-api-9b2e1,catalog-api,0,234.31,0.3661,0,
catalog-api-9b2e1_755,2026-07-13T09:12:35+00:00,catalog-api-9b2e1,catalog-api,0,257.64,0.4026,0,
catalog-api-9b2e1_756,2026-07-13T09:12:36+00:00,catalog-api-9b2e1,catalog-api,0,275.47,0.4304,0,
catalog-api-9b2e1_757,2026-07-13T09:12:37+00:00,catalog-api-9b2e1,catalog-api,0,258.66,0.4042,0,
catalog-api-9b2e1_758,2026-07-13T09:12:38+00:00,catalog-api-9b2e1,catalog-api,0,239.26,0.3738,0,
catalog-api-9b2e1_759,2026-07-13T09:12:39+00:00,catalog-api-9b2e1,catalog-api,0,255.18,0.3987,0,
catalog-api-9b2e1_760,2026-07-13T09:12:40+00:00,catalog-api-9b2e1,catalog-api,0,259.56,0.4056,0,
catalog-api-9b2e1_761,2026-07-13T09:12:41+00:00,catalog-api-9b2e1,catalog-api,0,247.59,0.3869,0,
catalog-api-9b2e1_762,2026-07-13T09:12:42+00:00,catalog-api-9b2e1,catalog-api,0,264.37,0.4131,0,
catalog-api-9b2e1_763,2026-07-13T09:12:43+00:00,catalog-api-9b2e1,catalog-api,0,254.52,0.3977,0,
catalog-api-9b2e1_764,2026-07-13T09:12:44+00:00,catalog-api-9b2e1,catalog-api,0,257.05,0.4016,0,
catalog-api-9b2e1_765,2026-07-13T09:12:45+00:00,catalog-api-9b2e1,catalog-api,0,253.74,0.3965,0,
catalog-api-9b2e1_766,2026-07-13T09:12:46+00:00,catalog-api-9b2e1,catalog-api,0,263.31,0.4114,0,
catalog-api-9b2e1_767,2026-07-13T09:12:47+00:00,catalog-api-9b2e1,catalog-api,0,263.44,0.4116,0,
catalog-api-9b2e1_768,2026-07-13T09:12:48+00:00,catalog-api-9b2e1,catalog-api,0,252.3,0.3942,0,
catalog-api-9b2e1_769,2026-07-13T09:12:49+00:00,catalog-api-9b2e1,catalog-api,0,256.4,0.4006,0,
catalog-api-9b2e1_770,2026-07-13T09:12:50+00:00,catalog-api-9b2e1,catalog-api,0,272.02,0.425,0,
catalog-api-9b2e1_771,2026-07-13T09:12:51+00:00,catalog-api-9b2e1,catalog-api,0,271.7,0.4245,0,
catalog-api-9b2e1_772,2026-07-13T09:12:52+00:00,catalog-api-9b2e1,catalog-api,0,254.63,0.3979,0,
catalog-api-9b2e1_773,2026-07-13T09:12:53+00:00,catalog-api-9b2e1,catalog-api,0,277.02,0.4328,0,
catalog-api-9b2e1_774,2026-07-13T09:12:54+00:00,catalog-api-9b2e1,catalog-api,0,261.56,0.4087,0,
catalog-api-9b2e1_775,2026-07-13T09:12:55+00:00,catalog-api-9b2e1,catalog-api,0,245.28,0.3832,0,
catalog-api-9b2e1_776,2026-07-13T09:12:56+00:00,catalog-api-9b2e1,catalog-api,0,264.04,0.4126,0,
catalog-api-9b2e1_777,2026-07-13T09:12:57+00:00,catalog-api-9b2e1,catalog-api,0,261.82,0.4091,0,
catalog-api-9b2e1_778,2026-07-13T09:12:58+00:00,catalog-api-9b2e1,catalog-api,0,269.3,0.4208,0,
catalog-api-9b2e1_779,2026-07-13T09:12:59+00:00,catalog-api-9b2e1,catalog-api,0,255.25,0.3988,0,
catalog-api-9b2e1_780,2026-07-13T09:13:00+00:00,catalog-api-9b2e1,catalog-api,0,251.33,0.3927,0,
catalog-api-9b2e1_781,2026-07-13T09:13:01+00:00,catalog-api-9b2e1,catalog-api,0,257.05,0.4016,0,
catalog-api-9b2e1_782,2026-07-13T09:13:02+00:00,catalog-api-9b2e1,catalog-api,0,253.97,0.3968,0,
catalog-api-9b2e1_783,2026-07-13T09:13:03+00:00,catalog-api-9b2e1,catalog-api,0,266.79,0.4169,0,
catalog-api-9b2e1_784,2026-07-13T09:13:04+00:00,catalog-api-9b2e1,catalog-api,0,270.26,0.4223,0,
catalog-api-9b2e1_785,2026-07-13T09:13:05+00:00,catalog-api-9b2e1,catalog-api,0,278.78,0.4356,0,
catalog-api-9b2e1_786,2026-07-13T09:13:06+00:00,catalog-api-9b2e1,catalog-api,0,253.87,0.3967,0,
catalog-api-9b2e1_787,2026-07-13T09:13:07+00:00,catalog-api-9b2e1,catalog-api,0,261.59,0.4087,0,
catalog-api-9b2e1_788,2026-07-13T09:13:08+00:00,catalog-api-9b2e1,catalog-api,0,263.93,0.4124,0,
catalog-api-9b2e1_789,2026-07-13T09:13:09+00:00,catalog-api-9b2e1,catalog-api,0,250.91,0.392,0,
catalog-api-9b2e1_790,2026-07-13T09:13:10+00:00,catalog-api-9b2e1,catalog-api,0,255.74,0.3996,0,
catalog-api-9b2e1_791,2026-07-13T09:13:11+00:00,catalog-api-9b2e1,catalog-api,0,263.14,0.4112,0,
catalog-api-9b2e1_792,2026-07-13T09:13:12+00:00,catalog-api-9b2e1,catalog-api,0,257.58,0.4025,0,
catalog-api-9b2e1_793,2026-07-13T09:13:13+00:00,catalog-api-9b2e1,catalog-api,0,254.58,0.3978,0,
catalog-api-9b2e1_794,2026-07-13T09:13:14+00:00,catalog-api-9b2e1,catalog-api,0,265.13,0.4143,0,
catalog-api-9b2e1_795,2026-07-13T09:13:15+00:00,catalog-api-9b2e1,catalog-api,0,261.81,0.4091,0,
catalog-api-9b2e1_796,2026-07-13T09:13:16+00:00,catalog-api-9b2e1,catalog-api,0,243.83,0.381,0,
catalog-api-9b2e1_797,2026-07-13T09:13:17+00:00,catalog-api-9b2e1,catalog-api,0,267.78,0.4184,0,
catalog-api-9b2e1_798,2026-07-13T09:13:18+00:00,catalog-api-9b2e1,catalog-api,0,256.8,0.4012,0,
catalog-api-9b2e1_799,2026-07-13T09:13:19+00:00,catalog-api-9b2e1,catalog-api,0,252.46,0.3945,0,
catalog-api-9b2e1_800,2026-07-13T09:13:20+00:00,catalog-api-9b2e1,catalog-api,0,268.68,0.4198,0,
catalog-api-9b2e1_801,2026-07-13T09:13:21+00:00,catalog-api-9b2e1,catalog-api,0,255.17,0.3987,0,
catalog-api-9b2e1_802,2026-07-13T09:13:22+00:00,catalog-api-9b2e1,catalog-api,0,253.75,0.3965,0,
catalog-api-9b2e1_803,2026-07-13T09:13:23+00:00,catalog-api-9b2e1,catalog-api,0,253.25,0.3957,0,
catalog-api-9b2e1_804,2026-07-13T09:13:24+00:00,catalog-api-9b2e1,catalog-api,0,254.77,0.3981,0,
catalog-api-9b2e1_805,2026-07-13T09:13:25+00:00,catalog-api-9b2e1,catalog-api,0,260.96,0.4077,0,
catalog-api-9b2e1_806,2026-07-13T09:13:26+00:00,catalog-api-9b2e1,catalog-api,0,256.85,0.4013,0,
catalog-api-9b2e1_807,2026-07-13T09:13:27+00:00,catalog-api-9b2e1,catalog-api,0,255.8,0.3997,0,
catalog-api-9b2e1_808,2026-07-13T09:13:28+00:00,catalog-api-9b2e1,catalog-api,0,260.43,0.4069,0,
catalog-api-9b2e1_809,2026-07-13T09:13:29+00:00,catalog-api-9b2e1,catalog-api,0,259.36,0.4052,0,
catalog-api-9b2e1_810,2026-07-13T09:13:30+00:00,catalog-api-9b2e1,catalog-api,0,267.38,0.4178,0,
catalog-api-9b2e1_811,2026-07-13T09:13:31+00:00,catalog-api-9b2e1,catalog-api,0,265.69,0.4151,0,
catalog-api-9b2e1_812,2026-07-13T09:13:32+00:00,catalog-api-9b2e1,catalog-api,0,269.32,0.4208,0,
catalog-api-9b2e1_813,2026-07-13T09:13:33+00:00,catalog-api-9b2e1,catalog-api,0,278.55,0.4352,0,
catalog-api-9b2e1_814,2026-07-13T09:13:34+00:00,catalog-api-9b2e1,catalog-api,0,262.59,0.4103,0,
catalog-api-9b2e1_815,2026-07-13T09:13:35+00:00,catalog-api-9b2e1,catalog-api,0,264.3,0.413,0,
catalog-api-9b2e1_816,2026-07-13T09:13:36+00:00,catalog-api-9b2e1,catalog-api,0,252.98,0.3953,0,
catalog-api-9b2e1_817,2026-07-13T09:13:37+00:00,catalog-api-9b2e1,catalog-api,0,272.61,0.426,0,
catalog-api-9b2e1_818,2026-07-13T09:13:38+00:00,catalog-api-9b2e1,catalog-api,0,249.72,0.3902,0,
catalog-api-9b2e1_819,2026-07-13T09:13:39+00:00,catalog-api-9b2e1,catalog-api,0,267.21,0.4175,0,
catalog-api-9b2e1_820,2026-07-13T09:13:40+00:00,catalog-api-9b2e1,catalog-api,0,261.9,0.4092,0,
catalog-api-9b2e1_821,2026-07-13T09:13:41+00:00,catalog-api-9b2e1,catalog-api,0,242.57,0.379,0,
catalog-api-9b2e1_822,2026-07-13T09:13:42+00:00,catalog-api-9b2e1,catalog-api,0,263.07,0.411,0,
catalog-api-9b2e1_823,2026-07-13T09:13:43+00:00,catalog-api-9b2e1,catalog-api,0,271.11,0.4236,0,
catalog-api-9b2e1_824,2026-07-13T09:13:44+00:00,catalog-api-9b2e1,catalog-api,0,261.36,0.4084,0,
catalog-api-9b2e1_825,2026-07-13T09:13:45+00:00,catalog-api-9b2e1,catalog-api,0,252.96,0.3952,0,
catalog-api-9b2e1_826,2026-07-13T09:13:46+00:00,catalog-api-9b2e1,catalog-api,0,253.61,0.3963,0,
catalog-api-9b2e1_827,2026-07-13T09:13:47+00:00,catalog-api-9b2e1,catalog-api,0,269.47,0.421,0,
catalog-api-9b2e1_828,2026-07-13T09:13:48+00:00,catalog-api-9b2e1,catalog-api,0,254.79,0.3981,0,
catalog-api-9b2e1_829,2026-07-13T09:13:49+00:00,catalog-api-9b2e1,catalog-api,0,266.38,0.4162,0,
catalog-api-9b2e1_830,2026-07-13T09:13:50+00:00,catalog-api-9b2e1,catalog-api,0,250.38,0.3912,0,
catalog-api-9b2e1_831,2026-07-13T09:13:51+00:00,catalog-api-9b2e1,catalog-api,0,260.7,0.4073,0,
catalog-api-9b2e1_832,2026-07-13T09:13:52+00:00,catalog-api-9b2e1,catalog-api,0,255.31,0.3989,0,
catalog-api-9b2e1_833,2026-07-13T09:13:53+00:00,catalog-api-9b2e1,catalog-api,0,258.79,0.4044,0,
catalog-api-9b2e1_834,2026-07-13T09:13:54+00:00,catalog-api-9b2e1,catalog-api,0,259.43,0.4054,0,
catalog-api-9b2e1_835,2026-07-13T09:13:55+00:00,catalog-api-9b2e1,catalog-api,0,253.28,0.3957,0,
catalog-api-9b2e1_836,2026-07-13T09:13:56+00:00,catalog-api-9b2e1,catalog-api,0,254.0,0.3969,0,
catalog-api-9b2e1_837,2026-07-13T09:13:57+00:00,catalog-api-9b2e1,catalog-api,0,256.72,0.4011,0,
catalog-api-9b2e1_838,2026-07-13T09:13:58+00:00,catalog-api-9b2e1,catalog-api,0,251.9,0.3936,0,
catalog-api-9b2e1_839,2026-07-13T09:13:59+00:00,catalog-api-9b2e1,catalog-api,0,269.19,0.4206,0,
catalog-api-9b2e1_840,2026-07-13T09:14:00+00:00,catalog-api-9b2e1,catalog-api,0,261.51,0.4086,0,
catalog-api-9b2e1_841,2026-07-13T09:14:01+00:00,catalog-api-9b2e1,catalog-api,0,268.64,0.4197,0,
catalog-api-9b2e1_842,2026-07-13T09:14:02+00:00,catalog-api-9b2e1,catalog-api,0,274.97,0.4296,0,
catalog-api-9b2e1_843,2026-07-13T09:14:03+00:00,catalog-api-9b2e1,catalog-api,0,258.57,0.404,0,
catalog-api-9b2e1_844,2026-07-13T09:14:04+00:00,catalog-api-9b2e1,catalog-api,0,260.13,0.4065,0,
catalog-api-9b2e1_845,2026-07-13T09:14:05+00:00,catalog-api-9b2e1,catalog-api,0,259.55,0.4055,0,
catalog-api-9b2e1_846,2026-07-13T09:14:06+00:00,catalog-api-9b2e1,catalog-api,0,267.26,0.4176,0,
catalog-api-9b2e1_847,2026-07-13T09:14:07+00:00,catalog-api-9b2e1,catalog-api,0,251.04,0.3922,0,
catalog-api-9b2e1_848,2026-07-13T09:14:08+00:00,catalog-api-9b2e1,catalog-api,0,260.0,0.4062,0,
catalog-api-9b2e1_849,2026-07-13T09:14:09+00:00,catalog-api-9b2e1,catalog-api,0,273.6,0.4275,0,
catalog-api-9b2e1_850,2026-07-13T09:14:10+00:00,catalog-api-9b2e1,catalog-api,0,264.58,0.4134,0,
catalog-api-9b2e1_851,2026-07-13T09:14:11+00:00,catalog-api-9b2e1,catalog-api,0,273.55,0.4274,0,
catalog-api-9b2e1_852,2026-07-13T09:14:12+00:00,catalog-api-9b2e1,catalog-api,0,265.48,0.4148,0,
catalog-api-9b2e1_853,2026-07-13T09:14:13+00:00,catalog-api-9b2e1,catalog-api,0,259.43,0.4054,0,
catalog-api-9b2e1_854,2026-07-13T09:14:14+00:00,catalog-api-9b2e1,catalog-api,0,255.56,0.3993,0,
catalog-api-9b2e1_855,2026-07-13T09:14:15+00:00,catalog-api-9b2e1,catalog-api,0,258.5,0.4039,0,
catalog-api-9b2e1_856,2026-07-13T09:14:16+00:00,catalog-api-9b2e1,catalog-api,0,266.05,0.4157,0,
catalog-api-9b2e1_857,2026-07-13T09:14:17+00:00,catalog-api-9b2e1,catalog-api,0,258.24,0.4035,0,
catalog-api-9b2e1_858,2026-07-13T09:14:18+00:00,catalog-api-9b2e1,catalog-api,0,262.23,0.4097,0,
catalog-api-9b2e1_859,2026-07-13T09:14:19+00:00,catalog-api-9b2e1,catalog-api,0,260.75,0.4074,0,
catalog-api-9b2e1_860,2026-07-13T09:14:20+00:00,catalog-api-9b2e1,catalog-api,0,232.58,0.3634,0,
catalog-api-9b2e1_861,2026-07-13T09:14:21+00:00,catalog-api-9b2e1,catalog-api,0,277.19,0.4331,0,
catalog-api-9b2e1_862,2026-07-13T09:14:22+00:00,catalog-api-9b2e1,catalog-api,0,263.24,0.4113,0,
catalog-api-9b2e1_863,2026-07-13T09:14:23+00:00,catalog-api-9b2e1,catalog-api,0,252.71,0.3949,0,
catalog-api-9b2e1_864,2026-07-13T09:14:24+00:00,catalog-api-9b2e1,catalog-api,0,252.91,0.3952,0,
catalog-api-9b2e1_865,2026-07-13T09:14:25+00:00,catalog-api-9b2e1,catalog-api,0,278.7,0.4355,0,
catalog-api-9b2e1_866,2026-07-13T09:14:26+00:00,catalog-api-9b2e1,catalog-api,0,262.4,0.41,0,
catalog-api-9b2e1_867,2026-07-13T09:14:27+00:00,catalog-api-9b2e1,catalog-api,0,243.36,0.3803,0,
catalog-api-9b2e1_868,2026-07-13T09:14:28+00:00,catalog-api-9b2e1,catalog-api,0,266.22,0.416,0,
catalog-api-9b2e1_869,2026-07-13T09:14:29+00:00,catalog-api-9b2e1,catalog-api,0,242.61,0.3791,0,
checkout-api-6d1a1_30,2026-07-13T09:00:30+00:00,checkout-api-6d1a1,checkout-api,0,305.98,0.3984,0,
checkout-api-6d1a1_31,2026-07-13T09:00:31+00:00,checkout-api-6d1a1,checkout-api,0,306.27,0.3988,0,
checkout-api-6d1a1_32,2026-07-13T09:00:32+00:00,checkout-api-6d1a1,checkout-api,0,287.7,0.3746,0,
checkout-api-6d1a1_33,2026-07-13T09:00:33+00:00,checkout-api-6d1a1,checkout-api,0,285.15,0.3713,0,
checkout-api-6d1a1_34,2026-07-13T09:00:34+00:00,checkout-api-6d1a1,checkout-api,0,300.03,0.3907,0,
checkout-api-6d1a1_35,2026-07-13T09:00:35+00:00,checkout-api-6d1a1,checkout-api,0,293.88,0.3827,0,
checkout-api-6d1a1_36,2026-07-13T09:00:36+00:00,checkout-api-6d1a1,checkout-api,0,292.51,0.3809,0,
checkout-api-6d1a1_37,2026-07-13T09:00:37+00:00,checkout-api-6d1a1,checkout-api,0,290.64,0.3784,0,
checkout-api-6d1a1_38,2026-07-13T09:00:38+00:00,checkout-api-6d1a1,checkout-api,0,312.52,0.4069,0,
checkout-api-6d1a1_39,2026-07-13T09:00:39+00:00,checkout-api-6d1a1,checkout-api,0,306.66,0.3993,0,
checkout-api-6d1a1_40,2026-07-13T09:00:40+00:00,checkout-api-6d1a1,checkout-api,0,298.96,0.3893,0,
checkout-api-6d1a1_41,2026-07-13T09:00:41+00:00,checkout-api-6d1a1,checkout-api,0,297.19,0.387,0,
checkout-api-6d1a1_42,2026-07-13T09:00:42+00:00,checkout-api-6d1a1,checkout-api,0,302.28,0.3936,0,
checkout-api-6d1a1_43,2026-07-13T09:00:43+00:00,checkout-api-6d1a1,checkout-api,0,305.2,0.3974,0,
checkout-api-6d1a1_44,2026-07-13T09:00:44+00:00,checkout-api-6d1a1,checkout-api,0,292.95,0.3814,0,
checkout-api-6d1a1_45,2026-07-13T09:00:45+00:00,checkout-api-6d1a1,checkout-api,0,297.86,0.3878,0,
checkout-api-6d1a1_46,2026-07-13T09:00:46+00:00,checkout-api-6d1a1,checkout-api,0,300.29,0.391,0,
checkout-api-6d1a1_47,2026-07-13T09:00:47+00:00,checkout-api-6d1a1,checkout-api,0,294.24,0.3831,0,
checkout-api-6d1a1_48,2026-07-13T09:00:48+00:00,checkout-api-6d1a1,checkout-api,0,303.83,0.3956,0,
checkout-api-6d1a1_49,2026-07-13T09:00:49+00:00,checkout-api-6d1a1,checkout-api,0,280.92,0.3658,0,
checkout-api-6d1a1_50,2026-07-13T09:00:50+00:00,checkout-api-6d1a1,checkout-api,0,307.98,0.401,0,
checkout-api-6d1a1_51,2026-07-13T09:00:51+00:00,checkout-api-6d1a1,checkout-api,0,288.14,0.3752,0,
checkout-api-6d1a1_52,2026-07-13T09:00:52+00:00,checkout-api-6d1a1,checkout-api,0,286.53,0.3731,0,
checkout-api-6d1a1_53,2026-07-13T09:00:53+00:00,checkout-api-6d1a1,checkout-api,0,294.38,0.3833,0,
checkout-api-6d1a1_54,2026-07-13T09:00:54+00:00,checkout-api-6d1a1,checkout-api,0,302.83,0.3943,0,
checkout-api-6d1a1_55,2026-07-13T09:00:55+00:00,checkout-api-6d1a1,checkout-api,0,294.72,0.3838,0,
checkout-api-6d1a1_56,2026-07-13T09:00:56+00:00,checkout-api-6d1a1,checkout-api,0,300.28,0.391,0,
checkout-api-6d1a1_57,2026-07-13T09:00:57+00:00,checkout-api-6d1a1,checkout-api,0,300.59,0.3914,0,
checkout-api-6d1a1_58,2026-07-13T09:00:58+00:00,checkout-api-6d1a1,checkout-api,0,294.81,0.3839,0,
checkout-api-6d1a1_59,2026-07-13T09:00:59+00:00,checkout-api-6d1a1,checkout-api,0,314.97,0.4101,0,
checkout-api-6d1a1_60,2026-07-13T09:01:00+00:00,checkout-api-6d1a1,checkout-api,0,297.99,0.388,0,
checkout-api-6d1a1_61,2026-07-13T09:01:01+00:00,checkout-api-6d1a1,checkout-api,0,297.03,0.3868,0,
checkout-api-6d1a1_62,2026-07-13T09:01:02+00:00,checkout-api-6d1a1,checkout-api,0,318.89,0.4152,0,
checkout-api-6d1a1_63,2026-07-13T09:01:03+00:00,checkout-api-6d1a1,checkout-api,0,292.08,0.3803,0,
checkout-api-6d1a1_64,2026-07-13T09:01:04+00:00,checkout-api-6d1a1,checkout-api,0,286.43,0.373,0,
checkout-api-6d1a1_65,2026-07-13T09:01:05+00:00,checkout-api-6d1a1,checkout-api,0,294.36,0.3833,0,
checkout-api-6d1a1_66,2026-07-13T09:01:06+00:00,checkout-api-6d1a1,checkout-api,0,308.05,0.4011,0,
checkout-api-6d1a1_67,2026-07-13T09:01:07+00:00,checkout-api-6d1a1,checkout-api,0,305.59,0.3979,0,
checkout-api-6d1a1_68,2026-07-13T09:01:08+00:00,checkout-api-6d1a1,checkout-api,0,288.51,0.3757,0,
checkout-api-6d1a1_69,2026-07-13T09:01:09+00:00,checkout-api-6d1a1,checkout-api,0,296.78,0.3864,0,
checkout-api-6d1a1_70,2026-07-13T09:01:10+00:00,checkout-api-6d1a1,checkout-api,0,296.54,0.3861,0,
checkout-api-6d1a1_71,2026-07-13T09:01:11+00:00,checkout-api-6d1a1,checkout-api,0,307.15,0.3999,0,
checkout-api-6d1a1_72,2026-07-13T09:01:12+00:00,checkout-api-6d1a1,checkout-api,0,295.74,0.3851,0,
checkout-api-6d1a1_73,2026-07-13T09:01:13+00:00,checkout-api-6d1a1,checkout-api,0,305.03,0.3972,0,
checkout-api-6d1a1_74,2026-07-13T09:01:14+00:00,checkout-api-6d1a1,checkout-api,0,308.32,0.4015,0,
checkout-api-6d1a1_75,2026-07-13T09:01:15+00:00,checkout-api-6d1a1,checkout-api,0,292.43,0.3808,0,
checkout-api-6d1a1_76,2026-07-13T09:01:16+00:00,checkout-api-6d1a1,checkout-api,0,292.61,0.381,0,
checkout-api-6d1a1_77,2026-07-13T09:01:17+00:00,checkout-api-6d1a1,checkout-api,0,290.39,0.3781,0,
checkout-api-6d1a1_78,2026-07-13T09:01:18+00:00,checkout-api-6d1a1,checkout-api,0,314.12,0.409,0,
checkout-api-6d1a1_79,2026-07-13T09:01:19+00:00,checkout-api-6d1a1,checkout-api,0,304.33,0.3963,0,
checkout-api-6d1a1_80,2026-07-13T09:01:20+00:00,checkout-api-6d1a1,checkout-api,0,294.7,0.3837,0,
checkout-api-6d1a1_81,2026-07-13T09:01:21+00:00,checkout-api-6d1a1,checkout-api,0,304.42,0.3964,0,
checkout-api-6d1a1_82,2026-07-13T09:01:22+00:00,checkout-api-6d1a1,checkout-api,0,297.69,0.3876,0,
checkout-api-6d1a1_83,2026-07-13T09:01:23+00:00,checkout-api-6d1a1,checkout-api,0,305.75,0.3981,0,
checkout-api-6d1a1_84,2026-07-13T09:01:24+00:00,checkout-api-6d1a1,checkout-api,0,307.63,0.4006,0,
checkout-api-6d1a1_85,2026-07-13T09:01:25+00:00,checkout-api-6d1a1,checkout-api,0,299.88,0.3905,0,
checkout-api-6d1a1_86,2026-07-13T09:01:26+00:00,checkout-api-6d1a1,checkout-api,0,300.01,0.3906,0,
checkout-api-6d1a1_87,2026-07-13T09:01:27+00:00,checkout-api-6d1a1,checkout-api,0,297.45,0.3873,0,
checkout-api-6d1a1_88,2026-07-13T09:01:28+00:00,checkout-api-6d1a1,checkout-api,0,294.13,0.383,0,
checkout-api-6d1a1_89,2026-07-13T09:01:29+00:00,checkout-api-6d1a1,checkout-api,0,308.34,0.4015,0,
checkout-api-6d1a1_90,2026-07-13T09:01:30+00:00,checkout-api-6d1a1,checkout-api,0,304.24,0.3961,0,
checkout-api-6d1a1_91,2026-07-13T09:01:31+00:00,checkout-api-6d1a1,checkout-api,0,295.41,0.3846,0,
checkout-api-6d1a1_92,2026-07-13T09:01:32+00:00,checkout-api-6d1a1,checkout-api,0,310.32,0.4041,0,
checkout-api-6d1a1_93,2026-07-13T09:01:33+00:00,checkout-api-6d1a1,checkout-api,0,285.72,0.372,0,
checkout-api-6d1a1_94,2026-07-13T09:01:34+00:00,checkout-api-6d1a1,checkout-api,0,304.08,0.3959,0,
checkout-api-6d1a1_95,2026-07-13T09:01:35+00:00,checkout-api-6d1a1,checkout-api,0,309.83,0.4034,0,
checkout-api-6d1a1_96,2026-07-13T09:01:36+00:00,checkout-api-6d1a1,checkout-api,0,294.46,0.3834,0,
checkout-api-6d1a1_97,2026-07-13T09:01:37+00:00,checkout-api-6d1a1,checkout-api,0,297.9,0.3879,0,
checkout-api-6d1a1_98,2026-07-13T09:01:38+00:00,checkout-api-6d1a1,checkout-api,0,297.01,0.3867,0,
checkout-api-6d1a1_99,2026-07-13T09:01:39+00:00,checkout-api-6d1a1,checkout-api,0,313.98,0.4088,0,
checkout-api-6d1a1_100,2026-07-13T09:01:40+00:00,checkout-api-6d1a1,checkout-api,0,305.73,0.3981,0,
checkout-api-6d1a1_101,2026-07-13T09:01:41+00:00,checkout-api-6d1a1,checkout-api,0,308.68,0.4019,0,
checkout-api-6d1a1_102,2026-07-13T09:01:42+00:00,checkout-api-6d1a1,checkout-api,0,294.06,0.3829,0,
checkout-api-6d1a1_103,2026-07-13T09:01:43+00:00,checkout-api-6d1a1,checkout-api,0,293.98,0.3828,0,
checkout-api-6d1a1_104,2026-07-13T09:01:44+00:00,checkout-api-6d1a1,checkout-api,0,316.29,0.4118,0,
checkout-api-6d1a1_105,2026-07-13T09:01:45+00:00,checkout-api-6d1a1,checkout-api,0,307.62,0.4005,0,
checkout-api-6d1a1_106,2026-07-13T09:01:46+00:00,checkout-api-6d1a1,checkout-api,0,302.79,0.3943,0,
checkout-api-6d1a1_107,2026-07-13T09:01:47+00:00,checkout-api-6d1a1,checkout-api,0,284.01,0.3698,0,
checkout-api-6d1a1_108,2026-07-13T09:01:48+00:00,checkout-api-6d1a1,checkout-api,0,295.31,0.3845,0,
checkout-api-6d1a1_109,2026-07-13T09:01:49+00:00,checkout-api-6d1a1,checkout-api,0,292.33,0.3806,0,
checkout-api-6d1a1_110,2026-07-13T09:01:50+00:00,checkout-api-6d1a1,checkout-api,0,292.52,0.3809,0,
checkout-api-6d1a1_111,2026-07-13T09:01:51+00:00,checkout-api-6d1a1,checkout-api,0,296.64,0.3862,0,
checkout-api-6d1a1_112,2026-07-13T09:01:52+00:00,checkout-api-6d1a1,checkout-api,0,307.14,0.3999,0,
checkout-api-6d1a1_113,2026-07-13T09:01:53+00:00,checkout-api-6d1a1,checkout-api,0,278.62,0.3628,0,
checkout-api-6d1a1_114,2026-07-13T09:01:54+00:00,checkout-api-6d1a1,checkout-api,0,306.54,0.3991,0,
checkout-api-6d1a1_115,2026-07-13T09:01:55+00:00,checkout-api-6d1a1,checkout-api,0,304.59,0.3966,0,
checkout-api-6d1a1_116,2026-07-13T09:01:56+00:00,checkout-api-6d1a1,checkout-api,0,303.6,0.3953,0,
checkout-api-6d1a1_117,2026-07-13T09:01:57+00:00,checkout-api-6d1a1,checkout-api,0,305.07,0.3972,0,
checkout-api-6d1a1_118,2026-07-13T09:01:58+00:00,checkout-api-6d1a1,checkout-api,0,300.68,0.3915,0,
checkout-api-6d1a1_119,2026-07-13T09:01:59+00:00,checkout-api-6d1a1,checkout-api,0,298.0,0.388,0,
checkout-api-6d1a1_120,2026-07-13T09:02:00+00:00,checkout-api-6d1a1,checkout-api,0,314.36,0.4093,0,
checkout-api-6d1a1_121,2026-07-13T09:02:01+00:00,checkout-api-6d1a1,checkout-api,0,300.44,0.3912,0,
checkout-api-6d1a1_122,2026-07-13T09:02:02+00:00,checkout-api-6d1a1,checkout-api,0,292.25,0.3805,0,
checkout-api-6d1a1_123,2026-07-13T09:02:03+00:00,checkout-api-6d1a1,checkout-api,0,312.49,0.4069,0,
checkout-api-6d1a1_124,2026-07-13T09:02:04+00:00,checkout-api-6d1a1,checkout-api,0,310.01,0.4037,0,
checkout-api-6d1a1_125,2026-07-13T09:02:05+00:00,checkout-api-6d1a1,checkout-api,0,302.38,0.3937,0,
checkout-api-6d1a1_126,2026-07-13T09:02:06+00:00,checkout-api-6d1a1,checkout-api,0,293.38,0.382,0,
checkout-api-6d1a1_127,2026-07-13T09:02:07+00:00,checkout-api-6d1a1,checkout-api,0,328.82,0.4282,0,
checkout-api-6d1a1_128,2026-07-13T09:02:08+00:00,checkout-api-6d1a1,checkout-api,0,296.65,0.3863,0,
checkout-api-6d1a1_129,2026-07-13T09:02:09+00:00,checkout-api-6d1a1,checkout-api,0,296.17,0.3856,0,
checkout-api-6d1a1_130,2026-07-13T09:02:10+00:00,checkout-api-6d1a1,checkout-api,0,305.5,0.3978,0,
checkout-api-6d1a1_131,2026-07-13T09:02:11+00:00,checkout-api-6d1a1,checkout-api,0,296.44,0.386,0,
checkout-api-6d1a1_132,2026-07-13T09:02:12+00:00,checkout-api-6d1a1,checkout-api,0,294.83,0.3839,0,
checkout-api-6d1a1_133,2026-07-13T09:02:13+00:00,checkout-api-6d1a1,checkout-api,0,305.97,0.3984,0,
checkout-api-6d1a1_134,2026-07-13T09:02:14+00:00,checkout-api-6d1a1,checkout-api,0,300.47,0.3912,0,
checkout-api-6d1a1_135,2026-07-13T09:02:15+00:00,checkout-api-6d1a1,checkout-api,0,301.84,0.393,0,
checkout-api-6d1a1_136,2026-07-13T09:02:16+00:00,checkout-api-6d1a1,checkout-api,0,288.28,0.3754,0,
checkout-api-6d1a1_137,2026-07-13T09:02:17+00:00,checkout-api-6d1a1,checkout-api,0,305.71,0.3981,0,
checkout-api-6d1a1_138,2026-07-13T09:02:18+00:00,checkout-api-6d1a1,checkout-api,0,298.06,0.3881,0,
checkout-api-6d1a1_139,2026-07-13T09:02:19+00:00,checkout-api-6d1a1,checkout-api,0,281.24,0.3662,0,
checkout-api-6d1a1_140,2026-07-13T09:02:20+00:00,checkout-api-6d1a1,checkout-api,0,305.39,0.3976,0,
checkout-api-6d1a1_141,2026-07-13T09:02:21+00:00,checkout-api-6d1a1,checkout-api,0,302.88,0.3944,0,
checkout-api-6d1a1_142,2026-07-13T09:02:22+00:00,checkout-api-6d1a1,checkout-api,0,307.42,0.4003,0,
checkout-api-6d1a1_143,2026-07-13T09:02:23+00:00,checkout-api-6d1a1,checkout-api,0,306.39,0.3989,0,
checkout-api-6d1a1_144,2026-07-13T09:02:24+00:00,checkout-api-6d1a1,checkout-api,0,295.35,0.3846,0,
checkout-api-6d1a1_145,2026-07-13T09:02:25+00:00,checkout-api-6d1a1,checkout-api,0,296.04,0.3855,0,
checkout-api-6d1a1_146,2026-07-13T09:02:26+00:00,checkout-api-6d1a1,checkout-api,0,286.85,0.3735,0,
checkout-api-6d1a1_147,2026-07-13T09:02:27+00:00,checkout-api-6d1a1,checkout-api,0,289.79,0.3773,0,
checkout-api-6d1a1_148,2026-07-13T09:02:28+00:00,checkout-api-6d1a1,checkout-api,0,300.03,0.3907,0,
checkout-api-6d1a1_149,2026-07-13T09:02:29+00:00,checkout-api-6d1a1,checkout-api,0,311.44,0.4055,0,
checkout-api-6d1a1_150,2026-07-13T09:02:30+00:00,checkout-api-6d1a1,checkout-api,0,291.57,0.3796,0,
checkout-api-6d1a1_151,2026-07-13T09:02:31+00:00,checkout-api-6d1a1,checkout-api,0,297.7,0.3876,0,
checkout-api-6d1a1_152,2026-07-13T09:02:32+00:00,checkout-api-6d1a1,checkout-api,0,308.19,0.4013,0,
checkout-api-6d1a1_153,2026-07-13T09:02:33+00:00,checkout-api-6d1a1,checkout-api,0,302.07,0.3933,0,
checkout-api-6d1a1_154,2026-07-13T09:02:34+00:00,checkout-api-6d1a1,checkout-api,0,293.11,0.3817,0,
checkout-api-6d1a1_155,2026-07-13T09:02:35+00:00,checkout-api-6d1a1,checkout-api,0,298.19,0.3883,0,
checkout-api-6d1a1_156,2026-07-13T09:02:36+00:00,checkout-api-6d1a1,checkout-api,0,302.75,0.3942,0,
checkout-api-6d1a1_157,2026-07-13T09:02:37+00:00,checkout-api-6d1a1,checkout-api,0,293.45,0.3821,0,
checkout-api-6d1a1_158,2026-07-13T09:02:38+00:00,checkout-api-6d1a1,checkout-api,0,301.25,0.3923,0,
checkout-api-6d1a1_159,2026-07-13T09:02:39+00:00,checkout-api-6d1a1,checkout-api,0,290.46,0.3782,0,
checkout-api-6d1a1_160,2026-07-13T09:02:40+00:00,checkout-api-6d1a1,checkout-api,0,296.02,0.3854,0,
checkout-api-6d1a1_161,2026-07-13T09:02:41+00:00,checkout-api-6d1a1,checkout-api,0,289.95,0.3775,0,
checkout-api-6d1a1_162,2026-07-13T09:02:42+00:00,checkout-api-6d1a1,checkout-api,0,299.91,0.3905,0,
checkout-api-6d1a1_163,2026-07-13T09:02:43+00:00,checkout-api-6d1a1,checkout-api,0,307.48,0.4004,0,
checkout-api-6d1a1_164,2026-07-13T09:02:44+00:00,checkout-api-6d1a1,checkout-api,0,297.43,0.3873,0,
checkout-api-6d1a1_165,2026-07-13T09:02:45+00:00,checkout-api-6d1a1,checkout-api,0,299.67,0.3902,0,
checkout-api-6d1a1_166,2026-07-13T09:02:46+00:00,checkout-api-6d1a1,checkout-api,0,291.34,0.3793,0,
checkout-api-6d1a1_167,2026-07-13T09:02:47+00:00,checkout-api-6d1a1,checkout-api,0,297.46,0.3873,0,
checkout-api-6d1a1_168,2026-07-13T09:02:48+00:00,checkout-api-6d1a1,checkout-api,0,312.66,0.4071,0,
checkout-api-6d1a1_169,2026-07-13T09:02:49+00:00,checkout-api-6d1a1,checkout-api,0,312.42,0.4068,0,
checkout-api-6d1a1_170,2026-07-13T09:02:50+00:00,checkout-api-6d1a1,checkout-api,0,295.05,0.3842,0,
checkout-api-6d1a1_171,2026-07-13T09:02:51+00:00,checkout-api-6d1a1,checkout-api,0,299.33,0.3898,0,
checkout-api-6d1a1_172,2026-07-13T09:02:52+00:00,checkout-api-6d1a1,checkout-api,0,318.77,0.4151,0,
checkout-api-6d1a1_173,2026-07-13T09:02:53+00:00,checkout-api-6d1a1,checkout-api,0,316.11,0.4116,0,
checkout-api-6d1a1_174,2026-07-13T09:02:54+00:00,checkout-api-6d1a1,checkout-api,0,313.39,0.4081,0,
checkout-api-6d1a1_175,2026-07-13T09:02:55+00:00,checkout-api-6d1a1,checkout-api,0,292.74,0.3812,0,
checkout-api-6d1a1_176,2026-07-13T09:02:56+00:00,checkout-api-6d1a1,checkout-api,0,291.79,0.3799,0,
checkout-api-6d1a1_177,2026-07-13T09:02:57+00:00,checkout-api-6d1a1,checkout-api,0,306.68,0.3993,0,
checkout-api-6d1a1_178,2026-07-13T09:02:58+00:00,checkout-api-6d1a1,checkout-api,0,290.89,0.3788,0,
checkout-api-6d1a1_179,2026-07-13T09:02:59+00:00,checkout-api-6d1a1,checkout-api,0,302.32,0.3936,0,
checkout-api-6d1a1_180,2026-07-13T09:03:00+00:00,checkout-api-6d1a1,checkout-api,0,289.8,0.3773,0,
checkout-api-6d1a1_181,2026-07-13T09:03:01+00:00,checkout-api-6d1a1,checkout-api,0,303.6,0.3953,0,
checkout-api-6d1a1_182,2026-07-13T09:03:02+00:00,checkout-api-6d1a1,checkout-api,0,295.99,0.3854,0,
checkout-api-6d1a1_183,2026-07-13T09:03:03+00:00,checkout-api-6d1a1,checkout-api,0,303.51,0.3952,0,
checkout-api-6d1a1_184,2026-07-13T09:03:04+00:00,checkout-api-6d1a1,checkout-api,0,304.16,0.396,0,
checkout-api-6d1a1_185,2026-07-13T09:03:05+00:00,checkout-api-6d1a1,checkout-api,0,305.88,0.3983,0,
checkout-api-6d1a1_186,2026-07-13T09:03:06+00:00,checkout-api-6d1a1,checkout-api,0,291.83,0.38,0,
checkout-api-6d1a1_187,2026-07-13T09:03:07+00:00,checkout-api-6d1a1,checkout-api,0,297.99,0.388,0,
checkout-api-6d1a1_188,2026-07-13T09:03:08+00:00,checkout-api-6d1a1,checkout-api,0,281.58,0.3666,0,
checkout-api-6d1a1_189,2026-07-13T09:03:09+00:00,checkout-api-6d1a1,checkout-api,0,301.4,0.3924,0,
checkout-api-6d1a1_190,2026-07-13T09:03:10+00:00,checkout-api-6d1a1,checkout-api,0,290.18,0.3778,0,
checkout-api-6d1a1_191,2026-07-13T09:03:11+00:00,checkout-api-6d1a1,checkout-api,0,306.72,0.3994,0,
checkout-api-6d1a1_192,2026-07-13T09:03:12+00:00,checkout-api-6d1a1,checkout-api,0,310.47,0.4043,0,
checkout-api-6d1a1_193,2026-07-13T09:03:13+00:00,checkout-api-6d1a1,checkout-api,0,306.56,0.3992,0,
checkout-api-6d1a1_194,2026-07-13T09:03:14+00:00,checkout-api-6d1a1,checkout-api,0,301.13,0.3921,0,
checkout-api-6d1a1_195,2026-07-13T09:03:15+00:00,checkout-api-6d1a1,checkout-api,0,293.41,0.382,0,
checkout-api-6d1a1_196,2026-07-13T09:03:16+00:00,checkout-api-6d1a1,checkout-api,0,303.53,0.3952,0,
checkout-api-6d1a1_197,2026-07-13T09:03:17+00:00,checkout-api-6d1a1,checkout-api,0,301.8,0.393,0,
checkout-api-6d1a1_198,2026-07-13T09:03:18+00:00,checkout-api-6d1a1,checkout-api,0,303.22,0.3948,0,
checkout-api-6d1a1_199,2026-07-13T09:03:19+00:00,checkout-api-6d1a1,checkout-api,0,298.23,0.3883,0,
checkout-api-6d1a1_200,2026-07-13T09:03:20+00:00,checkout-api-6d1a1,checkout-api,0,316.17,0.4117,0,
checkout-api-6d1a1_201,2026-07-13T09:03:21+00:00,checkout-api-6d1a1,checkout-api,0,307.04,0.3998,0,
checkout-api-6d1a1_202,2026-07-13T09:03:22+00:00,checkout-api-6d1a1,checkout-api,0,312.41,0.4068,0,
checkout-api-6d1a1_203,2026-07-13T09:03:23+00:00,checkout-api-6d1a1,checkout-api,0,294.53,0.3835,0,
checkout-api-6d1a1_204,2026-07-13T09:03:24+00:00,checkout-api-6d1a1,checkout-api,0,309.97,0.4036,0,
checkout-api-6d1a1_205,2026-07-13T09:03:25+00:00,checkout-api-6d1a1,checkout-api,0,300.02,0.3907,0,
checkout-api-6d1a1_206,2026-07-13T09:03:26+00:00,checkout-api-6d1a1,checkout-api,0,287.93,0.3749,0,
checkout-api-6d1a1_207,2026-07-13T09:03:27+00:00,checkout-api-6d1a1,checkout-api,0,296.42,0.386,0,
checkout-api-6d1a1_208,2026-07-13T09:03:28+00:00,checkout-api-6d1a1,checkout-api,0,295.44,0.3847,0,
checkout-api-6d1a1_209,2026-07-13T09:03:29+00:00,checkout-api-6d1a1,checkout-api,0,283.2,0.3687,0,
checkout-api-6d1a1_210,2026-07-13T09:03:30+00:00,checkout-api-6d1a1,checkout-api,0,298.38,0.3885,0,
checkout-api-6d1a1_211,2026-07-13T09:03:31+00:00,checkout-api-6d1a1,checkout-api,0,310.96,0.4049,0,
checkout-api-6d1a1_212,2026-07-13T09:03:32+00:00,checkout-api-6d1a1,checkout-api,0,310.08,0.4037,0,
checkout-api-6d1a1_213,2026-07-13T09:03:33+00:00,checkout-api-6d1a1,checkout-api,0,299.43,0.3899,0,
checkout-api-6d1a1_214,2026-07-13T09:03:34+00:00,checkout-api-6d1a1,checkout-api,0,300.49,0.3913,0,
checkout-api-6d1a1_215,2026-07-13T09:03:35+00:00,checkout-api-6d1a1,checkout-api,0,300.65,0.3915,0,
checkout-api-6d1a1_216,2026-07-13T09:03:36+00:00,checkout-api-6d1a1,checkout-api,0,309.38,0.4028,0,
checkout-api-6d1a1_217,2026-07-13T09:03:37+00:00,checkout-api-6d1a1,checkout-api,0,295.08,0.3842,0,
checkout-api-6d1a1_218,2026-07-13T09:03:38+00:00,checkout-api-6d1a1,checkout-api,0,295.69,0.385,0,
checkout-api-6d1a1_219,2026-07-13T09:03:39+00:00,checkout-api-6d1a1,checkout-api,0,302.49,0.3939,0,
checkout-api-6d1a1_220,2026-07-13T09:03:40+00:00,checkout-api-6d1a1,checkout-api,0,306.04,0.3985,0,
checkout-api-6d1a1_221,2026-07-13T09:03:41+00:00,checkout-api-6d1a1,checkout-api,0,300.81,0.3917,0,
checkout-api-6d1a1_222,2026-07-13T09:03:42+00:00,checkout-api-6d1a1,checkout-api,0,283.6,0.3693,0,
checkout-api-6d1a1_223,2026-07-13T09:03:43+00:00,checkout-api-6d1a1,checkout-api,0,286.11,0.3725,0,
checkout-api-6d1a1_224,2026-07-13T09:03:44+00:00,checkout-api-6d1a1,checkout-api,0,293.54,0.3822,0,
checkout-api-6d1a1_225,2026-07-13T09:03:45+00:00,checkout-api-6d1a1,checkout-api,0,298.73,0.389,0,
checkout-api-6d1a1_226,2026-07-13T09:03:46+00:00,checkout-api-6d1a1,checkout-api,0,306.76,0.3994,0,
checkout-api-6d1a1_227,2026-07-13T09:03:47+00:00,checkout-api-6d1a1,checkout-api,0,309.3,0.4027,0,
checkout-api-6d1a1_228,2026-07-13T09:03:48+00:00,checkout-api-6d1a1,checkout-api,0,297.12,0.3869,0,
checkout-api-6d1a1_229,2026-07-13T09:03:49+00:00,checkout-api-6d1a1,checkout-api,0,302.0,0.3932,0,
checkout-api-6d1a1_230,2026-07-13T09:03:50+00:00,checkout-api-6d1a1,checkout-api,0,298.54,0.3887,0,
checkout-api-6d1a1_231,2026-07-13T09:03:51+00:00,checkout-api-6d1a1,checkout-api,0,308.48,0.4017,0,
checkout-api-6d1a1_232,2026-07-13T09:03:52+00:00,checkout-api-6d1a1,checkout-api,0,298.03,0.3881,0,
checkout-api-6d1a1_233,2026-07-13T09:03:53+00:00,checkout-api-6d1a1,checkout-api,0,308.47,0.4017,0,
checkout-api-6d1a1_234,2026-07-13T09:03:54+00:00,checkout-api-6d1a1,checkout-api,0,293.98,0.3828,0,
checkout-api-6d1a1_235,2026-07-13T09:03:55+00:00,checkout-api-6d1a1,checkout-api,0,288.64,0.3758,0,
checkout-api-6d1a1_236,2026-07-13T09:03:56+00:00,checkout-api-6d1a1,checkout-api,0,307.86,0.4009,0,
checkout-api-6d1a1_237,2026-07-13T09:03:57+00:00,checkout-api-6d1a1,checkout-api,0,298.13,0.3882,0,
checkout-api-6d1a1_238,2026-07-13T09:03:58+00:00,checkout-api-6d1a1,checkout-api,0,305.17,0.3974,0,
checkout-api-6d1a1_239,2026-07-13T09:03:59+00:00,checkout-api-6d1a1,checkout-api,0,294.69,0.3837,0,
checkout-api-6d1a1_240,2026-07-13T09:04:00+00:00,checkout-api-6d1a1,checkout-api,0,291.28,0.3793,0,
checkout-api-6d1a1_241,2026-07-13T09:04:01+00:00,checkout-api-6d1a1,checkout-api,0,279.2,0.3635,0,
checkout-api-6d1a1_242,2026-07-13T09:04:02+00:00,checkout-api-6d1a1,checkout-api,0,311.14,0.4051,0,
checkout-api-6d1a1_243,2026-07-13T09:04:03+00:00,checkout-api-6d1a1,checkout-api,0,293.05,0.3816,0,
checkout-api-6d1a1_244,2026-07-13T09:04:04+00:00,checkout-api-6d1a1,checkout-api,0,292.54,0.3809,0,
checkout-api-6d1a1_245,2026-07-13T09:04:05+00:00,checkout-api-6d1a1,checkout-api,0,302.34,0.3937,0,
checkout-api-6d1a1_246,2026-07-13T09:04:06+00:00,checkout-api-6d1a1,checkout-api,0,302.17,0.3935,0,
checkout-api-6d1a1_247,2026-07-13T09:04:07+00:00,checkout-api-6d1a1,checkout-api,0,309.8,0.4034,0,
checkout-api-6d1a1_248,2026-07-13T09:04:08+00:00,checkout-api-6d1a1,checkout-api,0,306.17,0.3987,0,
checkout-api-6d1a1_249,2026-07-13T09:04:09+00:00,checkout-api-6d1a1,checkout-api,0,298.61,0.3888,0,
checkout-api-6d1a1_250,2026-07-13T09:04:10+00:00,checkout-api-6d1a1,checkout-api,0,294.02,0.3828,0,
checkout-api-6d1a1_251,2026-07-13T09:04:11+00:00,checkout-api-6d1a1,checkout-api,0,293.51,0.3822,0,
checkout-api-6d1a1_252,2026-07-13T09:04:12+00:00,checkout-api-6d1a1,checkout-api,0,297.94,0.3879,0,
checkout-api-6d1a1_253,2026-07-13T09:04:13+00:00,checkout-api-6d1a1,checkout-api,0,314.74,0.4098,0,
checkout-api-6d1a1_254,2026-07-13T09:04:14+00:00,checkout-api-6d1a1,checkout-api,0,303.18,0.3948,0,
checkout-api-6d1a1_255,2026-07-13T09:04:15+00:00,checkout-api-6d1a1,checkout-api,0,300.53,0.3913,0,
checkout-api-6d1a1_256,2026-07-13T09:04:16+00:00,checkout-api-6d1a1,checkout-api,0,300.6,0.3914,0,
checkout-api-6d1a1_257,2026-07-13T09:04:17+00:00,checkout-api-6d1a1,checkout-api,0,301.78,0.3929,0,
checkout-api-6d1a1_258,2026-07-13T09:04:18+00:00,checkout-api-6d1a1,checkout-api,0,297.15,0.3869,0,
checkout-api-6d1a1_259,2026-07-13T09:04:19+00:00,checkout-api-6d1a1,checkout-api,0,299.68,0.3902,0,
checkout-api-6d1a1_260,2026-07-13T09:04:20+00:00,checkout-api-6d1a1,checkout-api,0,305.11,0.3973,0,
checkout-api-6d1a1_261,2026-07-13T09:04:21+00:00,checkout-api-6d1a1,checkout-api,0,298.34,0.3885,0,
checkout-api-6d1a1_262,2026-07-13T09:04:22+00:00,checkout-api-6d1a1,checkout-api,0,297.44,0.3873,0,
checkout-api-6d1a1_263,2026-07-13T09:04:23+00:00,checkout-api-6d1a1,checkout-api,0,297.37,0.3872,0,
checkout-api-6d1a1_264,2026-07-13T09:04:24+00:00,checkout-api-6d1a1,checkout-api,0,296.65,0.3863,0,
checkout-api-6d1a1_265,2026-07-13T09:04:25+00:00,checkout-api-6d1a1,checkout-api,0,297.97,0.388,0,
checkout-api-6d1a1_266,2026-07-13T09:04:26+00:00,checkout-api-6d1a1,checkout-api,0,296.09,0.3855,0,
checkout-api-6d1a1_267,2026-07-13T09:04:27+00:00,checkout-api-6d1a1,checkout-api,0,299.14,0.3895,0,
checkout-api-6d1a1_268,2026-07-13T09:04:28+00:00,checkout-api-6d1a1,checkout-api,0,298.21,0.3883,0,
checkout-api-6d1a1_269,2026-07-13T09:04:29+00:00,checkout-api-6d1a1,checkout-api,0,307.2,0.4,0,
checkout-api-6d1a1_270,2026-07-13T09:04:30+00:00,checkout-api-6d1a1,checkout-api,0,298.6,0.3888,0,
checkout-api-6d1a1_271,2026-07-13T09:04:31+00:00,checkout-api-6d1a1,checkout-api,0,289.66,0.3772,0,
checkout-api-6d1a1_272,2026-07-13T09:04:32+00:00,checkout-api-6d1a1,checkout-api,0,311.68,0.4058,0,
checkout-api-6d1a1_273,2026-07-13T09:04:33+00:00,checkout-api-6d1a1,checkout-api,0,297.5,0.3874,0,
checkout-api-6d1a1_274,2026-07-13T09:04:34+00:00,checkout-api-6d1a1,checkout-api,0,297.5,0.3874,0,
checkout-api-6d1a1_275,2026-07-13T09:04:35+00:00,checkout-api-6d1a1,checkout-api,0,308.25,0.4014,0,
checkout-api-6d1a1_276,2026-07-13T09:04:36+00:00,checkout-api-6d1a1,checkout-api,0,293.73,0.3825,0,
checkout-api-6d1a1_277,2026-07-13T09:04:37+00:00,checkout-api-6d1a1,checkout-api,0,297.89,0.3879,0,
checkout-api-6d1a1_278,2026-07-13T09:04:38+00:00,checkout-api-6d1a1,checkout-api,0,307.34,0.4002,0,
checkout-api-6d1a1_279,2026-07-13T09:04:39+00:00,checkout-api-6d1a1,checkout-api,0,296.03,0.3855,0,
checkout-api-6d1a1_280,2026-07-13T09:04:40+00:00,checkout-api-6d1a1,checkout-api,0,290.64,0.3784,0,
checkout-api-6d1a1_281,2026-07-13T09:04:41+00:00,checkout-api-6d1a1,checkout-api,0,315.49,0.4108,0,
checkout-api-6d1a1_282,2026-07-13T09:04:42+00:00,checkout-api-6d1a1,checkout-api,0,305.47,0.3977,0,
checkout-api-6d1a1_283,2026-07-13T09:04:43+00:00,checkout-api-6d1a1,checkout-api,0,295.82,0.3852,0,
checkout-api-6d1a1_284,2026-07-13T09:04:44+00:00,checkout-api-6d1a1,checkout-api,0,303.03,0.3946,0,
checkout-api-6d1a1_285,2026-07-13T09:04:45+00:00,checkout-api-6d1a1,checkout-api,0,312.66,0.4071,0,
checkout-api-6d1a1_286,2026-07-13T09:04:46+00:00,checkout-api-6d1a1,checkout-api,0,313.39,0.4081,0,
checkout-api-6d1a1_287,2026-07-13T09:04:47+00:00,checkout-api-6d1a1,checkout-api,0,295.75,0.3851,0,
checkout-api-6d1a1_288,2026-07-13T09:04:48+00:00,checkout-api-6d1a1,checkout-api,0,291.37,0.3794,0,
checkout-api-6d1a1_289,2026-07-13T09:04:49+00:00,checkout-api-6d1a1,checkout-api,0,287.29,0.3741,0,
checkout-api-6d1a1_290,2026-07-13T09:04:50+00:00,checkout-api-6d1a1,checkout-api,0,315.4,0.4107,0,
checkout-api-6d1a1_291,2026-07-13T09:04:51+00:00,checkout-api-6d1a1,checkout-api,0,302.17,0.3935,0,
checkout-api-6d1a1_292,2026-07-13T09:04:52+00:00,checkout-api-6d1a1,checkout-api,0,304.85,0.3969,0,
checkout-api-6d1a1_293,2026-07-13T09:04:53+00:00,checkout-api-6d1a1,checkout-api,0,296.16,0.3856,0,
checkout-api-6d1a1_294,2026-07-13T09:04:54+00:00,checkout-api-6d1a1,checkout-api,0,296.46,0.386,0,
checkout-api-6d1a1_295,2026-07-13T09:04:55+00:00,checkout-api-6d1a1,checkout-api,0,299.93,0.3905,0,
checkout-api-6d1a1_296,2026-07-13T09:04:56+00:00,checkout-api-6d1a1,checkout-api,0,289.22,0.3766,0,
checkout-api-6d1a1_297,2026-07-13T09:04:57+00:00,checkout-api-6d1a1,checkout-api,0,300.74,0.3916,0,
checkout-api-6d1a1_298,2026-07-13T09:04:58+00:00,checkout-api-6d1a1,checkout-api,0,298.12,0.3882,0,
checkout-api-6d1a1_299,2026-07-13T09:04:59+00:00,checkout-api-6d1a1,checkout-api,0,296.52,0.3861,0,
checkout-api-6d1a1_300,2026-07-13T09:05:00+00:00,checkout-api-6d1a1,checkout-api,0,295.33,0.3845,0,
checkout-api-6d1a1_301,2026-07-13T09:05:01+00:00,checkout-api-6d1a1,checkout-api,0,304.0,0.3958,0,
checkout-api-6d1a1_302,2026-07-13T09:05:02+00:00,checkout-api-6d1a1,checkout-api,0,309.89,0.4035,0,
checkout-api-6d1a1_303,2026-07-13T09:05:03+00:00,checkout-api-6d1a1,checkout-api,0,300.95,0.3919,0,
checkout-api-6d1a1_304,2026-07-13T09:05:04+00:00,checkout-api-6d1a1,checkout-api,0,297.13,0.3869,0,
checkout-api-6d1a1_305,2026-07-13T09:05:05+00:00,checkout-api-6d1a1,checkout-api,0,304.31,0.3962,0,
checkout-api-6d1a1_306,2026-07-13T09:05:06+00:00,checkout-api-6d1a1,checkout-api,0,315.32,0.4106,0,
checkout-api-6d1a1_307,2026-07-13T09:05:07+00:00,checkout-api-6d1a1,checkout-api,0,296.63,0.3862,0,
checkout-api-6d1a1_308,2026-07-13T09:05:08+00:00,checkout-api-6d1a1,checkout-api,0,301.66,0.3928,0,
checkout-api-6d1a1_309,2026-07-13T09:05:09+00:00,checkout-api-6d1a1,checkout-api,0,292.18,0.3804,0,
checkout-api-6d1a1_310,2026-07-13T09:05:10+00:00,checkout-api-6d1a1,checkout-api,0,292.54,0.3809,0,
checkout-api-6d1a1_311,2026-07-13T09:05:11+00:00,checkout-api-6d1a1,checkout-api,0,307.22,0.4,0,
checkout-api-6d1a1_312,2026-07-13T09:05:12+00:00,checkout-api-6d1a1,checkout-api,0,306.29,0.3988,0,
checkout-api-6d1a1_313,2026-07-13T09:05:13+00:00,checkout-api-6d1a1,checkout-api,0,302.46,0.3938,0,
checkout-api-6d1a1_314,2026-07-13T09:05:14+00:00,checkout-api-6d1a1,checkout-api,0,288.7,0.3759,0,
checkout-api-6d1a1_315,2026-07-13T09:05:15+00:00,checkout-api-6d1a1,checkout-api,0,287.51,0.3744,0,
checkout-api-6d1a1_316,2026-07-13T09:05:16+00:00,checkout-api-6d1a1,checkout-api,0,291.24,0.3792,0,
checkout-api-6d1a1_317,2026-07-13T09:05:17+00:00,checkout-api-6d1a1,checkout-api,0,313.19,0.4078,0,
checkout-api-6d1a1_318,2026-07-13T09:05:18+00:00,checkout-api-6d1a1,checkout-api,0,301.13,0.3921,0,
checkout-api-6d1a1_319,2026-07-13T09:05:19+00:00,checkout-api-6d1a1,checkout-api,0,298.71,0.3889,0,
checkout-api-6d1a1_320,2026-07-13T09:05:20+00:00,checkout-api-6d1a1,checkout-api,0,308.86,0.4022,0,
checkout-api-6d1a1_321,2026-07-13T09:05:21+00:00,checkout-api-6d1a1,checkout-api,0,291.14,0.3791,0,
checkout-api-6d1a1_322,2026-07-13T09:05:22+00:00,checkout-api-6d1a1,checkout-api,0,295.42,0.3847,0,
checkout-api-6d1a1_323,2026-07-13T09:05:23+00:00,checkout-api-6d1a1,checkout-api,0,312.77,0.4073,0,
checkout-api-6d1a1_324,2026-07-13T09:05:24+00:00,checkout-api-6d1a1,checkout-api,0,299.78,0.3903,0,
checkout-api-6d1a1_325,2026-07-13T09:05:25+00:00,checkout-api-6d1a1,checkout-api,0,316.05,0.4115,0,
checkout-api-6d1a1_326,2026-07-13T09:05:26+00:00,checkout-api-6d1a1,checkout-api,0,301.99,0.3932,0,
checkout-api-6d1a1_327,2026-07-13T09:05:27+00:00,checkout-api-6d1a1,checkout-api,0,297.32,0.3871,0,
checkout-api-6d1a1_328,2026-07-13T09:05:28+00:00,checkout-api-6d1a1,checkout-api,0,306.21,0.3987,0,
checkout-api-6d1a1_329,2026-07-13T09:05:29+00:00,checkout-api-6d1a1,checkout-api,0,303.68,0.3954,0,
checkout-api-6d1a1_330,2026-07-13T09:05:30+00:00,checkout-api-6d1a1,checkout-api,0,295.69,0.385,0,
checkout-api-6d1a1_331,2026-07-13T09:05:31+00:00,checkout-api-6d1a1,checkout-api,0,304.1,0.396,0,
checkout-api-6d1a1_332,2026-07-13T09:05:32+00:00,checkout-api-6d1a1,checkout-api,0,299.2,0.3896,0,
checkout-api-6d1a1_333,2026-07-13T09:05:33+00:00,checkout-api-6d1a1,checkout-api,0,298.8,0.3891,0,
checkout-api-6d1a1_334,2026-07-13T09:05:34+00:00,checkout-api-6d1a1,checkout-api,0,301.5,0.3926,0,
checkout-api-6d1a1_335,2026-07-13T09:05:35+00:00,checkout-api-6d1a1,checkout-api,0,291.85,0.38,0,
checkout-api-6d1a1_336,2026-07-13T09:05:36+00:00,checkout-api-6d1a1,checkout-api,0,294.94,0.384,0,
checkout-api-6d1a1_337,2026-07-13T09:05:37+00:00,checkout-api-6d1a1,checkout-api,0,291.32,0.3793,0,
checkout-api-6d1a1_338,2026-07-13T09:05:38+00:00,checkout-api-6d1a1,checkout-api,0,299.68,0.3902,0,
checkout-api-6d1a1_339,2026-07-13T09:05:39+00:00,checkout-api-6d1a1,checkout-api,0,285.09,0.3712,0,
checkout-api-6d1a1_340,2026-07-13T09:05:40+00:00,checkout-api-6d1a1,checkout-api,0,312.53,0.4069,0,
checkout-api-6d1a1_341,2026-07-13T09:05:41+00:00,checkout-api-6d1a1,checkout-api,0,299.98,0.3906,0,
checkout-api-6d1a1_342,2026-07-13T09:05:42+00:00,checkout-api-6d1a1,checkout-api,0,298.83,0.3891,0,
checkout-api-6d1a1_343,2026-07-13T09:05:43+00:00,checkout-api-6d1a1,checkout-api,0,285.83,0.3722,0,
checkout-api-6d1a1_344,2026-07-13T09:05:44+00:00,checkout-api-6d1a1,checkout-api,0,305.37,0.3976,0,
checkout-api-6d1a1_345,2026-07-13T09:05:45+00:00,checkout-api-6d1a1,checkout-api,0,301.43,0.3925,0,
checkout-api-6d1a1_346,2026-07-13T09:05:46+00:00,checkout-api-6d1a1,checkout-api,0,299.63,0.3901,0,
checkout-api-6d1a1_347,2026-07-13T09:05:47+00:00,checkout-api-6d1a1,checkout-api,0,291.4,0.3794,0,
checkout-api-6d1a1_348,2026-07-13T09:05:48+00:00,checkout-api-6d1a1,checkout-api,0,289.42,0.3768,0,
checkout-api-6d1a1_349,2026-07-13T09:05:49+00:00,checkout-api-6d1a1,checkout-api,0,302.69,0.3941,0,
checkout-api-6d1a1_350,2026-07-13T09:05:50+00:00,checkout-api-6d1a1,checkout-api,0,305.59,0.3979,0,
checkout-api-6d1a1_351,2026-07-13T09:05:51+00:00,checkout-api-6d1a1,checkout-api,0,296.98,0.3867,0,
checkout-api-6d1a1_352,2026-07-13T09:05:52+00:00,checkout-api-6d1a1,checkout-api,0,308.27,0.4014,0,
checkout-api-6d1a1_353,2026-07-13T09:05:53+00:00,checkout-api-6d1a1,checkout-api,0,306.76,0.3994,0,
checkout-api-6d1a1_354,2026-07-13T09:05:54+00:00,checkout-api-6d1a1,checkout-api,0,300.9,0.3918,0,
checkout-api-6d1a1_355,2026-07-13T09:05:55+00:00,checkout-api-6d1a1,checkout-api,0,309.55,0.4031,0,
checkout-api-6d1a1_356,2026-07-13T09:05:56+00:00,checkout-api-6d1a1,checkout-api,0,303.48,0.3952,0,
checkout-api-6d1a1_357,2026-07-13T09:05:57+00:00,checkout-api-6d1a1,checkout-api,0,297.39,0.3872,0,
checkout-api-6d1a1_358,2026-07-13T09:05:58+00:00,checkout-api-6d1a1,checkout-api,0,295.0,0.3841,0,
checkout-api-6d1a1_359,2026-07-13T09:05:59+00:00,checkout-api-6d1a1,checkout-api,0,302.86,0.3943,0,
checkout-api-6d1a1_360,2026-07-13T09:06:00+00:00,checkout-api-6d1a1,checkout-api,0,310.66,0.4045,0,
checkout-api-6d1a1_361,2026-07-13T09:06:01+00:00,checkout-api-6d1a1,checkout-api,0,285.85,0.3722,0,
checkout-api-6d1a1_362,2026-07-13T09:06:02+00:00,checkout-api-6d1a1,checkout-api,0,287.94,0.3749,0,
checkout-api-6d1a1_363,2026-07-13T09:06:03+00:00,checkout-api-6d1a1,checkout-api,0,307.37,0.4002,0,
checkout-api-6d1a1_364,2026-07-13T09:06:04+00:00,checkout-api-6d1a1,checkout-api,0,298.95,0.3893,0,
checkout-api-6d1a1_365,2026-07-13T09:06:05+00:00,checkout-api-6d1a1,checkout-api,0,306.01,0.3985,0,
checkout-api-6d1a1_366,2026-07-13T09:06:06+00:00,checkout-api-6d1a1,checkout-api,0,314.52,0.4095,0,
checkout-api-6d1a1_367,2026-07-13T09:06:07+00:00,checkout-api-6d1a1,checkout-api,0,295.68,0.385,0,
checkout-api-6d1a1_368,2026-07-13T09:06:08+00:00,checkout-api-6d1a1,checkout-api,0,309.17,0.4026,0,
checkout-api-6d1a1_369,2026-07-13T09:06:09+00:00,checkout-api-6d1a1,checkout-api,0,306.24,0.3987,0,
checkout-api-6d1a1_370,2026-07-13T09:06:10+00:00,checkout-api-6d1a1,checkout-api,0,292.1,0.3803,0,
checkout-api-6d1a1_371,2026-07-13T09:06:11+00:00,checkout-api-6d1a1,checkout-api,0,313.23,0.4079,0,
checkout-api-6d1a1_372,2026-07-13T09:06:12+00:00,checkout-api-6d1a1,checkout-api,0,293.54,0.3822,0,
checkout-api-6d1a1_373,2026-07-13T09:06:13+00:00,checkout-api-6d1a1,checkout-api,0,314.04,0.4089,0,
checkout-api-6d1a1_374,2026-07-13T09:06:14+00:00,checkout-api-6d1a1,checkout-api,0,305.48,0.3978,0,
checkout-api-6d1a1_375,2026-07-13T09:06:15+00:00,checkout-api-6d1a1,checkout-api,0,290.55,0.3783,0,
checkout-api-6d1a1_376,2026-07-13T09:06:16+00:00,checkout-api-6d1a1,checkout-api,0,293.71,0.3824,0,
checkout-api-6d1a1_377,2026-07-13T09:06:17+00:00,checkout-api-6d1a1,checkout-api,0,303.56,0.3953,0,
checkout-api-6d1a1_378,2026-07-13T09:06:18+00:00,checkout-api-6d1a1,checkout-api,0,310.4,0.4042,0,
checkout-api-6d1a1_379,2026-07-13T09:06:19+00:00,checkout-api-6d1a1,checkout-api,0,295.01,0.3841,0,
checkout-api-6d1a1_380,2026-07-13T09:06:20+00:00,checkout-api-6d1a1,checkout-api,0,301.18,0.3922,0,
checkout-api-6d1a1_381,2026-07-13T09:06:21+00:00,checkout-api-6d1a1,checkout-api,0,299.73,0.3903,0,
checkout-api-6d1a1_382,2026-07-13T09:06:22+00:00,checkout-api-6d1a1,checkout-api,0,302.22,0.3935,0,
checkout-api-6d1a1_383,2026-07-13T09:06:23+00:00,checkout-api-6d1a1,checkout-api,0,292.46,0.3808,0,
checkout-api-6d1a1_384,2026-07-13T09:06:24+00:00,checkout-api-6d1a1,checkout-api,0,307.39,0.4002,0,
checkout-api-6d1a1_385,2026-07-13T09:06:25+00:00,checkout-api-6d1a1,checkout-api,0,287.16,0.3739,0,
checkout-api-6d1a1_386,2026-07-13T09:06:26+00:00,checkout-api-6d1a1,checkout-api,0,298.22,0.3883,0,
checkout-api-6d1a1_387,2026-07-13T09:06:27+00:00,checkout-api-6d1a1,checkout-api,0,294.12,0.383,0,
checkout-api-6d1a1_388,2026-07-13T09:06:28+00:00,checkout-api-6d1a1,checkout-api,0,310.8,0.4047,0,
checkout-api-6d1a1_389,2026-07-13T09:06:29+00:00,checkout-api-6d1a1,checkout-api,0,305.2,0.3974,0,
checkout-api-6d1a1_390,2026-07-13T09:06:30+00:00,checkout-api-6d1a1,checkout-api,0,293.44,0.3821,0,
checkout-api-6d1a1_391,2026-07-13T09:06:31+00:00,checkout-api-6d1a1,checkout-api,0,301.66,0.3928,0,
checkout-api-6d1a1_392,2026-07-13T09:06:32+00:00,checkout-api-6d1a1,checkout-api,0,308.04,0.4011,0,
checkout-api-6d1a1_393,2026-07-13T09:06:33+00:00,checkout-api-6d1a1,checkout-api,0,313.07,0.4076,0,
checkout-api-6d1a1_394,2026-07-13T09:06:34+00:00,checkout-api-6d1a1,checkout-api,0,315.17,0.4104,0,
checkout-api-6d1a1_395,2026-07-13T09:06:35+00:00,checkout-api-6d1a1,checkout-api,0,297.72,0.3877,0,
checkout-api-6d1a1_396,2026-07-13T09:06:36+00:00,checkout-api-6d1a1,checkout-api,0,307.51,0.4004,0,
checkout-api-6d1a1_397,2026-07-13T09:06:37+00:00,checkout-api-6d1a1,checkout-api,0,296.17,0.3856,0,
checkout-api-6d1a1_398,2026-07-13T09:06:38+00:00,checkout-api-6d1a1,checkout-api,0,288.99,0.3763,0,
checkout-api-6d1a1_399,2026-07-13T09:06:39+00:00,checkout-api-6d1a1,checkout-api,0,311.79,0.406,0,
checkout-api-6d1a1_400,2026-07-13T09:06:40+00:00,checkout-api-6d1a1,checkout-api,0,288.8,0.376,0,
checkout-api-6d1a1_401,2026-07-13T09:06:41+00:00,checkout-api-6d1a1,checkout-api,0,305.63,0.398,0,
checkout-api-6d1a1_402,2026-07-13T09:06:42+00:00,checkout-api-6d1a1,checkout-api,0,310.48,0.4043,0,
checkout-api-6d1a1_403,2026-07-13T09:06:43+00:00,checkout-api-6d1a1,checkout-api,0,303.75,0.3955,0,
checkout-api-6d1a1_404,2026-07-13T09:06:44+00:00,checkout-api-6d1a1,checkout-api,0,297.56,0.3874,0,
checkout-api-6d1a1_405,2026-07-13T09:06:45+00:00,checkout-api-6d1a1,checkout-api,0,310.39,0.4042,0,
checkout-api-6d1a1_406,2026-07-13T09:06:46+00:00,checkout-api-6d1a1,checkout-api,0,298.76,0.389,0,
checkout-api-6d1a1_407,2026-07-13T09:06:47+00:00,checkout-api-6d1a1,checkout-api,0,293.82,0.3826,0,
checkout-api-6d1a1_408,2026-07-13T09:06:48+00:00,checkout-api-6d1a1,checkout-api,0,299.99,0.3906,0,
checkout-api-6d1a1_409,2026-07-13T09:06:49+00:00,checkout-api-6d1a1,checkout-api,0,305.11,0.3973,0,
checkout-api-6d1a1_410,2026-07-13T09:06:50+00:00,checkout-api-6d1a1,checkout-api,0,300.88,0.3918,0,
checkout-api-6d1a1_411,2026-07-13T09:06:51+00:00,checkout-api-6d1a1,checkout-api,0,302.77,0.3942,0,
checkout-api-6d1a1_412,2026-07-13T09:06:52+00:00,checkout-api-6d1a1,checkout-api,0,291.97,0.3802,0,
checkout-api-6d1a1_413,2026-07-13T09:06:53+00:00,checkout-api-6d1a1,checkout-api,0,290.11,0.3777,0,
checkout-api-6d1a1_414,2026-07-13T09:06:54+00:00,checkout-api-6d1a1,checkout-api,0,301.34,0.3924,0,
checkout-api-6d1a1_415,2026-07-13T09:06:55+00:00,checkout-api-6d1a1,checkout-api,0,295.69,0.385,0,
checkout-api-6d1a1_416,2026-07-13T09:06:56+00:00,checkout-api-6d1a1,checkout-api,0,293.27,0.3819,0,
checkout-api-6d1a1_417,2026-07-13T09:06:57+00:00,checkout-api-6d1a1,checkout-api,0,304.21,0.3961,0,
checkout-api-6d1a1_418,2026-07-13T09:06:58+00:00,checkout-api-6d1a1,checkout-api,0,308.93,0.4023,0,
checkout-api-6d1a1_419,2026-07-13T09:06:59+00:00,checkout-api-6d1a1,checkout-api,0,300.11,0.3908,0,
checkout-api-6d1a1_420,2026-07-13T09:07:00+00:00,checkout-api-6d1a1,checkout-api,0,304.55,0.3965,0,
checkout-api-6d1a1_421,2026-07-13T09:07:01+00:00,checkout-api-6d1a1,checkout-api,0,298.93,0.3892,0,
checkout-api-6d1a1_422,2026-07-13T09:07:02+00:00,checkout-api-6d1a1,checkout-api,0,291.57,0.3796,0,
checkout-api-6d1a1_423,2026-07-13T09:07:03+00:00,checkout-api-6d1a1,checkout-api,0,298.8,0.3891,0,
checkout-api-6d1a1_424,2026-07-13T09:07:04+00:00,checkout-api-6d1a1,checkout-api,0,291.95,0.3801,0,
checkout-api-6d1a1_425,2026-07-13T09:07:05+00:00,checkout-api-6d1a1,checkout-api,0,299.05,0.3894,0,
checkout-api-6d1a1_426,2026-07-13T09:07:06+00:00,checkout-api-6d1a1,checkout-api,0,287.47,0.3743,0,
checkout-api-6d1a1_427,2026-07-13T09:07:07+00:00,checkout-api-6d1a1,checkout-api,0,296.95,0.3867,0,
checkout-api-6d1a1_428,2026-07-13T09:07:08+00:00,checkout-api-6d1a1,checkout-api,0,301.57,0.3927,0,
checkout-api-6d1a1_429,2026-07-13T09:07:09+00:00,checkout-api-6d1a1,checkout-api,0,301.9,0.3931,0,
checkout-api-6d1a1_430,2026-07-13T09:07:10+00:00,checkout-api-6d1a1,checkout-api,0,290.45,0.3782,0,
checkout-api-6d1a1_431,2026-07-13T09:07:11+00:00,checkout-api-6d1a1,checkout-api,0,294.08,0.3829,0,
checkout-api-6d1a1_432,2026-07-13T09:07:12+00:00,checkout-api-6d1a1,checkout-api,0,294.56,0.3835,0,
checkout-api-6d1a1_433,2026-07-13T09:07:13+00:00,checkout-api-6d1a1,checkout-api,0,291.96,0.3802,0,
checkout-api-6d1a1_434,2026-07-13T09:07:14+00:00,checkout-api-6d1a1,checkout-api,0,291.69,0.3798,0,
checkout-api-6d1a1_435,2026-07-13T09:07:15+00:00,checkout-api-6d1a1,checkout-api,0,305.14,0.3973,0,
checkout-api-6d1a1_436,2026-07-13T09:07:16+00:00,checkout-api-6d1a1,checkout-api,0,312.1,0.4064,0,
checkout-api-6d1a1_437,2026-07-13T09:07:17+00:00,checkout-api-6d1a1,checkout-api,0,314.5,0.4095,0,
checkout-api-6d1a1_438,2026-07-13T09:07:18+00:00,checkout-api-6d1a1,checkout-api,0,291.47,0.3795,0,
checkout-api-6d1a1_439,2026-07-13T09:07:19+00:00,checkout-api-6d1a1,checkout-api,0,298.57,0.3888,0,
checkout-api-6d1a1_440,2026-07-13T09:07:20+00:00,checkout-api-6d1a1,checkout-api,0,316.99,0.4127,0,
checkout-api-6d1a1_441,2026-07-13T09:07:21+00:00,checkout-api-6d1a1,checkout-api,0,287.91,0.3749,0,
checkout-api-6d1a1_442,2026-07-13T09:07:22+00:00,checkout-api-6d1a1,checkout-api,0,316.18,0.4117,0,
checkout-api-6d1a1_443,2026-07-13T09:07:23+00:00,checkout-api-6d1a1,checkout-api,0,295.81,0.3852,0,
checkout-api-6d1a1_444,2026-07-13T09:07:24+00:00,checkout-api-6d1a1,checkout-api,0,300.89,0.3918,0,
checkout-api-6d1a1_445,2026-07-13T09:07:25+00:00,checkout-api-6d1a1,checkout-api,0,270.76,0.3526,0,
checkout-api-6d1a1_446,2026-07-13T09:07:26+00:00,checkout-api-6d1a1,checkout-api,0,301.61,0.3927,0,
checkout-api-6d1a1_447,2026-07-13T09:07:27+00:00,checkout-api-6d1a1,checkout-api,0,304.37,0.3963,0,
checkout-api-6d1a1_448,2026-07-13T09:07:28+00:00,checkout-api-6d1a1,checkout-api,0,297.62,0.3875,0,
checkout-api-6d1a1_449,2026-07-13T09:07:29+00:00,checkout-api-6d1a1,checkout-api,0,296.09,0.3855,0,
checkout-api-6d1a1_450,2026-07-13T09:07:30+00:00,checkout-api-6d1a1,checkout-api,0,301.78,0.3929,0,
checkout-api-6d1a1_451,2026-07-13T09:07:31+00:00,checkout-api-6d1a1,checkout-api,0,296.35,0.3859,0,
checkout-api-6d1a1_452,2026-07-13T09:07:32+00:00,checkout-api-6d1a1,checkout-api,0,310.72,0.4046,0,
checkout-api-6d1a1_453,2026-07-13T09:07:33+00:00,checkout-api-6d1a1,checkout-api,0,289.8,0.3773,0,
checkout-api-6d1a1_454,2026-07-13T09:07:34+00:00,checkout-api-6d1a1,checkout-api,0,296.8,0.3865,0,
checkout-api-6d1a1_455,2026-07-13T09:07:35+00:00,checkout-api-6d1a1,checkout-api,0,312.48,0.4069,0,
checkout-api-6d1a1_456,2026-07-13T09:07:36+00:00,checkout-api-6d1a1,checkout-api,0,303.32,0.3949,0,
checkout-api-6d1a1_457,2026-07-13T09:07:37+00:00,checkout-api-6d1a1,checkout-api,0,281.58,0.3666,0,
checkout-api-6d1a1_458,2026-07-13T09:07:38+00:00,checkout-api-6d1a1,checkout-api,0,291.76,0.3799,0,
checkout-api-6d1a1_459,2026-07-13T09:07:39+00:00,checkout-api-6d1a1,checkout-api,0,305.76,0.3981,0,
checkout-api-6d1a1_460,2026-07-13T09:07:40+00:00,checkout-api-6d1a1,checkout-api,0,307.21,0.4,0,
checkout-api-6d1a1_461,2026-07-13T09:07:41+00:00,checkout-api-6d1a1,checkout-api,0,289.33,0.3767,0,
checkout-api-6d1a1_462,2026-07-13T09:07:42+00:00,checkout-api-6d1a1,checkout-api,0,289.24,0.3766,0,
checkout-api-6d1a1_463,2026-07-13T09:07:43+00:00,checkout-api-6d1a1,checkout-api,0,295.07,0.3842,0,
checkout-api-6d1a1_464,2026-07-13T09:07:44+00:00,checkout-api-6d1a1,checkout-api,0,295.42,0.3847,0,
checkout-api-6d1a1_465,2026-07-13T09:07:45+00:00,checkout-api-6d1a1,checkout-api,0,300.23,0.3909,0,
checkout-api-6d1a1_466,2026-07-13T09:07:46+00:00,checkout-api-6d1a1,checkout-api,0,310.74,0.4046,0,
checkout-api-6d1a1_467,2026-07-13T09:07:47+00:00,checkout-api-6d1a1,checkout-api,0,298.31,0.3884,0,
checkout-api-6d1a1_468,2026-07-13T09:07:48+00:00,checkout-api-6d1a1,checkout-api,0,295.92,0.3853,0,
checkout-api-6d1a1_469,2026-07-13T09:07:49+00:00,checkout-api-6d1a1,checkout-api,0,298.48,0.3886,0,
checkout-api-6d1a1_470,2026-07-13T09:07:50+00:00,checkout-api-6d1a1,checkout-api,0,295.7,0.385,0,
checkout-api-6d1a1_471,2026-07-13T09:07:51+00:00,checkout-api-6d1a1,checkout-api,0,305.75,0.3981,0,
checkout-api-6d1a1_472,2026-07-13T09:07:52+00:00,checkout-api-6d1a1,checkout-api,0,286.72,0.3733,0,
checkout-api-6d1a1_473,2026-07-13T09:07:53+00:00,checkout-api-6d1a1,checkout-api,0,302.32,0.3936,0,
checkout-api-6d1a1_474,2026-07-13T09:07:54+00:00,checkout-api-6d1a1,checkout-api,0,312.42,0.4068,0,
checkout-api-6d1a1_475,2026-07-13T09:07:55+00:00,checkout-api-6d1a1,checkout-api,0,304.21,0.3961,0,
checkout-api-6d1a1_476,2026-07-13T09:07:56+00:00,checkout-api-6d1a1,checkout-api,0,317.64,0.4136,0,
checkout-api-6d1a1_477,2026-07-13T09:07:57+00:00,checkout-api-6d1a1,checkout-api,0,292.51,0.3809,0,
checkout-api-6d1a1_478,2026-07-13T09:07:58+00:00,checkout-api-6d1a1,checkout-api,0,282.25,0.3675,0,
checkout-api-6d1a1_479,2026-07-13T09:07:59+00:00,checkout-api-6d1a1,checkout-api,0,297.4,0.3872,0,
checkout-api-6d1a1_480,2026-07-13T09:08:00+00:00,checkout-api-6d1a1,checkout-api,0,312.85,0.4074,0,
checkout-api-6d1a1_481,2026-07-13T09:08:01+00:00,checkout-api-6d1a1,checkout-api,0,306.36,0.3989,0,
checkout-api-6d1a1_482,2026-07-13T09:08:02+00:00,checkout-api-6d1a1,checkout-api,0,301.21,0.3922,0,
checkout-api-6d1a1_483,2026-07-13T09:08:03+00:00,checkout-api-6d1a1,checkout-api,0,308.21,0.4013,0,
checkout-api-6d1a1_484,2026-07-13T09:08:04+00:00,checkout-api-6d1a1,checkout-api,0,297.93,0.3879,0,
checkout-api-6d1a1_485,2026-07-13T09:08:05+00:00,checkout-api-6d1a1,checkout-api,0,293.83,0.3826,0,
checkout-api-6d1a1_486,2026-07-13T09:08:06+00:00,checkout-api-6d1a1,checkout-api,0,293.0,0.3815,0,
checkout-api-6d1a1_487,2026-07-13T09:08:07+00:00,checkout-api-6d1a1,checkout-api,0,305.16,0.3973,0,
checkout-api-6d1a1_488,2026-07-13T09:08:08+00:00,checkout-api-6d1a1,checkout-api,0,295.55,0.3848,0,
checkout-api-6d1a1_489,2026-07-13T09:08:09+00:00,checkout-api-6d1a1,checkout-api,0,290.62,0.3784,0,
checkout-api-6d1a1_490,2026-07-13T09:08:10+00:00,checkout-api-6d1a1,checkout-api,0,305.88,0.3983,0,
checkout-api-6d1a1_491,2026-07-13T09:08:11+00:00,checkout-api-6d1a1,checkout-api,0,296.57,0.3862,0,
checkout-api-6d1a1_492,2026-07-13T09:08:12+00:00,checkout-api-6d1a1,checkout-api,0,300.11,0.3908,0,
checkout-api-6d1a1_493,2026-07-13T09:08:13+00:00,checkout-api-6d1a1,checkout-api,0,311.26,0.4053,0,
checkout-api-6d1a1_494,2026-07-13T09:08:14+00:00,checkout-api-6d1a1,checkout-api,0,303.01,0.3945,0,
checkout-api-6d1a1_495,2026-07-13T09:08:15+00:00,checkout-api-6d1a1,checkout-api,0,312.65,0.4071,0,
checkout-api-6d1a1_496,2026-07-13T09:08:16+00:00,checkout-api-6d1a1,checkout-api,0,306.74,0.3994,0,
checkout-api-6d1a1_497,2026-07-13T09:08:17+00:00,checkout-api-6d1a1,checkout-api,0,293.22,0.3818,0,
checkout-api-6d1a1_498,2026-07-13T09:08:18+00:00,checkout-api-6d1a1,checkout-api,0,296.29,0.3858,0,
checkout-api-6d1a1_499,2026-07-13T09:08:19+00:00,checkout-api-6d1a1,checkout-api,0,290.19,0.3779,0,
checkout-api-6d1a1_500,2026-07-13T09:08:20+00:00,checkout-api-6d1a1,checkout-api,0,308.09,0.4012,0,
checkout-api-6d1a1_501,2026-07-13T09:08:21+00:00,checkout-api-6d1a1,checkout-api,0,295.52,0.3848,0,
checkout-api-6d1a1_502,2026-07-13T09:08:22+00:00,checkout-api-6d1a1,checkout-api,0,313.1,0.4077,0,
checkout-api-6d1a1_503,2026-07-13T09:08:23+00:00,checkout-api-6d1a1,checkout-api,0,280.33,0.365,0,
checkout-api-6d1a1_504,2026-07-13T09:08:24+00:00,checkout-api-6d1a1,checkout-api,0,301.05,0.392,0,
checkout-api-6d1a1_505,2026-07-13T09:08:25+00:00,checkout-api-6d1a1,checkout-api,0,277.7,0.3616,0,
checkout-api-6d1a1_506,2026-07-13T09:08:26+00:00,checkout-api-6d1a1,checkout-api,0,292.7,0.3811,0,
checkout-api-6d1a1_507,2026-07-13T09:08:27+00:00,checkout-api-6d1a1,checkout-api,0,300.41,0.3912,0,
checkout-api-6d1a1_508,2026-07-13T09:08:28+00:00,checkout-api-6d1a1,checkout-api,0,306.15,0.3986,0,
checkout-api-6d1a1_509,2026-07-13T09:08:29+00:00,checkout-api-6d1a1,checkout-api,0,298.14,0.3882,0,
checkout-api-6d1a1_510,2026-07-13T09:08:30+00:00,checkout-api-6d1a1,checkout-api,0,303.6,0.3953,0,
checkout-api-6d1a1_511,2026-07-13T09:08:31+00:00,checkout-api-6d1a1,checkout-api,0,296.07,0.3855,0,
checkout-api-6d1a1_512,2026-07-13T09:08:32+00:00,checkout-api-6d1a1,checkout-api,0,302.04,0.3933,0,
checkout-api-6d1a1_513,2026-07-13T09:08:33+00:00,checkout-api-6d1a1,checkout-api,0,304.16,0.396,0,
checkout-api-6d1a1_514,2026-07-13T09:08:34+00:00,checkout-api-6d1a1,checkout-api,0,304.4,0.3964,0,
checkout-api-6d1a1_515,2026-07-13T09:08:35+00:00,checkout-api-6d1a1,checkout-api,0,297.79,0.3877,0,
checkout-api-6d1a1_516,2026-07-13T09:08:36+00:00,checkout-api-6d1a1,checkout-api,0,305.25,0.3975,0,
checkout-api-6d1a1_517,2026-07-13T09:08:37+00:00,checkout-api-6d1a1,checkout-api,0,309.94,0.4036,0,
checkout-api-6d1a1_518,2026-07-13T09:08:38+00:00,checkout-api-6d1a1,checkout-api,0,307.96,0.401,0,
checkout-api-6d1a1_519,2026-07-13T09:08:39+00:00,checkout-api-6d1a1,checkout-api,0,303.11,0.3947,0,
checkout-api-6d1a1_520,2026-07-13T09:08:40+00:00,checkout-api-6d1a1,checkout-api,0,297.13,0.3869,0,
checkout-api-6d1a1_521,2026-07-13T09:08:41+00:00,checkout-api-6d1a1,checkout-api,0,306.92,0.3996,0,
checkout-api-6d1a1_522,2026-07-13T09:08:42+00:00,checkout-api-6d1a1,checkout-api,0,308.49,0.4017,0,
checkout-api-6d1a1_523,2026-07-13T09:08:43+00:00,checkout-api-6d1a1,checkout-api,0,286.01,0.3724,0,
checkout-api-6d1a1_524,2026-07-13T09:08:44+00:00,checkout-api-6d1a1,checkout-api,0,294.22,0.3831,0,
checkout-api-6d1a1_525,2026-07-13T09:08:45+00:00,checkout-api-6d1a1,checkout-api,0,307.48,0.4004,0,
checkout-api-6d1a1_526,2026-07-13T09:08:46+00:00,checkout-api-6d1a1,checkout-api,0,289.83,0.3774,0,
checkout-api-6d1a1_527,2026-07-13T09:08:47+00:00,checkout-api-6d1a1,checkout-api,0,292.93,0.3814,0,
checkout-api-6d1a1_528,2026-07-13T09:08:48+00:00,checkout-api-6d1a1,checkout-api,0,306.64,0.3993,0,
checkout-api-6d1a1_529,2026-07-13T09:08:49+00:00,checkout-api-6d1a1,checkout-api,0,303.71,0.3955,0,
checkout-api-6d1a1_530,2026-07-13T09:08:50+00:00,checkout-api-6d1a1,checkout-api,0,285.88,0.3722,0,
checkout-api-6d1a1_531,2026-07-13T09:08:51+00:00,checkout-api-6d1a1,checkout-api,0,289.75,0.3773,0,
checkout-api-6d1a1_532,2026-07-13T09:08:52+00:00,checkout-api-6d1a1,checkout-api,0,282.04,0.3672,0,
checkout-api-6d1a1_533,2026-07-13T09:08:53+00:00,checkout-api-6d1a1,checkout-api,0,285.29,0.3715,0,
checkout-api-6d1a1_534,2026-07-13T09:08:54+00:00,checkout-api-6d1a1,checkout-api,0,303.52,0.3952,0,
checkout-api-6d1a1_535,2026-07-13T09:08:55+00:00,checkout-api-6d1a1,checkout-api,0,290.37,0.3781,0,
checkout-api-6d1a1_536,2026-07-13T09:08:56+00:00,checkout-api-6d1a1,checkout-api,0,293.77,0.3825,0,
checkout-api-6d1a1_537,2026-07-13T09:08:57+00:00,checkout-api-6d1a1,checkout-api,0,297.76,0.3877,0,
checkout-api-6d1a1_538,2026-07-13T09:08:58+00:00,checkout-api-6d1a1,checkout-api,0,302.45,0.3938,0,
checkout-api-6d1a1_539,2026-07-13T09:08:59+00:00,checkout-api-6d1a1,checkout-api,0,306.11,0.3986,0,
checkout-api-6d1a1_540,2026-07-13T09:09:00+00:00,checkout-api-6d1a1,checkout-api,0,315.71,0.4111,0,
checkout-api-6d1a1_541,2026-07-13T09:09:01+00:00,checkout-api-6d1a1,checkout-api,0,299.9,0.3905,0,
checkout-api-6d1a1_542,2026-07-13T09:09:02+00:00,checkout-api-6d1a1,checkout-api,0,303.15,0.3947,0,
checkout-api-6d1a1_543,2026-07-13T09:09:03+00:00,checkout-api-6d1a1,checkout-api,0,293.5,0.3822,0,
checkout-api-6d1a1_544,2026-07-13T09:09:04+00:00,checkout-api-6d1a1,checkout-api,0,310.36,0.4041,0,
checkout-api-6d1a1_545,2026-07-13T09:09:05+00:00,checkout-api-6d1a1,checkout-api,0,289.5,0.377,0,
checkout-api-6d1a1_546,2026-07-13T09:09:06+00:00,checkout-api-6d1a1,checkout-api,0,309.22,0.4026,0,
checkout-api-6d1a1_547,2026-07-13T09:09:07+00:00,checkout-api-6d1a1,checkout-api,0,310.69,0.4045,0,
checkout-api-6d1a1_548,2026-07-13T09:09:08+00:00,checkout-api-6d1a1,checkout-api,0,304.44,0.3964,0,
checkout-api-6d1a1_549,2026-07-13T09:09:09+00:00,checkout-api-6d1a1,checkout-api,0,306.48,0.3991,0,
checkout-api-6d1a1_550,2026-07-13T09:09:10+00:00,checkout-api-6d1a1,checkout-api,0,305.39,0.3976,0,
checkout-api-6d1a1_551,2026-07-13T09:09:11+00:00,checkout-api-6d1a1,checkout-api,0,293.99,0.3828,0,
checkout-api-6d1a1_552,2026-07-13T09:09:12+00:00,checkout-api-6d1a1,checkout-api,0,302.7,0.3941,0,
checkout-api-6d1a1_553,2026-07-13T09:09:13+00:00,checkout-api-6d1a1,checkout-api,0,304.09,0.396,0,
checkout-api-6d1a1_554,2026-07-13T09:09:14+00:00,checkout-api-6d1a1,checkout-api,0,293.18,0.3817,0,
checkout-api-6d1a1_555,2026-07-13T09:09:15+00:00,checkout-api-6d1a1,checkout-api,0,297.17,0.3869,0,
checkout-api-6d1a1_556,2026-07-13T09:09:16+00:00,checkout-api-6d1a1,checkout-api,0,302.63,0.394,0,
checkout-api-6d1a1_557,2026-07-13T09:09:17+00:00,checkout-api-6d1a1,checkout-api,0,309.52,0.403,0,
checkout-api-6d1a1_558,2026-07-13T09:09:18+00:00,checkout-api-6d1a1,checkout-api,0,302.0,0.3932,0,
checkout-api-6d1a1_559,2026-07-13T09:09:19+00:00,checkout-api-6d1a1,checkout-api,0,307.48,0.4004,0,
checkout-api-6d1a1_560,2026-07-13T09:09:20+00:00,checkout-api-6d1a1,checkout-api,0,302.59,0.394,0,
checkout-api-6d1a1_561,2026-07-13T09:09:21+00:00,checkout-api-6d1a1,checkout-api,0,295.17,0.3843,0,
checkout-api-6d1a1_562,2026-07-13T09:09:22+00:00,checkout-api-6d1a1,checkout-api,0,292.95,0.3814,0,
checkout-api-6d1a1_563,2026-07-13T09:09:23+00:00,checkout-api-6d1a1,checkout-api,0,299.35,0.3898,0,
checkout-api-6d1a1_564,2026-07-13T09:09:24+00:00,checkout-api-6d1a1,checkout-api,0,290.78,0.3786,0,
checkout-api-6d1a1_565,2026-07-13T09:09:25+00:00,checkout-api-6d1a1,checkout-api,0,295.94,0.3853,0,
checkout-api-6d1a1_566,2026-07-13T09:09:26+00:00,checkout-api-6d1a1,checkout-api,0,302.89,0.3944,0,
checkout-api-6d1a1_567,2026-07-13T09:09:27+00:00,checkout-api-6d1a1,checkout-api,0,299.7,0.3902,0,
checkout-api-6d1a1_568,2026-07-13T09:09:28+00:00,checkout-api-6d1a1,checkout-api,0,287.95,0.3749,0,
checkout-api-6d1a1_569,2026-07-13T09:09:29+00:00,checkout-api-6d1a1,checkout-api,0,298.89,0.3892,0,
checkout-api-6d1a1_570,2026-07-13T09:09:30+00:00,checkout-api-6d1a1,checkout-api,0,297.85,0.3878,0,
checkout-api-6d1a1_571,2026-07-13T09:09:31+00:00,checkout-api-6d1a1,checkout-api,0,298.88,0.3892,0,
checkout-api-6d1a1_572,2026-07-13T09:09:32+00:00,checkout-api-6d1a1,checkout-api,0,306.98,0.3997,0,
checkout-api-6d1a1_573,2026-07-13T09:09:33+00:00,checkout-api-6d1a1,checkout-api,0,310.87,0.4048,0,
checkout-api-6d1a1_574,2026-07-13T09:09:34+00:00,checkout-api-6d1a1,checkout-api,0,302.93,0.3944,0,
checkout-api-6d1a1_575,2026-07-13T09:09:35+00:00,checkout-api-6d1a1,checkout-api,0,294.14,0.383,0,
checkout-api-6d1a1_576,2026-07-13T09:09:36+00:00,checkout-api-6d1a1,checkout-api,0,289.06,0.3764,0,
checkout-api-6d1a1_577,2026-07-13T09:09:37+00:00,checkout-api-6d1a1,checkout-api,0,296.33,0.3858,0,
checkout-api-6d1a1_578,2026-07-13T09:09:38+00:00,checkout-api-6d1a1,checkout-api,0,294.42,0.3834,0,
checkout-api-6d1a1_579,2026-07-13T09:09:39+00:00,checkout-api-6d1a1,checkout-api,0,297.69,0.3876,0,
checkout-api-6d1a1_580,2026-07-13T09:09:40+00:00,checkout-api-6d1a1,checkout-api,0,293.17,0.3817,0,
checkout-api-6d1a1_581,2026-07-13T09:09:41+00:00,checkout-api-6d1a1,checkout-api,0,300.2,0.3909,0,
checkout-api-6d1a1_582,2026-07-13T09:09:42+00:00,checkout-api-6d1a1,checkout-api,0,316.44,0.412,0,
checkout-api-6d1a1_583,2026-07-13T09:09:43+00:00,checkout-api-6d1a1,checkout-api,0,301.64,0.3928,0,
checkout-api-6d1a1_584,2026-07-13T09:09:44+00:00,checkout-api-6d1a1,checkout-api,0,295.25,0.3844,0,
checkout-api-6d1a1_585,2026-07-13T09:09:45+00:00,checkout-api-6d1a1,checkout-api,0,301.66,0.3928,0,
checkout-api-6d1a1_586,2026-07-13T09:09:46+00:00,checkout-api-6d1a1,checkout-api,0,314.77,0.4099,0,
checkout-api-6d1a1_587,2026-07-13T09:09:47+00:00,checkout-api-6d1a1,checkout-api,0,296.11,0.3856,0,
checkout-api-6d1a1_588,2026-07-13T09:09:48+00:00,checkout-api-6d1a1,checkout-api,0,306.85,0.3995,0,
checkout-api-6d1a1_589,2026-07-13T09:09:49+00:00,checkout-api-6d1a1,checkout-api,0,286.77,0.3734,0,
checkout-api-6d1a1_590,2026-07-13T09:09:50+00:00,checkout-api-6d1a1,checkout-api,0,294.12,0.383,0,
checkout-api-6d1a1_591,2026-07-13T09:09:51+00:00,checkout-api-6d1a1,checkout-api,0,304.23,0.3961,0,
checkout-api-6d1a1_592,2026-07-13T09:09:52+00:00,checkout-api-6d1a1,checkout-api,0,302.21,0.3935,0,
checkout-api-6d1a1_593,2026-07-13T09:09:53+00:00,checkout-api-6d1a1,checkout-api,0,298.51,0.3887,0,
checkout-api-6d1a1_594,2026-07-13T09:09:54+00:00,checkout-api-6d1a1,checkout-api,0,304.53,0.3965,0,
checkout-api-6d1a1_595,2026-07-13T09:09:55+00:00,checkout-api-6d1a1,checkout-api,0,306.15,0.3986,0,
checkout-api-6d1a1_596,2026-07-13T09:09:56+00:00,checkout-api-6d1a1,checkout-api,0,290.12,0.3778,0,
checkout-api-6d1a1_597,2026-07-13T09:09:57+00:00,checkout-api-6d1a1,checkout-api,0,295.69,0.385,0,
checkout-api-6d1a1_598,2026-07-13T09:09:58+00:00,checkout-api-6d1a1,checkout-api,0,294.03,0.3829,0,
checkout-api-6d1a1_599,2026-07-13T09:09:59+00:00,checkout-api-6d1a1,checkout-api,0,288.09,0.3751,0,
checkout-api-6d1a1_600,2026-07-13T09:10:00+00:00,checkout-api-6d1a1,checkout-api,0,297.26,0.3871,0,
checkout-api-6d1a1_601,2026-07-13T09:10:01+00:00,checkout-api-6d1a1,checkout-api,0,309.11,0.4025,0,
checkout-api-6d1a1_602,2026-07-13T09:10:02+00:00,checkout-api-6d1a1,checkout-api,0,314.57,0.4096,0,
checkout-api-6d1a1_603,2026-07-13T09:10:03+00:00,checkout-api-6d1a1,checkout-api,0,292.36,0.3807,0,
checkout-api-6d1a1_604,2026-07-13T09:10:04+00:00,checkout-api-6d1a1,checkout-api,0,293.27,0.3819,0,
checkout-api-6d1a1_605,2026-07-13T09:10:05+00:00,checkout-api-6d1a1,checkout-api,0,303.87,0.3957,0,
checkout-api-6d1a1_606,2026-07-13T09:10:06+00:00,checkout-api-6d1a1,checkout-api,0,310.63,0.4045,0,
checkout-api-6d1a1_607,2026-07-13T09:10:07+00:00,checkout-api-6d1a1,checkout-api,0,296.64,0.3862,0,
checkout-api-6d1a1_608,2026-07-13T09:10:08+00:00,checkout-api-6d1a1,checkout-api,0,284.15,0.37,0,
checkout-api-6d1a1_609,2026-07-13T09:10:09+00:00,checkout-api-6d1a1,checkout-api,0,297.1,0.3868,0,
checkout-api-6d1a1_610,2026-07-13T09:10:10+00:00,checkout-api-6d1a1,checkout-api,0,306.22,0.3987,0,
checkout-api-6d1a1_611,2026-07-13T09:10:11+00:00,checkout-api-6d1a1,checkout-api,0,292.35,0.3807,0,
checkout-api-6d1a1_612,2026-07-13T09:10:12+00:00,checkout-api-6d1a1,checkout-api,0,289.75,0.3773,0,
checkout-api-6d1a1_613,2026-07-13T09:10:13+00:00,checkout-api-6d1a1,checkout-api,0,296.49,0.3861,0,
checkout-api-6d1a1_614,2026-07-13T09:10:14+00:00,checkout-api-6d1a1,checkout-api,0,302.16,0.3934,0,
checkout-api-6d1a1_615,2026-07-13T09:10:15+00:00,checkout-api-6d1a1,checkout-api,0,298.69,0.3889,0,
checkout-api-6d1a1_616,2026-07-13T09:10:16+00:00,checkout-api-6d1a1,checkout-api,0,293.45,0.3821,0,
checkout-api-6d1a1_617,2026-07-13T09:10:17+00:00,checkout-api-6d1a1,checkout-api,0,291.57,0.3796,0,
checkout-api-6d1a1_618,2026-07-13T09:10:18+00:00,checkout-api-6d1a1,checkout-api,0,304.41,0.3964,0,
checkout-api-6d1a1_619,2026-07-13T09:10:19+00:00,checkout-api-6d1a1,checkout-api,0,300.13,0.3908,0,
checkout-api-6d1a1_620,2026-07-13T09:10:20+00:00,checkout-api-6d1a1,checkout-api,0,282.23,0.3675,0,
checkout-api-6d1a1_621,2026-07-13T09:10:21+00:00,checkout-api-6d1a1,checkout-api,0,288.61,0.3758,0,
checkout-api-6d1a1_622,2026-07-13T09:10:22+00:00,checkout-api-6d1a1,checkout-api,0,304.53,0.3965,0,
checkout-api-6d1a1_623,2026-07-13T09:10:23+00:00,checkout-api-6d1a1,checkout-api,0,308.82,0.4021,0,
checkout-api-6d1a1_624,2026-07-13T09:10:24+00:00,checkout-api-6d1a1,checkout-api,0,298.86,0.3891,0,
checkout-api-6d1a1_625,2026-07-13T09:10:25+00:00,checkout-api-6d1a1,checkout-api,0,304.01,0.3958,0,
checkout-api-6d1a1_626,2026-07-13T09:10:26+00:00,checkout-api-6d1a1,checkout-api,0,295.46,0.3847,0,
checkout-api-6d1a1_627,2026-07-13T09:10:27+00:00,checkout-api-6d1a1,checkout-api,0,283.75,0.3695,0,
checkout-api-6d1a1_628,2026-07-13T09:10:28+00:00,checkout-api-6d1a1,checkout-api,0,300.23,0.3909,0,
checkout-api-6d1a1_629,2026-07-13T09:10:29+00:00,checkout-api-6d1a1,checkout-api,0,299.04,0.3894,0,
checkout-api-6d1a1_630,2026-07-13T09:10:30+00:00,checkout-api-6d1a1,checkout-api,0,292.51,0.3809,0,
checkout-api-6d1a1_631,2026-07-13T09:10:31+00:00,checkout-api-6d1a1,checkout-api,0,287.1,0.3738,0,
checkout-api-6d1a1_632,2026-07-13T09:10:32+00:00,checkout-api-6d1a1,checkout-api,0,293.43,0.3821,0,
checkout-api-6d1a1_633,2026-07-13T09:10:33+00:00,checkout-api-6d1a1,checkout-api,0,300.12,0.3908,0,
checkout-api-6d1a1_634,2026-07-13T09:10:34+00:00,checkout-api-6d1a1,checkout-api,0,308.02,0.4011,0,
checkout-api-6d1a1_635,2026-07-13T09:10:35+00:00,checkout-api-6d1a1,checkout-api,0,295.56,0.3848,0,
checkout-api-6d1a1_636,2026-07-13T09:10:36+00:00,checkout-api-6d1a1,checkout-api,0,310.4,0.4042,0,
checkout-api-6d1a1_637,2026-07-13T09:10:37+00:00,checkout-api-6d1a1,checkout-api,0,290.29,0.378,0,
checkout-api-6d1a1_638,2026-07-13T09:10:38+00:00,checkout-api-6d1a1,checkout-api,0,295.6,0.3849,0,
checkout-api-6d1a1_639,2026-07-13T09:10:39+00:00,checkout-api-6d1a1,checkout-api,0,301.43,0.3925,0,
checkout-api-6d1a1_640,2026-07-13T09:10:40+00:00,checkout-api-6d1a1,checkout-api,0,306.27,0.3988,0,
checkout-api-6d1a1_641,2026-07-13T09:10:41+00:00,checkout-api-6d1a1,checkout-api,0,296.15,0.3856,0,
checkout-api-6d1a1_642,2026-07-13T09:10:42+00:00,checkout-api-6d1a1,checkout-api,0,288.94,0.3762,0,
checkout-api-6d1a1_643,2026-07-13T09:10:43+00:00,checkout-api-6d1a1,checkout-api,0,307.8,0.4008,0,
checkout-api-6d1a1_644,2026-07-13T09:10:44+00:00,checkout-api-6d1a1,checkout-api,0,302.68,0.3941,0,
checkout-api-6d1a1_645,2026-07-13T09:10:45+00:00,checkout-api-6d1a1,checkout-api,0,305.52,0.3978,0,
checkout-api-6d1a1_646,2026-07-13T09:10:46+00:00,checkout-api-6d1a1,checkout-api,0,295.9,0.3853,0,
checkout-api-6d1a1_647,2026-07-13T09:10:47+00:00,checkout-api-6d1a1,checkout-api,0,304.93,0.397,0,
checkout-api-6d1a1_648,2026-07-13T09:10:48+00:00,checkout-api-6d1a1,checkout-api,0,300.62,0.3914,0,
checkout-api-6d1a1_649,2026-07-13T09:10:49+00:00,checkout-api-6d1a1,checkout-api,0,291.74,0.3799,0,
checkout-api-6d1a1_650,2026-07-13T09:10:50+00:00,checkout-api-6d1a1,checkout-api,0,305.68,0.398,0,
checkout-api-6d1a1_651,2026-07-13T09:10:51+00:00,checkout-api-6d1a1,checkout-api,0,302.49,0.3939,0,
checkout-api-6d1a1_652,2026-07-13T09:10:52+00:00,checkout-api-6d1a1,checkout-api,0,294.63,0.3836,0,
checkout-api-6d1a1_653,2026-07-13T09:10:53+00:00,checkout-api-6d1a1,checkout-api,0,309.14,0.4025,0,
checkout-api-6d1a1_654,2026-07-13T09:10:54+00:00,checkout-api-6d1a1,checkout-api,0,302.02,0.3933,0,
checkout-api-6d1a1_655,2026-07-13T09:10:55+00:00,checkout-api-6d1a1,checkout-api,0,301.65,0.3928,0,
checkout-api-6d1a1_656,2026-07-13T09:10:56+00:00,checkout-api-6d1a1,checkout-api,0,292.51,0.3809,0,
checkout-api-6d1a1_657,2026-07-13T09:10:57+00:00,checkout-api-6d1a1,checkout-api,0,285.82,0.3722,0,
checkout-api-6d1a1_658,2026-07-13T09:10:58+00:00,checkout-api-6d1a1,checkout-api,0,290.53,0.3783,0,
checkout-api-6d1a1_659,2026-07-13T09:10:59+00:00,checkout-api-6d1a1,checkout-api,0,297.68,0.3876,0,
checkout-api-6d1a1_660,2026-07-13T09:11:00+00:00,checkout-api-6d1a1,checkout-api,0,293.49,0.3821,0,
checkout-api-6d1a1_661,2026-07-13T09:11:01+00:00,checkout-api-6d1a1,checkout-api,0,304.04,0.3959,0,
checkout-api-6d1a1_662,2026-07-13T09:11:02+00:00,checkout-api-6d1a1,checkout-api,0,320.7,0.4176,0,
checkout-api-6d1a1_663,2026-07-13T09:11:03+00:00,checkout-api-6d1a1,checkout-api,0,313.32,0.408,0,
checkout-api-6d1a1_664,2026-07-13T09:11:04+00:00,checkout-api-6d1a1,checkout-api,0,287.91,0.3749,0,
checkout-api-6d1a1_665,2026-07-13T09:11:05+00:00,checkout-api-6d1a1,checkout-api,0,311.36,0.4054,0,
checkout-api-6d1a1_666,2026-07-13T09:11:06+00:00,checkout-api-6d1a1,checkout-api,0,305.25,0.3975,0,
checkout-api-6d1a1_667,2026-07-13T09:11:07+00:00,checkout-api-6d1a1,checkout-api,0,282.26,0.3675,0,
checkout-api-6d1a1_668,2026-07-13T09:11:08+00:00,checkout-api-6d1a1,checkout-api,0,303.24,0.3948,0,
checkout-api-6d1a1_669,2026-07-13T09:11:09+00:00,checkout-api-6d1a1,checkout-api,0,290.35,0.3781,0,
checkout-api-6d1a1_670,2026-07-13T09:11:10+00:00,checkout-api-6d1a1,checkout-api,0,296.69,0.3863,0,
checkout-api-6d1a1_671,2026-07-13T09:11:11+00:00,checkout-api-6d1a1,checkout-api,0,312.77,0.4073,0,
checkout-api-6d1a1_672,2026-07-13T09:11:12+00:00,checkout-api-6d1a1,checkout-api,0,297.81,0.3878,0,
checkout-api-6d1a1_673,2026-07-13T09:11:13+00:00,checkout-api-6d1a1,checkout-api,0,295.25,0.3844,0,
checkout-api-6d1a1_674,2026-07-13T09:11:14+00:00,checkout-api-6d1a1,checkout-api,0,298.68,0.3889,0,
checkout-api-6d1a1_675,2026-07-13T09:11:15+00:00,checkout-api-6d1a1,checkout-api,0,305.14,0.3973,0,
checkout-api-6d1a1_676,2026-07-13T09:11:16+00:00,checkout-api-6d1a1,checkout-api,0,304.41,0.3964,0,
checkout-api-6d1a1_677,2026-07-13T09:11:17+00:00,checkout-api-6d1a1,checkout-api,0,299.83,0.3904,0,
checkout-api-6d1a1_678,2026-07-13T09:11:18+00:00,checkout-api-6d1a1,checkout-api,0,306.94,0.3997,0,
checkout-api-6d1a1_679,2026-07-13T09:11:19+00:00,checkout-api-6d1a1,checkout-api,0,303.83,0.3956,0,
checkout-api-6d1a1_680,2026-07-13T09:11:20+00:00,checkout-api-6d1a1,checkout-api,0,305.06,0.3972,0,
checkout-api-6d1a1_681,2026-07-13T09:11:21+00:00,checkout-api-6d1a1,checkout-api,0,298.94,0.3892,0,
checkout-api-6d1a1_682,2026-07-13T09:11:22+00:00,checkout-api-6d1a1,checkout-api,0,298.75,0.389,0,
checkout-api-6d1a1_683,2026-07-13T09:11:23+00:00,checkout-api-6d1a1,checkout-api,0,307.42,0.4003,0,
checkout-api-6d1a1_684,2026-07-13T09:11:24+00:00,checkout-api-6d1a1,checkout-api,0,290.44,0.3782,0,
checkout-api-6d1a1_685,2026-07-13T09:11:25+00:00,checkout-api-6d1a1,checkout-api,0,287.38,0.3742,0,
checkout-api-6d1a1_686,2026-07-13T09:11:26+00:00,checkout-api-6d1a1,checkout-api,0,294.29,0.3832,0,
checkout-api-6d1a1_687,2026-07-13T09:11:27+00:00,checkout-api-6d1a1,checkout-api,0,293.3,0.3819,0,
checkout-api-6d1a1_688,2026-07-13T09:11:28+00:00,checkout-api-6d1a1,checkout-api,0,304.79,0.3969,0,
checkout-api-6d1a1_689,2026-07-13T09:11:29+00:00,checkout-api-6d1a1,checkout-api,0,299.27,0.3897,0,
checkout-api-6d1a1_690,2026-07-13T09:11:30+00:00,checkout-api-6d1a1,checkout-api,0,300.68,0.3915,0,
checkout-api-6d1a1_691,2026-07-13T09:11:31+00:00,checkout-api-6d1a1,checkout-api,0,294.42,0.3834,0,
checkout-api-6d1a1_692,2026-07-13T09:11:32+00:00,checkout-api-6d1a1,checkout-api,0,290.22,0.3779,0,
checkout-api-6d1a1_693,2026-07-13T09:11:33+00:00,checkout-api-6d1a1,checkout-api,0,288.48,0.3756,0,
checkout-api-6d1a1_694,2026-07-13T09:11:34+00:00,checkout-api-6d1a1,checkout-api,0,294.51,0.3835,0,
checkout-api-6d1a1_695,2026-07-13T09:11:35+00:00,checkout-api-6d1a1,checkout-api,0,304.84,0.3969,0,
checkout-api-6d1a1_696,2026-07-13T09:11:36+00:00,checkout-api-6d1a1,checkout-api,0,304.32,0.3962,0,
checkout-api-6d1a1_697,2026-07-13T09:11:37+00:00,checkout-api-6d1a1,checkout-api,0,299.13,0.3895,0,
checkout-api-6d1a1_698,2026-07-13T09:11:38+00:00,checkout-api-6d1a1,checkout-api,0,293.16,0.3817,0,
checkout-api-6d1a1_699,2026-07-13T09:11:39+00:00,checkout-api-6d1a1,checkout-api,0,304.05,0.3959,0,
checkout-api-6d1a1_700,2026-07-13T09:11:40+00:00,checkout-api-6d1a1,checkout-api,0,303.49,0.3952,0,
checkout-api-6d1a1_701,2026-07-13T09:11:41+00:00,checkout-api-6d1a1,checkout-api,0,289.14,0.3765,0,
checkout-api-6d1a1_702,2026-07-13T09:11:42+00:00,checkout-api-6d1a1,checkout-api,0,293.38,0.382,0,
checkout-api-6d1a1_703,2026-07-13T09:11:43+00:00,checkout-api-6d1a1,checkout-api,0,312.66,0.4071,0,
checkout-api-6d1a1_704,2026-07-13T09:11:44+00:00,checkout-api-6d1a1,checkout-api,0,306.1,0.3986,0,
checkout-api-6d1a1_705,2026-07-13T09:11:45+00:00,checkout-api-6d1a1,checkout-api,0,307.76,0.4007,0,
checkout-api-6d1a1_706,2026-07-13T09:11:46+00:00,checkout-api-6d1a1,checkout-api,0,304.32,0.3962,0,
checkout-api-6d1a1_707,2026-07-13T09:11:47+00:00,checkout-api-6d1a1,checkout-api,0,322.94,0.4205,0,
checkout-api-6d1a1_708,2026-07-13T09:11:48+00:00,checkout-api-6d1a1,checkout-api,0,302.89,0.3944,0,
checkout-api-6d1a1_709,2026-07-13T09:11:49+00:00,checkout-api-6d1a1,checkout-api,0,296.44,0.386,0,
checkout-api-6d1a1_710,2026-07-13T09:11:50+00:00,checkout-api-6d1a1,checkout-api,0,294.87,0.3839,0,
checkout-api-6d1a1_711,2026-07-13T09:11:51+00:00,checkout-api-6d1a1,checkout-api,0,306.38,0.3989,0,
checkout-api-6d1a1_712,2026-07-13T09:11:52+00:00,checkout-api-6d1a1,checkout-api,0,293.06,0.3816,0,
checkout-api-6d1a1_713,2026-07-13T09:11:53+00:00,checkout-api-6d1a1,checkout-api,0,287.16,0.3739,0,
checkout-api-6d1a1_714,2026-07-13T09:11:54+00:00,checkout-api-6d1a1,checkout-api,0,304.28,0.3962,0,
checkout-api-6d1a1_715,2026-07-13T09:11:55+00:00,checkout-api-6d1a1,checkout-api,0,287.44,0.3743,0,
checkout-api-6d1a1_716,2026-07-13T09:11:56+00:00,checkout-api-6d1a1,checkout-api,0,306.12,0.3986,0,
checkout-api-6d1a1_717,2026-07-13T09:11:57+00:00,checkout-api-6d1a1,checkout-api,0,300.28,0.391,0,
checkout-api-6d1a1_718,2026-07-13T09:11:58+00:00,checkout-api-6d1a1,checkout-api,0,310.69,0.4045,0,
checkout-api-6d1a1_719,2026-07-13T09:11:59+00:00,checkout-api-6d1a1,checkout-api,0,312.98,0.4075,0,
checkout-api-6d1a1_720,2026-07-13T09:12:00+00:00,checkout-api-6d1a1,checkout-api,0,299.95,0.3906,0,
checkout-api-6d1a1_721,2026-07-13T09:12:01+00:00,checkout-api-6d1a1,checkout-api,0,298.6,0.3888,0,
checkout-api-6d1a1_722,2026-07-13T09:12:02+00:00,checkout-api-6d1a1,checkout-api,0,308.3,0.4014,0,
checkout-api-6d1a1_723,2026-07-13T09:12:03+00:00,checkout-api-6d1a1,checkout-api,0,285.63,0.3719,0,
checkout-api-6d1a1_724,2026-07-13T09:12:04+00:00,checkout-api-6d1a1,checkout-api,0,307.69,0.4006,0,
checkout-api-6d1a1_725,2026-07-13T09:12:05+00:00,checkout-api-6d1a1,checkout-api,0,300.08,0.3907,0,
checkout-api-6d1a1_726,2026-07-13T09:12:06+00:00,checkout-api-6d1a1,checkout-api,0,294.11,0.383,0,
checkout-api-6d1a1_727,2026-07-13T09:12:07+00:00,checkout-api-6d1a1,checkout-api,0,309.73,0.4033,0,
checkout-api-6d1a1_728,2026-07-13T09:12:08+00:00,checkout-api-6d1a1,checkout-api,0,295.39,0.3846,0,
checkout-api-6d1a1_729,2026-07-13T09:12:09+00:00,checkout-api-6d1a1,checkout-api,0,301.61,0.3927,0,
checkout-api-6d1a1_730,2026-07-13T09:12:10+00:00,checkout-api-6d1a1,checkout-api,0,306.09,0.3986,0,
checkout-api-6d1a1_731,2026-07-13T09:12:11+00:00,checkout-api-6d1a1,checkout-api,0,289.02,0.3763,0,
checkout-api-6d1a1_732,2026-07-13T09:12:12+00:00,checkout-api-6d1a1,checkout-api,0,303.44,0.3951,0,
checkout-api-6d1a1_733,2026-07-13T09:12:13+00:00,checkout-api-6d1a1,checkout-api,0,301.85,0.393,0,
checkout-api-6d1a1_734,2026-07-13T09:12:14+00:00,checkout-api-6d1a1,checkout-api,0,286.19,0.3726,0,
checkout-api-6d1a1_735,2026-07-13T09:12:15+00:00,checkout-api-6d1a1,checkout-api,0,291.55,0.3796,0,
checkout-api-6d1a1_736,2026-07-13T09:12:16+00:00,checkout-api-6d1a1,checkout-api,0,320.7,0.4176,0,
checkout-api-6d1a1_737,2026-07-13T09:12:17+00:00,checkout-api-6d1a1,checkout-api,0,308.52,0.4017,0,
checkout-api-6d1a1_738,2026-07-13T09:12:18+00:00,checkout-api-6d1a1,checkout-api,0,315.49,0.4108,0,
checkout-api-6d1a1_739,2026-07-13T09:12:19+00:00,checkout-api-6d1a1,checkout-api,0,302.0,0.3932,0,
checkout-api-6d1a1_740,2026-07-13T09:12:20+00:00,checkout-api-6d1a1,checkout-api,0,298.7,0.3889,0,
checkout-api-6d1a1_741,2026-07-13T09:12:21+00:00,checkout-api-6d1a1,checkout-api,0,304.4,0.3964,0,
checkout-api-6d1a1_742,2026-07-13T09:12:22+00:00,checkout-api-6d1a1,checkout-api,0,307.28,0.4001,0,
checkout-api-6d1a1_743,2026-07-13T09:12:23+00:00,checkout-api-6d1a1,checkout-api,0,299.59,0.3901,0,
checkout-api-6d1a1_744,2026-07-13T09:12:24+00:00,checkout-api-6d1a1,checkout-api,0,307.32,0.4002,0,
checkout-api-6d1a1_745,2026-07-13T09:12:25+00:00,checkout-api-6d1a1,checkout-api,0,309.71,0.4033,0,
checkout-api-6d1a1_746,2026-07-13T09:12:26+00:00,checkout-api-6d1a1,checkout-api,0,300.62,0.3914,0,
checkout-api-6d1a1_747,2026-07-13T09:12:27+00:00,checkout-api-6d1a1,checkout-api,0,309.52,0.403,0,
checkout-api-6d1a1_748,2026-07-13T09:12:28+00:00,checkout-api-6d1a1,checkout-api,0,304.13,0.396,0,
checkout-api-6d1a1_749,2026-07-13T09:12:29+00:00,checkout-api-6d1a1,checkout-api,0,315.41,0.4107,0,
checkout-api-6d1a1_750,2026-07-13T09:12:30+00:00,checkout-api-6d1a1,checkout-api,0,293.7,0.3824,0,
checkout-api-6d1a1_751,2026-07-13T09:12:31+00:00,checkout-api-6d1a1,checkout-api,0,296.98,0.3867,0,
checkout-api-6d1a1_752,2026-07-13T09:12:32+00:00,checkout-api-6d1a1,checkout-api,0,297.24,0.387,0,
checkout-api-6d1a1_753,2026-07-13T09:12:33+00:00,checkout-api-6d1a1,checkout-api,0,314.02,0.4089,0,
checkout-api-6d1a1_754,2026-07-13T09:12:34+00:00,checkout-api-6d1a1,checkout-api,0,306.16,0.3986,0,
checkout-api-6d1a1_755,2026-07-13T09:12:35+00:00,checkout-api-6d1a1,checkout-api,0,295.7,0.385,0,
checkout-api-6d1a1_756,2026-07-13T09:12:36+00:00,checkout-api-6d1a1,checkout-api,0,309.93,0.4036,0,
checkout-api-6d1a1_757,2026-07-13T09:12:37+00:00,checkout-api-6d1a1,checkout-api,0,289.59,0.3771,0,
checkout-api-6d1a1_758,2026-07-13T09:12:38+00:00,checkout-api-6d1a1,checkout-api,0,300.69,0.3915,0,
checkout-api-6d1a1_759,2026-07-13T09:12:39+00:00,checkout-api-6d1a1,checkout-api,0,298.73,0.389,0,
checkout-api-6d1a1_760,2026-07-13T09:12:40+00:00,checkout-api-6d1a1,checkout-api,0,297.37,0.3872,0,
checkout-api-6d1a1_761,2026-07-13T09:12:41+00:00,checkout-api-6d1a1,checkout-api,0,289.11,0.3764,0,
checkout-api-6d1a1_762,2026-07-13T09:12:42+00:00,checkout-api-6d1a1,checkout-api,0,296.99,0.3867,0,
checkout-api-6d1a1_763,2026-07-13T09:12:43+00:00,checkout-api-6d1a1,checkout-api,0,309.86,0.4035,0,
checkout-api-6d1a1_764,2026-07-13T09:12:44+00:00,checkout-api-6d1a1,checkout-api,0,294.59,0.3836,0,
checkout-api-6d1a1_765,2026-07-13T09:12:45+00:00,checkout-api-6d1a1,checkout-api,0,298.38,0.3885,0,
checkout-api-6d1a1_766,2026-07-13T09:12:46+00:00,checkout-api-6d1a1,checkout-api,0,308.71,0.402,0,
checkout-api-6d1a1_767,2026-07-13T09:12:47+00:00,checkout-api-6d1a1,checkout-api,0,296.87,0.3865,0,
checkout-api-6d1a1_768,2026-07-13T09:12:48+00:00,checkout-api-6d1a1,checkout-api,0,307.24,0.4001,0,
checkout-api-6d1a1_769,2026-07-13T09:12:49+00:00,checkout-api-6d1a1,checkout-api,0,308.25,0.4014,0,
checkout-api-6d1a1_770,2026-07-13T09:12:50+00:00,checkout-api-6d1a1,checkout-api,0,308.88,0.4022,0,
checkout-api-6d1a1_771,2026-07-13T09:12:51+00:00,checkout-api-6d1a1,checkout-api,0,290.13,0.3778,0,
checkout-api-6d1a1_772,2026-07-13T09:12:52+00:00,checkout-api-6d1a1,checkout-api,0,287.22,0.374,0,
checkout-api-6d1a1_773,2026-07-13T09:12:53+00:00,checkout-api-6d1a1,checkout-api,0,290.75,0.3786,0,
checkout-api-6d1a1_774,2026-07-13T09:12:54+00:00,checkout-api-6d1a1,checkout-api,0,292.41,0.3807,0,
checkout-api-6d1a1_775,2026-07-13T09:12:55+00:00,checkout-api-6d1a1,checkout-api,0,294.58,0.3836,0,
checkout-api-6d1a1_776,2026-07-13T09:12:56+00:00,checkout-api-6d1a1,checkout-api,0,301.95,0.3932,0,
checkout-api-6d1a1_777,2026-07-13T09:12:57+00:00,checkout-api-6d1a1,checkout-api,0,307.76,0.4007,0,
checkout-api-6d1a1_778,2026-07-13T09:12:58+00:00,checkout-api-6d1a1,checkout-api,0,305.57,0.3979,0,
checkout-api-6d1a1_779,2026-07-13T09:12:59+00:00,checkout-api-6d1a1,checkout-api,0,300.59,0.3914,0,
checkout-api-6d1a1_780,2026-07-13T09:13:00+00:00,checkout-api-6d1a1,checkout-api,0,297.38,0.3872,0,
checkout-api-6d1a1_781,2026-07-13T09:13:01+00:00,checkout-api-6d1a1,checkout-api,0,305.4,0.3977,0,
checkout-api-6d1a1_782,2026-07-13T09:13:02+00:00,checkout-api-6d1a1,checkout-api,0,301.49,0.3926,0,
checkout-api-6d1a1_783,2026-07-13T09:13:03+00:00,checkout-api-6d1a1,checkout-api,0,291.17,0.3791,0,
checkout-api-6d1a1_784,2026-07-13T09:13:04+00:00,checkout-api-6d1a1,checkout-api,0,293.04,0.3816,0,
checkout-api-6d1a1_785,2026-07-13T09:13:05+00:00,checkout-api-6d1a1,checkout-api,0,301.42,0.3925,0,
checkout-api-6d1a1_786,2026-07-13T09:13:06+00:00,checkout-api-6d1a1,checkout-api,0,287.09,0.3738,0,
checkout-api-6d1a1_787,2026-07-13T09:13:07+00:00,checkout-api-6d1a1,checkout-api,0,308.49,0.4017,0,
checkout-api-6d1a1_788,2026-07-13T09:13:08+00:00,checkout-api-6d1a1,checkout-api,0,299.79,0.3904,0,
checkout-api-6d1a1_789,2026-07-13T09:13:09+00:00,checkout-api-6d1a1,checkout-api,0,301.85,0.393,0,
checkout-api-6d1a1_790,2026-07-13T09:13:10+00:00,checkout-api-6d1a1,checkout-api,0,307.96,0.401,0,
checkout-api-6d1a1_791,2026-07-13T09:13:11+00:00,checkout-api-6d1a1,checkout-api,0,304.85,0.3969,0,
checkout-api-6d1a1_792,2026-07-13T09:13:12+00:00,checkout-api-6d1a1,checkout-api,0,300.43,0.3912,0,
checkout-api-6d1a1_793,2026-07-13T09:13:13+00:00,checkout-api-6d1a1,checkout-api,0,313.16,0.4078,0,
checkout-api-6d1a1_794,2026-07-13T09:13:14+00:00,checkout-api-6d1a1,checkout-api,0,291.22,0.3792,0,
checkout-api-6d1a1_795,2026-07-13T09:13:15+00:00,checkout-api-6d1a1,checkout-api,0,307.7,0.4007,0,
checkout-api-6d1a1_796,2026-07-13T09:13:16+00:00,checkout-api-6d1a1,checkout-api,0,304.83,0.3969,0,
checkout-api-6d1a1_797,2026-07-13T09:13:17+00:00,checkout-api-6d1a1,checkout-api,0,290.62,0.3784,0,
checkout-api-6d1a1_798,2026-07-13T09:13:18+00:00,checkout-api-6d1a1,checkout-api,0,295.53,0.3848,0,
checkout-api-6d1a1_799,2026-07-13T09:13:19+00:00,checkout-api-6d1a1,checkout-api,0,313.53,0.4082,0,
checkout-api-6d1a1_800,2026-07-13T09:13:20+00:00,checkout-api-6d1a1,checkout-api,0,319.26,0.4157,0,
checkout-api-6d1a1_801,2026-07-13T09:13:21+00:00,checkout-api-6d1a1,checkout-api,0,308.28,0.4014,0,
checkout-api-6d1a1_802,2026-07-13T09:13:22+00:00,checkout-api-6d1a1,checkout-api,0,304.29,0.3962,0,
checkout-api-6d1a1_803,2026-07-13T09:13:23+00:00,checkout-api-6d1a1,checkout-api,0,289.71,0.3772,0,
checkout-api-6d1a1_804,2026-07-13T09:13:24+00:00,checkout-api-6d1a1,checkout-api,0,298.21,0.3883,0,
checkout-api-6d1a1_805,2026-07-13T09:13:25+00:00,checkout-api-6d1a1,checkout-api,0,296.4,0.3859,0,
checkout-api-6d1a1_806,2026-07-13T09:13:26+00:00,checkout-api-6d1a1,checkout-api,0,299.46,0.3899,0,
checkout-api-6d1a1_807,2026-07-13T09:13:27+00:00,checkout-api-6d1a1,checkout-api,0,299.55,0.39,0,
checkout-api-6d1a1_808,2026-07-13T09:13:28+00:00,checkout-api-6d1a1,checkout-api,0,310.86,0.4048,0,
checkout-api-6d1a1_809,2026-07-13T09:13:29+00:00,checkout-api-6d1a1,checkout-api,0,302.21,0.3935,0,
checkout-api-6d1a1_810,2026-07-13T09:13:30+00:00,checkout-api-6d1a1,checkout-api,0,314.11,0.409,0,
checkout-api-6d1a1_811,2026-07-13T09:13:31+00:00,checkout-api-6d1a1,checkout-api,0,288.14,0.3752,0,
checkout-api-6d1a1_812,2026-07-13T09:13:32+00:00,checkout-api-6d1a1,checkout-api,0,299.63,0.3901,0,
checkout-api-6d1a1_813,2026-07-13T09:13:33+00:00,checkout-api-6d1a1,checkout-api,0,316.52,0.4121,0,
checkout-api-6d1a1_814,2026-07-13T09:13:34+00:00,checkout-api-6d1a1,checkout-api,0,313.63,0.4084,0,
checkout-api-6d1a1_815,2026-07-13T09:13:35+00:00,checkout-api-6d1a1,checkout-api,0,297.55,0.3874,0,
checkout-api-6d1a1_816,2026-07-13T09:13:36+00:00,checkout-api-6d1a1,checkout-api,0,310.79,0.4047,0,
checkout-api-6d1a1_817,2026-07-13T09:13:37+00:00,checkout-api-6d1a1,checkout-api,0,297.32,0.3871,0,
checkout-api-6d1a1_818,2026-07-13T09:13:38+00:00,checkout-api-6d1a1,checkout-api,0,297.7,0.3876,0,
checkout-api-6d1a1_819,2026-07-13T09:13:39+00:00,checkout-api-6d1a1,checkout-api,0,296.55,0.3861,0,
checkout-api-6d1a1_820,2026-07-13T09:13:40+00:00,checkout-api-6d1a1,checkout-api,0,295.17,0.3843,0,
checkout-api-6d1a1_821,2026-07-13T09:13:41+00:00,checkout-api-6d1a1,checkout-api,0,303.5,0.3952,0,
checkout-api-6d1a1_822,2026-07-13T09:13:42+00:00,checkout-api-6d1a1,checkout-api,0,299.58,0.3901,0,
checkout-api-6d1a1_823,2026-07-13T09:13:43+00:00,checkout-api-6d1a1,checkout-api,0,302.42,0.3938,0,
checkout-api-6d1a1_824,2026-07-13T09:13:44+00:00,checkout-api-6d1a1,checkout-api,0,305.75,0.3981,0,
checkout-api-6d1a1_825,2026-07-13T09:13:45+00:00,checkout-api-6d1a1,checkout-api,0,307.1,0.3999,0,
checkout-api-6d1a1_826,2026-07-13T09:13:46+00:00,checkout-api-6d1a1,checkout-api,0,290.14,0.3778,0,
checkout-api-6d1a1_827,2026-07-13T09:13:47+00:00,checkout-api-6d1a1,checkout-api,0,302.43,0.3938,0,
checkout-api-6d1a1_828,2026-07-13T09:13:48+00:00,checkout-api-6d1a1,checkout-api,0,290.44,0.3782,0,
checkout-api-6d1a1_829,2026-07-13T09:13:49+00:00,checkout-api-6d1a1,checkout-api,0,291.52,0.3796,0,
checkout-api-6d1a1_830,2026-07-13T09:13:50+00:00,checkout-api-6d1a1,checkout-api,0,294.07,0.3829,0,
checkout-api-6d1a1_831,2026-07-13T09:13:51+00:00,checkout-api-6d1a1,checkout-api,0,294.46,0.3834,0,
checkout-api-6d1a1_832,2026-07-13T09:13:52+00:00,checkout-api-6d1a1,checkout-api,0,295.6,0.3849,0,
checkout-api-6d1a1_833,2026-07-13T09:13:53+00:00,checkout-api-6d1a1,checkout-api,0,297.62,0.3875,0,
checkout-api-6d1a1_834,2026-07-13T09:13:54+00:00,checkout-api-6d1a1,checkout-api,0,304.61,0.3966,0,
checkout-api-6d1a1_835,2026-07-13T09:13:55+00:00,checkout-api-6d1a1,checkout-api,0,293.02,0.3815,0,
checkout-api-6d1a1_836,2026-07-13T09:13:56+00:00,checkout-api-6d1a1,checkout-api,0,277.44,0.3613,0,
checkout-api-6d1a1_837,2026-07-13T09:13:57+00:00,checkout-api-6d1a1,checkout-api,0,307.61,0.4005,0,
checkout-api-6d1a1_838,2026-07-13T09:13:58+00:00,checkout-api-6d1a1,checkout-api,0,295.75,0.3851,0,
checkout-api-6d1a1_839,2026-07-13T09:13:59+00:00,checkout-api-6d1a1,checkout-api,0,307.68,0.4006,0,
checkout-api-6d1a1_840,2026-07-13T09:14:00+00:00,checkout-api-6d1a1,checkout-api,0,294.55,0.3835,0,
checkout-api-6d1a1_841,2026-07-13T09:14:01+00:00,checkout-api-6d1a1,checkout-api,0,310.44,0.4042,0,
checkout-api-6d1a1_842,2026-07-13T09:14:02+00:00,checkout-api-6d1a1,checkout-api,0,292.94,0.3814,0,
checkout-api-6d1a1_843,2026-07-13T09:14:03+00:00,checkout-api-6d1a1,checkout-api,0,307.65,0.4006,0,
checkout-api-6d1a1_844,2026-07-13T09:14:04+00:00,checkout-api-6d1a1,checkout-api,0,306.17,0.3987,0,
checkout-api-6d1a1_845,2026-07-13T09:14:05+00:00,checkout-api-6d1a1,checkout-api,0,302.7,0.3941,0,
checkout-api-6d1a1_846,2026-07-13T09:14:06+00:00,checkout-api-6d1a1,checkout-api,0,295.74,0.3851,0,
checkout-api-6d1a1_847,2026-07-13T09:14:07+00:00,checkout-api-6d1a1,checkout-api,0,302.35,0.3937,0,
checkout-api-6d1a1_848,2026-07-13T09:14:08+00:00,checkout-api-6d1a1,checkout-api,0,302.26,0.3936,0,
checkout-api-6d1a1_849,2026-07-13T09:14:09+00:00,checkout-api-6d1a1,checkout-api,0,292.59,0.381,0,
checkout-api-6d1a1_850,2026-07-13T09:14:10+00:00,checkout-api-6d1a1,checkout-api,0,305.63,0.398,0,
checkout-api-6d1a1_851,2026-07-13T09:14:11+00:00,checkout-api-6d1a1,checkout-api,0,287.33,0.3741,0,
checkout-api-6d1a1_852,2026-07-13T09:14:12+00:00,checkout-api-6d1a1,checkout-api,0,297.52,0.3874,0,
checkout-api-6d1a1_853,2026-07-13T09:14:13+00:00,checkout-api-6d1a1,checkout-api,0,300.72,0.3916,0,
checkout-api-6d1a1_854,2026-07-13T09:14:14+00:00,checkout-api-6d1a1,checkout-api,0,297.84,0.3878,0,
checkout-api-6d1a1_855,2026-07-13T09:14:15+00:00,checkout-api-6d1a1,checkout-api,0,295.24,0.3844,0,
checkout-api-6d1a1_856,2026-07-13T09:14:16+00:00,checkout-api-6d1a1,checkout-api,0,291.63,0.3797,0,
checkout-api-6d1a1_857,2026-07-13T09:14:17+00:00,checkout-api-6d1a1,checkout-api,0,309.06,0.4024,0,
checkout-api-6d1a1_858,2026-07-13T09:14:18+00:00,checkout-api-6d1a1,checkout-api,0,298.26,0.3884,0,
checkout-api-6d1a1_859,2026-07-13T09:14:19+00:00,checkout-api-6d1a1,checkout-api,0,299.09,0.3894,0,
checkout-api-6d1a1_860,2026-07-13T09:14:20+00:00,checkout-api-6d1a1,checkout-api,0,292.74,0.3812,0,
checkout-api-6d1a1_861,2026-07-13T09:14:21+00:00,checkout-api-6d1a1,checkout-api,0,304.38,0.3963,0,
checkout-api-6d1a1_862,2026-07-13T09:14:22+00:00,checkout-api-6d1a1,checkout-api,0,288.29,0.3754,0,
checkout-api-6d1a1_863,2026-07-13T09:14:23+00:00,checkout-api-6d1a1,checkout-api,0,297.38,0.3872,0,
checkout-api-6d1a1_864,2026-07-13T09:14:24+00:00,checkout-api-6d1a1,checkout-api,0,314.03,0.4089,0,
checkout-api-6d1a1_865,2026-07-13T09:14:25+00:00,checkout-api-6d1a1,checkout-api,0,298.77,0.389,0,
checkout-api-6d1a1_866,2026-07-13T09:14:26+00:00,checkout-api-6d1a1,checkout-api,0,290.36,0.3781,0,
checkout-api-6d1a1_867,2026-07-13T09:14:27+00:00,checkout-api-6d1a1,checkout-api,0,291.98,0.3802,0,
checkout-api-6d1a1_868,2026-07-13T09:14:28+00:00,checkout-api-6d1a1,checkout-api,0,304.11,0.396,0,
checkout-api-6d1a1_869,2026-07-13T09:14:29+00:00,checkout-api-6d1a1,checkout-api,0,289.7,0.3772,0,
checkout-api-7f8d0_30,2026-07-13T09:00:30+00:00,checkout-api-7f8d0,checkout-api,0,292.71,0.3811,0,
checkout-api-7f8d0_31,2026-07-13T09:00:31+00:00,checkout-api-7f8d0,checkout-api,0,292.02,0.3802,0,
checkout-api-7f8d0_32,2026-07-13T09:00:32+00:00,checkout-api-7f8d0,checkout-api,0,302.78,0.3942,0,
checkout-api-7f8d0_33,2026-07-13T09:00:33+00:00,checkout-api-7f8d0,checkout-api,0,307.47,0.4004,0,
checkout-api-7f8d0_34,2026-07-13T09:00:34+00:00,checkout-api-7f8d0,checkout-api,0,325.49,0.4238,0,
checkout-api-7f8d0_35,2026-07-13T09:00:35+00:00,checkout-api-7f8d0,checkout-api,0,306.58,0.3992,0,
checkout-api-7f8d0_36,2026-07-13T09:00:36+00:00,checkout-api-7f8d0,checkout-api,0,293.13,0.3817,0,
checkout-api-7f8d0_37,2026-07-13T09:00:37+00:00,checkout-api-7f8d0,checkout-api,0,305.58,0.3979,0,
checkout-api-7f8d0_38,2026-07-13T09:00:38+00:00,checkout-api-7f8d0,checkout-api,0,305.12,0.3973,0,
checkout-api-7f8d0_39,2026-07-13T09:00:39+00:00,checkout-api-7f8d0,checkout-api,0,287.96,0.3749,0,
checkout-api-7f8d0_40,2026-07-13T09:00:40+00:00,checkout-api-7f8d0,checkout-api,0,316.88,0.4126,0,
checkout-api-7f8d0_41,2026-07-13T09:00:41+00:00,checkout-api-7f8d0,checkout-api,0,304.53,0.3965,0,
checkout-api-7f8d0_42,2026-07-13T09:00:42+00:00,checkout-api-7f8d0,checkout-api,0,298.21,0.3883,0,
checkout-api-7f8d0_43,2026-07-13T09:00:43+00:00,checkout-api-7f8d0,checkout-api,0,300.97,0.3919,0,
checkout-api-7f8d0_44,2026-07-13T09:00:44+00:00,checkout-api-7f8d0,checkout-api,0,305.74,0.3981,0,
checkout-api-7f8d0_45,2026-07-13T09:00:45+00:00,checkout-api-7f8d0,checkout-api,0,298.1,0.3882,0,
checkout-api-7f8d0_46,2026-07-13T09:00:46+00:00,checkout-api-7f8d0,checkout-api,0,303.63,0.3954,0,
checkout-api-7f8d0_47,2026-07-13T09:00:47+00:00,checkout-api-7f8d0,checkout-api,0,310.22,0.4039,0,
checkout-api-7f8d0_48,2026-07-13T09:00:48+00:00,checkout-api-7f8d0,checkout-api,0,314.25,0.4092,0,
checkout-api-7f8d0_49,2026-07-13T09:00:49+00:00,checkout-api-7f8d0,checkout-api,0,303.52,0.3952,0,
checkout-api-7f8d0_50,2026-07-13T09:00:50+00:00,checkout-api-7f8d0,checkout-api,0,275.34,0.3585,0,
checkout-api-7f8d0_51,2026-07-13T09:00:51+00:00,checkout-api-7f8d0,checkout-api,0,291.33,0.3793,0,
checkout-api-7f8d0_52,2026-07-13T09:00:52+00:00,checkout-api-7f8d0,checkout-api,0,295.8,0.3852,0,
checkout-api-7f8d0_53,2026-07-13T09:00:53+00:00,checkout-api-7f8d0,checkout-api,0,305.14,0.3973,0,
checkout-api-7f8d0_54,2026-07-13T09:00:54+00:00,checkout-api-7f8d0,checkout-api,0,294.55,0.3835,0,
checkout-api-7f8d0_55,2026-07-13T09:00:55+00:00,checkout-api-7f8d0,checkout-api,0,297.65,0.3876,0,
checkout-api-7f8d0_56,2026-07-13T09:00:56+00:00,checkout-api-7f8d0,checkout-api,0,313.38,0.408,0,
checkout-api-7f8d0_57,2026-07-13T09:00:57+00:00,checkout-api-7f8d0,checkout-api,0,276.25,0.3597,0,
checkout-api-7f8d0_58,2026-07-13T09:00:58+00:00,checkout-api-7f8d0,checkout-api,0,294.37,0.3833,0,
checkout-api-7f8d0_59,2026-07-13T09:00:59+00:00,checkout-api-7f8d0,checkout-api,0,300.31,0.391,0,
checkout-api-7f8d0_60,2026-07-13T09:01:00+00:00,checkout-api-7f8d0,checkout-api,0,292.87,0.3813,0,
checkout-api-7f8d0_61,2026-07-13T09:01:01+00:00,checkout-api-7f8d0,checkout-api,0,305.6,0.3979,0,
checkout-api-7f8d0_62,2026-07-13T09:01:02+00:00,checkout-api-7f8d0,checkout-api,0,291.56,0.3796,0,
checkout-api-7f8d0_63,2026-07-13T09:01:03+00:00,checkout-api-7f8d0,checkout-api,0,285.25,0.3714,0,
checkout-api-7f8d0_64,2026-07-13T09:01:04+00:00,checkout-api-7f8d0,checkout-api,0,295.27,0.3845,0,
checkout-api-7f8d0_65,2026-07-13T09:01:05+00:00,checkout-api-7f8d0,checkout-api,0,294.02,0.3828,0,
checkout-api-7f8d0_66,2026-07-13T09:01:06+00:00,checkout-api-7f8d0,checkout-api,0,295.7,0.385,0,
checkout-api-7f8d0_67,2026-07-13T09:01:07+00:00,checkout-api-7f8d0,checkout-api,0,287.89,0.3749,0,
checkout-api-7f8d0_68,2026-07-13T09:01:08+00:00,checkout-api-7f8d0,checkout-api,0,289.46,0.3769,0,
checkout-api-7f8d0_69,2026-07-13T09:01:09+00:00,checkout-api-7f8d0,checkout-api,0,303.78,0.3955,0,
checkout-api-7f8d0_70,2026-07-13T09:01:10+00:00,checkout-api-7f8d0,checkout-api,0,311.56,0.4057,0,
checkout-api-7f8d0_71,2026-07-13T09:01:11+00:00,checkout-api-7f8d0,checkout-api,0,314.05,0.4089,0,
checkout-api-7f8d0_72,2026-07-13T09:01:12+00:00,checkout-api-7f8d0,checkout-api,0,319.78,0.4164,0,
checkout-api-7f8d0_73,2026-07-13T09:01:13+00:00,checkout-api-7f8d0,checkout-api,0,311.28,0.4053,0,
checkout-api-7f8d0_74,2026-07-13T09:01:14+00:00,checkout-api-7f8d0,checkout-api,0,305.57,0.3979,0,
checkout-api-7f8d0_75,2026-07-13T09:01:15+00:00,checkout-api-7f8d0,checkout-api,0,315.75,0.4111,0,
checkout-api-7f8d0_76,2026-07-13T09:01:16+00:00,checkout-api-7f8d0,checkout-api,0,305.73,0.3981,0,
checkout-api-7f8d0_77,2026-07-13T09:01:17+00:00,checkout-api-7f8d0,checkout-api,0,292.57,0.381,0,
checkout-api-7f8d0_78,2026-07-13T09:01:18+00:00,checkout-api-7f8d0,checkout-api,0,290.59,0.3784,0,
checkout-api-7f8d0_79,2026-07-13T09:01:19+00:00,checkout-api-7f8d0,checkout-api,0,297.47,0.3873,0,
checkout-api-7f8d0_80,2026-07-13T09:01:20+00:00,checkout-api-7f8d0,checkout-api,0,309.67,0.4032,0,
checkout-api-7f8d0_81,2026-07-13T09:01:21+00:00,checkout-api-7f8d0,checkout-api,0,304.5,0.3965,0,
checkout-api-7f8d0_82,2026-07-13T09:01:22+00:00,checkout-api-7f8d0,checkout-api,0,312.09,0.4064,0,
checkout-api-7f8d0_83,2026-07-13T09:01:23+00:00,checkout-api-7f8d0,checkout-api,0,299.26,0.3897,0,
checkout-api-7f8d0_84,2026-07-13T09:01:24+00:00,checkout-api-7f8d0,checkout-api,0,296.18,0.3857,0,
checkout-api-7f8d0_85,2026-07-13T09:01:25+00:00,checkout-api-7f8d0,checkout-api,0,298.38,0.3885,0,
checkout-api-7f8d0_86,2026-07-13T09:01:26+00:00,checkout-api-7f8d0,checkout-api,0,313.46,0.4082,0,
checkout-api-7f8d0_87,2026-07-13T09:01:27+00:00,checkout-api-7f8d0,checkout-api,0,297.12,0.3869,0,
checkout-api-7f8d0_88,2026-07-13T09:01:28+00:00,checkout-api-7f8d0,checkout-api,0,292.62,0.381,0,
checkout-api-7f8d0_89,2026-07-13T09:01:29+00:00,checkout-api-7f8d0,checkout-api,0,298.7,0.3889,0,
checkout-api-7f8d0_90,2026-07-13T09:01:30+00:00,checkout-api-7f8d0,checkout-api,0,318.46,0.4147,0,
checkout-api-7f8d0_91,2026-07-13T09:01:31+00:00,checkout-api-7f8d0,checkout-api,0,281.03,0.3659,0,
checkout-api-7f8d0_92,2026-07-13T09:01:32+00:00,checkout-api-7f8d0,checkout-api,0,307.25,0.4001,0,
checkout-api-7f8d0_93,2026-07-13T09:01:33+00:00,checkout-api-7f8d0,checkout-api,0,311.87,0.4061,0,
checkout-api-7f8d0_94,2026-07-13T09:01:34+00:00,checkout-api-7f8d0,checkout-api,0,305.97,0.3984,0,
checkout-api-7f8d0_95,2026-07-13T09:01:35+00:00,checkout-api-7f8d0,checkout-api,0,315.55,0.4109,0,
checkout-api-7f8d0_96,2026-07-13T09:01:36+00:00,checkout-api-7f8d0,checkout-api,0,300.67,0.3915,0,
checkout-api-7f8d0_97,2026-07-13T09:01:37+00:00,checkout-api-7f8d0,checkout-api,0,299.7,0.3902,0,
checkout-api-7f8d0_98,2026-07-13T09:01:38+00:00,checkout-api-7f8d0,checkout-api,0,301.84,0.393,0,
checkout-api-7f8d0_99,2026-07-13T09:01:39+00:00,checkout-api-7f8d0,checkout-api,0,290.34,0.378,0,
checkout-api-7f8d0_100,2026-07-13T09:01:40+00:00,checkout-api-7f8d0,checkout-api,0,312.17,0.4065,0,
checkout-api-7f8d0_101,2026-07-13T09:01:41+00:00,checkout-api-7f8d0,checkout-api,0,299.76,0.3903,0,
checkout-api-7f8d0_102,2026-07-13T09:01:42+00:00,checkout-api-7f8d0,checkout-api,0,311.88,0.4061,0,
checkout-api-7f8d0_103,2026-07-13T09:01:43+00:00,checkout-api-7f8d0,checkout-api,0,300.9,0.3918,0,
checkout-api-7f8d0_104,2026-07-13T09:01:44+00:00,checkout-api-7f8d0,checkout-api,0,305.39,0.3976,0,
checkout-api-7f8d0_105,2026-07-13T09:01:45+00:00,checkout-api-7f8d0,checkout-api,0,292.58,0.381,0,
checkout-api-7f8d0_106,2026-07-13T09:01:46+00:00,checkout-api-7f8d0,checkout-api,0,281.49,0.3665,0,
checkout-api-7f8d0_107,2026-07-13T09:01:47+00:00,checkout-api-7f8d0,checkout-api,0,306.11,0.3986,0,
checkout-api-7f8d0_108,2026-07-13T09:01:48+00:00,checkout-api-7f8d0,checkout-api,0,295.34,0.3846,0,
checkout-api-7f8d0_109,2026-07-13T09:01:49+00:00,checkout-api-7f8d0,checkout-api,0,303.71,0.3955,0,
checkout-api-7f8d0_110,2026-07-13T09:01:50+00:00,checkout-api-7f8d0,checkout-api,0,299.59,0.3901,0,
checkout-api-7f8d0_111,2026-07-13T09:01:51+00:00,checkout-api-7f8d0,checkout-api,0,298.95,0.3893,0,
checkout-api-7f8d0_112,2026-07-13T09:01:52+00:00,checkout-api-7f8d0,checkout-api,0,312.99,0.4075,0,
checkout-api-7f8d0_113,2026-07-13T09:01:53+00:00,checkout-api-7f8d0,checkout-api,0,306.2,0.3987,0,
checkout-api-7f8d0_114,2026-07-13T09:01:54+00:00,checkout-api-7f8d0,checkout-api,0,317.19,0.413,0,
checkout-api-7f8d0_115,2026-07-13T09:01:55+00:00,checkout-api-7f8d0,checkout-api,0,301.47,0.3925,0,
checkout-api-7f8d0_116,2026-07-13T09:01:56+00:00,checkout-api-7f8d0,checkout-api,0,291.7,0.3798,0,
checkout-api-7f8d0_117,2026-07-13T09:01:57+00:00,checkout-api-7f8d0,checkout-api,0,276.37,0.3599,0,
checkout-api-7f8d0_118,2026-07-13T09:01:58+00:00,checkout-api-7f8d0,checkout-api,0,321.89,0.4191,0,
checkout-api-7f8d0_119,2026-07-13T09:01:59+00:00,checkout-api-7f8d0,checkout-api,0,295.4,0.3846,0,
checkout-api-7f8d0_120,2026-07-13T09:02:00+00:00,checkout-api-7f8d0,checkout-api,0,294.66,0.3837,0,
checkout-api-7f8d0_121,2026-07-13T09:02:01+00:00,checkout-api-7f8d0,checkout-api,0,307.97,0.401,0,
checkout-api-7f8d0_122,2026-07-13T09:02:02+00:00,checkout-api-7f8d0,checkout-api,0,301.18,0.3922,0,
checkout-api-7f8d0_123,2026-07-13T09:02:03+00:00,checkout-api-7f8d0,checkout-api,0,297.48,0.3873,0,
checkout-api-7f8d0_124,2026-07-13T09:02:04+00:00,checkout-api-7f8d0,checkout-api,0,303.42,0.3951,0,
checkout-api-7f8d0_125,2026-07-13T09:02:05+00:00,checkout-api-7f8d0,checkout-api,0,289.67,0.3772,0,
checkout-api-7f8d0_126,2026-07-13T09:02:06+00:00,checkout-api-7f8d0,checkout-api,0,303.33,0.395,0,
checkout-api-7f8d0_127,2026-07-13T09:02:07+00:00,checkout-api-7f8d0,checkout-api,0,317.88,0.4139,0,
checkout-api-7f8d0_128,2026-07-13T09:02:08+00:00,checkout-api-7f8d0,checkout-api,0,293.52,0.3822,0,
checkout-api-7f8d0_129,2026-07-13T09:02:09+00:00,checkout-api-7f8d0,checkout-api,0,297.27,0.3871,0,
checkout-api-7f8d0_130,2026-07-13T09:02:10+00:00,checkout-api-7f8d0,checkout-api,0,297.45,0.3873,0,
checkout-api-7f8d0_131,2026-07-13T09:02:11+00:00,checkout-api-7f8d0,checkout-api,0,297.26,0.3871,0,
checkout-api-7f8d0_132,2026-07-13T09:02:12+00:00,checkout-api-7f8d0,checkout-api,0,308.69,0.4019,0,
checkout-api-7f8d0_133,2026-07-13T09:02:13+00:00,checkout-api-7f8d0,checkout-api,0,306.76,0.3994,0,
checkout-api-7f8d0_134,2026-07-13T09:02:14+00:00,checkout-api-7f8d0,checkout-api,0,301.0,0.3919,0,
checkout-api-7f8d0_135,2026-07-13T09:02:15+00:00,checkout-api-7f8d0,checkout-api,0,302.29,0.3936,0,
checkout-api-7f8d0_136,2026-07-13T09:02:16+00:00,checkout-api-7f8d0,checkout-api,0,312.05,0.4063,0,
checkout-api-7f8d0_137,2026-07-13T09:02:17+00:00,checkout-api-7f8d0,checkout-api,0,293.03,0.3815,0,
checkout-api-7f8d0_138,2026-07-13T09:02:18+00:00,checkout-api-7f8d0,checkout-api,0,292.08,0.3803,0,
checkout-api-7f8d0_139,2026-07-13T09:02:19+00:00,checkout-api-7f8d0,checkout-api,0,318.1,0.4142,0,
checkout-api-7f8d0_140,2026-07-13T09:02:20+00:00,checkout-api-7f8d0,checkout-api,0,294.25,0.3831,0,
checkout-api-7f8d0_141,2026-07-13T09:02:21+00:00,checkout-api-7f8d0,checkout-api,0,310.98,0.4049,0,
checkout-api-7f8d0_142,2026-07-13T09:02:22+00:00,checkout-api-7f8d0,checkout-api,0,288.07,0.3751,0,
checkout-api-7f8d0_143,2026-07-13T09:02:23+00:00,checkout-api-7f8d0,checkout-api,0,299.37,0.3898,0,
checkout-api-7f8d0_144,2026-07-13T09:02:24+00:00,checkout-api-7f8d0,checkout-api,0,294.1,0.3829,0,
checkout-api-7f8d0_145,2026-07-13T09:02:25+00:00,checkout-api-7f8d0,checkout-api,0,293.7,0.3824,0,
checkout-api-7f8d0_146,2026-07-13T09:02:26+00:00,checkout-api-7f8d0,checkout-api,0,304.35,0.3963,0,
checkout-api-7f8d0_147,2026-07-13T09:02:27+00:00,checkout-api-7f8d0,checkout-api,0,307.21,0.4,0,
checkout-api-7f8d0_148,2026-07-13T09:02:28+00:00,checkout-api-7f8d0,checkout-api,0,302.3,0.3936,0,
checkout-api-7f8d0_149,2026-07-13T09:02:29+00:00,checkout-api-7f8d0,checkout-api,0,301.28,0.3923,0,
checkout-api-7f8d0_150,2026-07-13T09:02:30+00:00,checkout-api-7f8d0,checkout-api,0,298.78,0.389,0,
checkout-api-7f8d0_151,2026-07-13T09:02:31+00:00,checkout-api-7f8d0,checkout-api,0,290.97,0.3789,0,
checkout-api-7f8d0_152,2026-07-13T09:02:32+00:00,checkout-api-7f8d0,checkout-api,0,309.34,0.4028,0,
checkout-api-7f8d0_153,2026-07-13T09:02:33+00:00,checkout-api-7f8d0,checkout-api,0,309.96,0.4036,0,
checkout-api-7f8d0_154,2026-07-13T09:02:34+00:00,checkout-api-7f8d0,checkout-api,0,291.66,0.3798,0,
checkout-api-7f8d0_155,2026-07-13T09:02:35+00:00,checkout-api-7f8d0,checkout-api,0,289.64,0.3771,0,
checkout-api-7f8d0_156,2026-07-13T09:02:36+00:00,checkout-api-7f8d0,checkout-api,0,311.94,0.4062,0,
checkout-api-7f8d0_157,2026-07-13T09:02:37+00:00,checkout-api-7f8d0,checkout-api,0,298.52,0.3887,0,
checkout-api-7f8d0_158,2026-07-13T09:02:38+00:00,checkout-api-7f8d0,checkout-api,0,284.36,0.3703,0,
checkout-api-7f8d0_159,2026-07-13T09:02:39+00:00,checkout-api-7f8d0,checkout-api,0,290.96,0.3789,0,
checkout-api-7f8d0_160,2026-07-13T09:02:40+00:00,checkout-api-7f8d0,checkout-api,0,288.81,0.3761,0,
checkout-api-7f8d0_161,2026-07-13T09:02:41+00:00,checkout-api-7f8d0,checkout-api,0,290.63,0.3784,0,
checkout-api-7f8d0_162,2026-07-13T09:02:42+00:00,checkout-api-7f8d0,checkout-api,0,309.3,0.4027,0,
checkout-api-7f8d0_163,2026-07-13T09:02:43+00:00,checkout-api-7f8d0,checkout-api,0,306.13,0.3986,0,
checkout-api-7f8d0_164,2026-07-13T09:02:44+00:00,checkout-api-7f8d0,checkout-api,0,290.89,0.3788,0,
checkout-api-7f8d0_165,2026-07-13T09:02:45+00:00,checkout-api-7f8d0,checkout-api,0,304.41,0.3964,0,
checkout-api-7f8d0_166,2026-07-13T09:02:46+00:00,checkout-api-7f8d0,checkout-api,0,302.79,0.3943,0,
checkout-api-7f8d0_167,2026-07-13T09:02:47+00:00,checkout-api-7f8d0,checkout-api,0,286.03,0.3724,0,
checkout-api-7f8d0_168,2026-07-13T09:02:48+00:00,checkout-api-7f8d0,checkout-api,0,303.9,0.3957,0,
checkout-api-7f8d0_169,2026-07-13T09:02:49+00:00,checkout-api-7f8d0,checkout-api,0,314.93,0.4101,0,
checkout-api-7f8d0_170,2026-07-13T09:02:50+00:00,checkout-api-7f8d0,checkout-api,0,294.41,0.3833,0,
checkout-api-7f8d0_171,2026-07-13T09:02:51+00:00,checkout-api-7f8d0,checkout-api,0,304.44,0.3964,0,
checkout-api-7f8d0_172,2026-07-13T09:02:52+00:00,checkout-api-7f8d0,checkout-api,0,288.94,0.3762,0,
checkout-api-7f8d0_173,2026-07-13T09:02:53+00:00,checkout-api-7f8d0,checkout-api,0,305.9,0.3983,0,
checkout-api-7f8d0_174,2026-07-13T09:02:54+00:00,checkout-api-7f8d0,checkout-api,0,296.98,0.3867,0,
checkout-api-7f8d0_175,2026-07-13T09:02:55+00:00,checkout-api-7f8d0,checkout-api,0,288.93,0.3762,0,
checkout-api-7f8d0_176,2026-07-13T09:02:56+00:00,checkout-api-7f8d0,checkout-api,0,297.22,0.387,0,
checkout-api-7f8d0_177,2026-07-13T09:02:57+00:00,checkout-api-7f8d0,checkout-api,0,311.8,0.406,0,
checkout-api-7f8d0_178,2026-07-13T09:02:58+00:00,checkout-api-7f8d0,checkout-api,0,293.09,0.3816,0,
checkout-api-7f8d0_179,2026-07-13T09:02:59+00:00,checkout-api-7f8d0,checkout-api,0,306.48,0.3991,0,
checkout-api-7f8d0_180,2026-07-13T09:03:00+00:00,checkout-api-7f8d0,checkout-api,0,291.04,0.379,0,
checkout-api-7f8d0_181,2026-07-13T09:03:01+00:00,checkout-api-7f8d0,checkout-api,0,301.08,0.392,0,
checkout-api-7f8d0_182,2026-07-13T09:03:02+00:00,checkout-api-7f8d0,checkout-api,0,289.69,0.3772,0,
checkout-api-7f8d0_183,2026-07-13T09:03:03+00:00,checkout-api-7f8d0,checkout-api,0,292.52,0.3809,0,
checkout-api-7f8d0_184,2026-07-13T09:03:04+00:00,checkout-api-7f8d0,checkout-api,0,290.27,0.378,0,
checkout-api-7f8d0_185,2026-07-13T09:03:05+00:00,checkout-api-7f8d0,checkout-api,0,309.57,0.4031,0,
checkout-api-7f8d0_186,2026-07-13T09:03:06+00:00,checkout-api-7f8d0,checkout-api,0,300.35,0.3911,0,
checkout-api-7f8d0_187,2026-07-13T09:03:07+00:00,checkout-api-7f8d0,checkout-api,0,293.69,0.3824,0,
checkout-api-7f8d0_188,2026-07-13T09:03:08+00:00,checkout-api-7f8d0,checkout-api,0,311.6,0.4057,0,
checkout-api-7f8d0_189,2026-07-13T09:03:09+00:00,checkout-api-7f8d0,checkout-api,0,306.01,0.3985,0,
checkout-api-7f8d0_190,2026-07-13T09:03:10+00:00,checkout-api-7f8d0,checkout-api,0,299.16,0.3895,0,
checkout-api-7f8d0_191,2026-07-13T09:03:11+00:00,checkout-api-7f8d0,checkout-api,0,293.21,0.3818,0,
checkout-api-7f8d0_192,2026-07-13T09:03:12+00:00,checkout-api-7f8d0,checkout-api,0,295.64,0.3849,0,
checkout-api-7f8d0_193,2026-07-13T09:03:13+00:00,checkout-api-7f8d0,checkout-api,0,302.09,0.3933,0,
checkout-api-7f8d0_194,2026-07-13T09:03:14+00:00,checkout-api-7f8d0,checkout-api,0,294.6,0.3836,0,
checkout-api-7f8d0_195,2026-07-13T09:03:15+00:00,checkout-api-7f8d0,checkout-api,0,302.48,0.3939,0,
checkout-api-7f8d0_196,2026-07-13T09:03:16+00:00,checkout-api-7f8d0,checkout-api,0,286.07,0.3725,0,
checkout-api-7f8d0_197,2026-07-13T09:03:17+00:00,checkout-api-7f8d0,checkout-api,0,297.91,0.3879,0,
checkout-api-7f8d0_198,2026-07-13T09:03:18+00:00,checkout-api-7f8d0,checkout-api,0,293.9,0.3827,0,
checkout-api-7f8d0_199,2026-07-13T09:03:19+00:00,checkout-api-7f8d0,checkout-api,0,301.54,0.3926,0,
checkout-api-7f8d0_200,2026-07-13T09:03:20+00:00,checkout-api-7f8d0,checkout-api,0,310.05,0.4037,0,
checkout-api-7f8d0_201,2026-07-13T09:03:21+00:00,checkout-api-7f8d0,checkout-api,0,299.59,0.3901,0,
checkout-api-7f8d0_202,2026-07-13T09:03:22+00:00,checkout-api-7f8d0,checkout-api,0,299.25,0.3896,0,
checkout-api-7f8d0_203,2026-07-13T09:03:23+00:00,checkout-api-7f8d0,checkout-api,0,303.57,0.3953,0,
checkout-api-7f8d0_204,2026-07-13T09:03:24+00:00,checkout-api-7f8d0,checkout-api,0,314.58,0.4096,0,
checkout-api-7f8d0_205,2026-07-13T09:03:25+00:00,checkout-api-7f8d0,checkout-api,0,307.68,0.4006,0,
checkout-api-7f8d0_206,2026-07-13T09:03:26+00:00,checkout-api-7f8d0,checkout-api,0,306.19,0.3987,0,
checkout-api-7f8d0_207,2026-07-13T09:03:27+00:00,checkout-api-7f8d0,checkout-api,0,290.57,0.3783,0,
checkout-api-7f8d0_208,2026-07-13T09:03:28+00:00,checkout-api-7f8d0,checkout-api,0,292.21,0.3805,0,
checkout-api-7f8d0_209,2026-07-13T09:03:29+00:00,checkout-api-7f8d0,checkout-api,0,306.71,0.3994,0,
checkout-api-7f8d0_210,2026-07-13T09:03:30+00:00,checkout-api-7f8d0,checkout-api,0,309.38,0.4028,0,
checkout-api-7f8d0_211,2026-07-13T09:03:31+00:00,checkout-api-7f8d0,checkout-api,0,301.38,0.3924,0,
checkout-api-7f8d0_212,2026-07-13T09:03:32+00:00,checkout-api-7f8d0,checkout-api,0,292.45,0.3808,0,
checkout-api-7f8d0_213,2026-07-13T09:03:33+00:00,checkout-api-7f8d0,checkout-api,0,310.68,0.4045,0,
checkout-api-7f8d0_214,2026-07-13T09:03:34+00:00,checkout-api-7f8d0,checkout-api,0,309.79,0.4034,0,
checkout-api-7f8d0_215,2026-07-13T09:03:35+00:00,checkout-api-7f8d0,checkout-api,0,297.45,0.3873,0,
checkout-api-7f8d0_216,2026-07-13T09:03:36+00:00,checkout-api-7f8d0,checkout-api,0,301.97,0.3932,0,
checkout-api-7f8d0_217,2026-07-13T09:03:37+00:00,checkout-api-7f8d0,checkout-api,0,300.31,0.391,0,
checkout-api-7f8d0_218,2026-07-13T09:03:38+00:00,checkout-api-7f8d0,checkout-api,0,304.53,0.3965,0,
checkout-api-7f8d0_219,2026-07-13T09:03:39+00:00,checkout-api-7f8d0,checkout-api,0,295.94,0.3853,0,
checkout-api-7f8d0_220,2026-07-13T09:03:40+00:00,checkout-api-7f8d0,checkout-api,0,310.57,0.4044,0,
checkout-api-7f8d0_221,2026-07-13T09:03:41+00:00,checkout-api-7f8d0,checkout-api,0,294.22,0.3831,0,
checkout-api-7f8d0_222,2026-07-13T09:03:42+00:00,checkout-api-7f8d0,checkout-api,0,301.63,0.3927,0,
checkout-api-7f8d0_223,2026-07-13T09:03:43+00:00,checkout-api-7f8d0,checkout-api,0,305.44,0.3977,0,
checkout-api-7f8d0_224,2026-07-13T09:03:44+00:00,checkout-api-7f8d0,checkout-api,0,292.13,0.3804,0,
checkout-api-7f8d0_225,2026-07-13T09:03:45+00:00,checkout-api-7f8d0,checkout-api,0,289.32,0.3767,0,
checkout-api-7f8d0_226,2026-07-13T09:03:46+00:00,checkout-api-7f8d0,checkout-api,0,301.3,0.3923,0,
checkout-api-7f8d0_227,2026-07-13T09:03:47+00:00,checkout-api-7f8d0,checkout-api,0,302.65,0.3941,0,
checkout-api-7f8d0_228,2026-07-13T09:03:48+00:00,checkout-api-7f8d0,checkout-api,0,297.96,0.388,0,
checkout-api-7f8d0_229,2026-07-13T09:03:49+00:00,checkout-api-7f8d0,checkout-api,0,291.7,0.3798,0,
checkout-api-7f8d0_230,2026-07-13T09:03:50+00:00,checkout-api-7f8d0,checkout-api,0,314.63,0.4097,0,
checkout-api-7f8d0_231,2026-07-13T09:03:51+00:00,checkout-api-7f8d0,checkout-api,0,296.48,0.386,0,
checkout-api-7f8d0_232,2026-07-13T09:03:52+00:00,checkout-api-7f8d0,checkout-api,0,298.33,0.3885,0,
checkout-api-7f8d0_233,2026-07-13T09:03:53+00:00,checkout-api-7f8d0,checkout-api,0,294.68,0.3837,0,
checkout-api-7f8d0_234,2026-07-13T09:03:54+00:00,checkout-api-7f8d0,checkout-api,0,300.77,0.3916,0,
checkout-api-7f8d0_235,2026-07-13T09:03:55+00:00,checkout-api-7f8d0,checkout-api,0,309.97,0.4036,0,
checkout-api-7f8d0_236,2026-07-13T09:03:56+00:00,checkout-api-7f8d0,checkout-api,0,301.72,0.3929,0,
checkout-api-7f8d0_237,2026-07-13T09:03:57+00:00,checkout-api-7f8d0,checkout-api,0,297.68,0.3876,0,
checkout-api-7f8d0_238,2026-07-13T09:03:58+00:00,checkout-api-7f8d0,checkout-api,0,296.5,0.3861,0,
checkout-api-7f8d0_239,2026-07-13T09:03:59+00:00,checkout-api-7f8d0,checkout-api,0,296.8,0.3865,0,
checkout-api-7f8d0_240,2026-07-13T09:04:00+00:00,checkout-api-7f8d0,checkout-api,0,294.46,0.3834,0,
checkout-api-7f8d0_241,2026-07-13T09:04:01+00:00,checkout-api-7f8d0,checkout-api,0,296.27,0.3858,0,
checkout-api-7f8d0_242,2026-07-13T09:04:02+00:00,checkout-api-7f8d0,checkout-api,0,291.43,0.3795,0,
checkout-api-7f8d0_243,2026-07-13T09:04:03+00:00,checkout-api-7f8d0,checkout-api,0,308.78,0.4021,0,
checkout-api-7f8d0_244,2026-07-13T09:04:04+00:00,checkout-api-7f8d0,checkout-api,0,287.85,0.3748,0,
checkout-api-7f8d0_245,2026-07-13T09:04:05+00:00,checkout-api-7f8d0,checkout-api,0,289.73,0.3773,0,
checkout-api-7f8d0_246,2026-07-13T09:04:06+00:00,checkout-api-7f8d0,checkout-api,0,298.3,0.3884,0,
checkout-api-7f8d0_247,2026-07-13T09:04:07+00:00,checkout-api-7f8d0,checkout-api,0,303.57,0.3953,0,
checkout-api-7f8d0_248,2026-07-13T09:04:08+00:00,checkout-api-7f8d0,checkout-api,0,302.88,0.3944,0,
checkout-api-7f8d0_249,2026-07-13T09:04:09+00:00,checkout-api-7f8d0,checkout-api,0,300.38,0.3911,0,
checkout-api-7f8d0_250,2026-07-13T09:04:10+00:00,checkout-api-7f8d0,checkout-api,0,304.34,0.3963,0,
checkout-api-7f8d0_251,2026-07-13T09:04:11+00:00,checkout-api-7f8d0,checkout-api,0,305.58,0.3979,0,
checkout-api-7f8d0_252,2026-07-13T09:04:12+00:00,checkout-api-7f8d0,checkout-api,0,300.25,0.391,0,
checkout-api-7f8d0_253,2026-07-13T09:04:13+00:00,checkout-api-7f8d0,checkout-api,0,293.81,0.3826,0,
checkout-api-7f8d0_254,2026-07-13T09:04:14+00:00,checkout-api-7f8d0,checkout-api,0,314.37,0.4093,0,
checkout-api-7f8d0_255,2026-07-13T09:04:15+00:00,checkout-api-7f8d0,checkout-api,0,296.79,0.3864,0,
checkout-api-7f8d0_256,2026-07-13T09:04:16+00:00,checkout-api-7f8d0,checkout-api,0,309.69,0.4032,0,
checkout-api-7f8d0_257,2026-07-13T09:04:17+00:00,checkout-api-7f8d0,checkout-api,0,299.66,0.3902,0,
checkout-api-7f8d0_258,2026-07-13T09:04:18+00:00,checkout-api-7f8d0,checkout-api,0,297.2,0.387,0,
checkout-api-7f8d0_259,2026-07-13T09:04:19+00:00,checkout-api-7f8d0,checkout-api,0,305.34,0.3976,0,
checkout-api-7f8d0_260,2026-07-13T09:04:20+00:00,checkout-api-7f8d0,checkout-api,0,298.4,0.3885,0,
checkout-api-7f8d0_261,2026-07-13T09:04:21+00:00,checkout-api-7f8d0,checkout-api,0,300.6,0.3914,0,
checkout-api-7f8d0_262,2026-07-13T09:04:22+00:00,checkout-api-7f8d0,checkout-api,0,294.12,0.383,0,
checkout-api-7f8d0_263,2026-07-13T09:04:23+00:00,checkout-api-7f8d0,checkout-api,0,301.94,0.3932,0,
checkout-api-7f8d0_264,2026-07-13T09:04:24+00:00,checkout-api-7f8d0,checkout-api,0,310.85,0.4048,0,
checkout-api-7f8d0_265,2026-07-13T09:04:25+00:00,checkout-api-7f8d0,checkout-api,0,305.07,0.3972,0,
checkout-api-7f8d0_266,2026-07-13T09:04:26+00:00,checkout-api-7f8d0,checkout-api,0,302.12,0.3934,0,
checkout-api-7f8d0_267,2026-07-13T09:04:27+00:00,checkout-api-7f8d0,checkout-api,0,311.07,0.405,0,
checkout-api-7f8d0_268,2026-07-13T09:04:28+00:00,checkout-api-7f8d0,checkout-api,0,310.27,0.404,0,
checkout-api-7f8d0_269,2026-07-13T09:04:29+00:00,checkout-api-7f8d0,checkout-api,0,303.49,0.3952,0,
checkout-api-7f8d0_270,2026-07-13T09:04:30+00:00,checkout-api-7f8d0,checkout-api,0,295.32,0.3845,0,
checkout-api-7f8d0_271,2026-07-13T09:04:31+00:00,checkout-api-7f8d0,checkout-api,0,308.19,0.4013,0,
checkout-api-7f8d0_272,2026-07-13T09:04:32+00:00,checkout-api-7f8d0,checkout-api,0,300.71,0.3915,0,
checkout-api-7f8d0_273,2026-07-13T09:04:33+00:00,checkout-api-7f8d0,checkout-api,0,299.15,0.3895,0,
checkout-api-7f8d0_274,2026-07-13T09:04:34+00:00,checkout-api-7f8d0,checkout-api,0,304.8,0.3969,0,
checkout-api-7f8d0_275,2026-07-13T09:04:35+00:00,checkout-api-7f8d0,checkout-api,0,294.48,0.3834,0,
checkout-api-7f8d0_276,2026-07-13T09:04:36+00:00,checkout-api-7f8d0,checkout-api,0,305.78,0.3982,0,
checkout-api-7f8d0_277,2026-07-13T09:04:37+00:00,checkout-api-7f8d0,checkout-api,0,295.99,0.3854,0,
checkout-api-7f8d0_278,2026-07-13T09:04:38+00:00,checkout-api-7f8d0,checkout-api,0,310.32,0.4041,0,
checkout-api-7f8d0_279,2026-07-13T09:04:39+00:00,checkout-api-7f8d0,checkout-api,0,308.31,0.4014,0,
checkout-api-7f8d0_280,2026-07-13T09:04:40+00:00,checkout-api-7f8d0,checkout-api,0,298.89,0.3892,0,
checkout-api-7f8d0_281,2026-07-13T09:04:41+00:00,checkout-api-7f8d0,checkout-api,0,304.22,0.3961,0,
checkout-api-7f8d0_282,2026-07-13T09:04:42+00:00,checkout-api-7f8d0,checkout-api,0,299.32,0.3897,0,
checkout-api-7f8d0_283,2026-07-13T09:04:43+00:00,checkout-api-7f8d0,checkout-api,0,294.02,0.3828,0,
checkout-api-7f8d0_284,2026-07-13T09:04:44+00:00,checkout-api-7f8d0,checkout-api,0,299.67,0.3902,0,
checkout-api-7f8d0_285,2026-07-13T09:04:45+00:00,checkout-api-7f8d0,checkout-api,0,314.94,0.4101,0,
checkout-api-7f8d0_286,2026-07-13T09:04:46+00:00,checkout-api-7f8d0,checkout-api,0,299.55,0.39,0,
checkout-api-7f8d0_287,2026-07-13T09:04:47+00:00,checkout-api-7f8d0,checkout-api,0,302.3,0.3936,0,
checkout-api-7f8d0_288,2026-07-13T09:04:48+00:00,checkout-api-7f8d0,checkout-api,0,302.49,0.3939,0,
checkout-api-7f8d0_289,2026-07-13T09:04:49+00:00,checkout-api-7f8d0,checkout-api,0,308.44,0.4016,0,
checkout-api-7f8d0_290,2026-07-13T09:04:50+00:00,checkout-api-7f8d0,checkout-api,0,290.45,0.3782,0,
checkout-api-7f8d0_291,2026-07-13T09:04:51+00:00,checkout-api-7f8d0,checkout-api,0,309.15,0.4025,0,
checkout-api-7f8d0_292,2026-07-13T09:04:52+00:00,checkout-api-7f8d0,checkout-api,0,301.7,0.3928,0,
checkout-api-7f8d0_293,2026-07-13T09:04:53+00:00,checkout-api-7f8d0,checkout-api,0,292.93,0.3814,0,
checkout-api-7f8d0_294,2026-07-13T09:04:54+00:00,checkout-api-7f8d0,checkout-api,0,294.02,0.3828,0,
checkout-api-7f8d0_295,2026-07-13T09:04:55+00:00,checkout-api-7f8d0,checkout-api,0,297.36,0.3872,0,
checkout-api-7f8d0_296,2026-07-13T09:04:56+00:00,checkout-api-7f8d0,checkout-api,0,294.5,0.3835,0,
checkout-api-7f8d0_297,2026-07-13T09:04:57+00:00,checkout-api-7f8d0,checkout-api,0,310.49,0.4043,0,
checkout-api-7f8d0_298,2026-07-13T09:04:58+00:00,checkout-api-7f8d0,checkout-api,0,298.28,0.3884,0,
checkout-api-7f8d0_299,2026-07-13T09:04:59+00:00,checkout-api-7f8d0,checkout-api,0,292.03,0.3802,0,
checkout-api-7f8d0_300,2026-07-13T09:05:00+00:00,checkout-api-7f8d0,checkout-api,0,296.76,0.3864,0,
checkout-api-7f8d0_301,2026-07-13T09:05:01+00:00,checkout-api-7f8d0,checkout-api,0,295.99,0.3854,0,
checkout-api-7f8d0_302,2026-07-13T09:05:02+00:00,checkout-api-7f8d0,checkout-api,0,292.32,0.3806,0,
checkout-api-7f8d0_303,2026-07-13T09:05:03+00:00,checkout-api-7f8d0,checkout-api,0,315.3,0.4105,0,
checkout-api-7f8d0_304,2026-07-13T09:05:04+00:00,checkout-api-7f8d0,checkout-api,0,301.66,0.3928,0,
checkout-api-7f8d0_305,2026-07-13T09:05:05+00:00,checkout-api-7f8d0,checkout-api,0,287.25,0.374,0,
checkout-api-7f8d0_306,2026-07-13T09:05:06+00:00,checkout-api-7f8d0,checkout-api,0,286.42,0.3729,0,
checkout-api-7f8d0_307,2026-07-13T09:05:07+00:00,checkout-api-7f8d0,checkout-api,0,300.29,0.391,0,
checkout-api-7f8d0_308,2026-07-13T09:05:08+00:00,checkout-api-7f8d0,checkout-api,0,295.56,0.3848,0,
checkout-api-7f8d0_309,2026-07-13T09:05:09+00:00,checkout-api-7f8d0,checkout-api,0,302.76,0.3942,0,
checkout-api-7f8d0_310,2026-07-13T09:05:10+00:00,checkout-api-7f8d0,checkout-api,0,311.78,0.406,0,
checkout-api-7f8d0_311,2026-07-13T09:05:11+00:00,checkout-api-7f8d0,checkout-api,0,298.3,0.3884,0,
checkout-api-7f8d0_312,2026-07-13T09:05:12+00:00,checkout-api-7f8d0,checkout-api,0,297.44,0.3873,0,
checkout-api-7f8d0_313,2026-07-13T09:05:13+00:00,checkout-api-7f8d0,checkout-api,0,294.73,0.3838,0,
checkout-api-7f8d0_314,2026-07-13T09:05:14+00:00,checkout-api-7f8d0,checkout-api,0,299.53,0.39,0,
checkout-api-7f8d0_315,2026-07-13T09:05:15+00:00,checkout-api-7f8d0,checkout-api,0,296.26,0.3858,0,
checkout-api-7f8d0_316,2026-07-13T09:05:16+00:00,checkout-api-7f8d0,checkout-api,0,295.7,0.385,0,
checkout-api-7f8d0_317,2026-07-13T09:05:17+00:00,checkout-api-7f8d0,checkout-api,0,286.22,0.3727,0,
checkout-api-7f8d0_318,2026-07-13T09:05:18+00:00,checkout-api-7f8d0,checkout-api,0,312.06,0.4063,0,
checkout-api-7f8d0_319,2026-07-13T09:05:19+00:00,checkout-api-7f8d0,checkout-api,0,291.24,0.3792,0,
checkout-api-7f8d0_320,2026-07-13T09:05:20+00:00,checkout-api-7f8d0,checkout-api,0,293.28,0.3819,0,
checkout-api-7f8d0_321,2026-07-13T09:05:21+00:00,checkout-api-7f8d0,checkout-api,0,291.0,0.3789,0,
checkout-api-7f8d0_322,2026-07-13T09:05:22+00:00,checkout-api-7f8d0,checkout-api,0,290.93,0.3788,0,
checkout-api-7f8d0_323,2026-07-13T09:05:23+00:00,checkout-api-7f8d0,checkout-api,0,296.79,0.3864,0,
checkout-api-7f8d0_324,2026-07-13T09:05:24+00:00,checkout-api-7f8d0,checkout-api,0,297.75,0.3877,0,
checkout-api-7f8d0_325,2026-07-13T09:05:25+00:00,checkout-api-7f8d0,checkout-api,0,291.53,0.3796,0,
checkout-api-7f8d0_326,2026-07-13T09:05:26+00:00,checkout-api-7f8d0,checkout-api,0,303.72,0.3955,0,
checkout-api-7f8d0_327,2026-07-13T09:05:27+00:00,checkout-api-7f8d0,checkout-api,0,289.68,0.3772,0,
checkout-api-7f8d0_328,2026-07-13T09:05:28+00:00,checkout-api-7f8d0,checkout-api,0,321.61,0.4188,0,
checkout-api-7f8d0_329,2026-07-13T09:05:29+00:00,checkout-api-7f8d0,checkout-api,0,302.92,0.3944,0,
checkout-api-7f8d0_330,2026-07-13T09:05:30+00:00,checkout-api-7f8d0,checkout-api,0,301.44,0.3925,0,
checkout-api-7f8d0_331,2026-07-13T09:05:31+00:00,checkout-api-7f8d0,checkout-api,0,300.23,0.3909,0,
checkout-api-7f8d0_332,2026-07-13T09:05:32+00:00,checkout-api-7f8d0,checkout-api,0,303.31,0.3949,0,
checkout-api-7f8d0_333,2026-07-13T09:05:33+00:00,checkout-api-7f8d0,checkout-api,0,302.86,0.3943,0,
checkout-api-7f8d0_334,2026-07-13T09:05:34+00:00,checkout-api-7f8d0,checkout-api,0,294.18,0.383,0,
checkout-api-7f8d0_335,2026-07-13T09:05:35+00:00,checkout-api-7f8d0,checkout-api,0,298.48,0.3886,0,
checkout-api-7f8d0_336,2026-07-13T09:05:36+00:00,checkout-api-7f8d0,checkout-api,0,302.27,0.3936,0,
checkout-api-7f8d0_337,2026-07-13T09:05:37+00:00,checkout-api-7f8d0,checkout-api,0,294.16,0.383,0,
checkout-api-7f8d0_338,2026-07-13T09:05:38+00:00,checkout-api-7f8d0,checkout-api,0,280.55,0.3653,0,
checkout-api-7f8d0_339,2026-07-13T09:05:39+00:00,checkout-api-7f8d0,checkout-api,0,299.82,0.3904,0,
checkout-api-7f8d0_340,2026-07-13T09:05:40+00:00,checkout-api-7f8d0,checkout-api,0,305.09,0.3973,0,
checkout-api-7f8d0_341,2026-07-13T09:05:41+00:00,checkout-api-7f8d0,checkout-api,0,295.09,0.3842,0,
checkout-api-7f8d0_342,2026-07-13T09:05:42+00:00,checkout-api-7f8d0,checkout-api,0,309.22,0.4026,0,
checkout-api-7f8d0_343,2026-07-13T09:05:43+00:00,checkout-api-7f8d0,checkout-api,0,296.87,0.3865,0,
checkout-api-7f8d0_344,2026-07-13T09:05:44+00:00,checkout-api-7f8d0,checkout-api,0,287.1,0.3738,0,
checkout-api-7f8d0_345,2026-07-13T09:05:45+00:00,checkout-api-7f8d0,checkout-api,0,289.21,0.3766,0,
checkout-api-7f8d0_346,2026-07-13T09:05:46+00:00,checkout-api-7f8d0,checkout-api,0,302.5,0.3939,0,
checkout-api-7f8d0_347,2026-07-13T09:05:47+00:00,checkout-api-7f8d0,checkout-api,0,294.92,0.384,0,
checkout-api-7f8d0_348,2026-07-13T09:05:48+00:00,checkout-api-7f8d0,checkout-api,0,301.01,0.3919,0,
checkout-api-7f8d0_349,2026-07-13T09:05:49+00:00,checkout-api-7f8d0,checkout-api,0,299.94,0.3905,0,
checkout-api-7f8d0_350,2026-07-13T09:05:50+00:00,checkout-api-7f8d0,checkout-api,0,305.78,0.3982,0,
checkout-api-7f8d0_351,2026-07-13T09:05:51+00:00,checkout-api-7f8d0,checkout-api,0,294.77,0.3838,0,
checkout-api-7f8d0_352,2026-07-13T09:05:52+00:00,checkout-api-7f8d0,checkout-api,0,301.76,0.3929,0,
checkout-api-7f8d0_353,2026-07-13T09:05:53+00:00,checkout-api-7f8d0,checkout-api,0,314.7,0.4098,0,
checkout-api-7f8d0_354,2026-07-13T09:05:54+00:00,checkout-api-7f8d0,checkout-api,0,287.61,0.3745,0,
checkout-api-7f8d0_355,2026-07-13T09:05:55+00:00,checkout-api-7f8d0,checkout-api,0,304.41,0.3964,0,
checkout-api-7f8d0_356,2026-07-13T09:05:56+00:00,checkout-api-7f8d0,checkout-api,0,297.45,0.3873,0,
checkout-api-7f8d0_357,2026-07-13T09:05:57+00:00,checkout-api-7f8d0,checkout-api,0,291.22,0.3792,0,
checkout-api-7f8d0_358,2026-07-13T09:05:58+00:00,checkout-api-7f8d0,checkout-api,0,299.31,0.3897,0,
checkout-api-7f8d0_359,2026-07-13T09:05:59+00:00,checkout-api-7f8d0,checkout-api,0,308.02,0.4011,0,
checkout-api-7f8d0_360,2026-07-13T09:06:00+00:00,checkout-api-7f8d0,checkout-api,0,300.06,0.3907,0,
checkout-api-7f8d0_361,2026-07-13T09:06:01+00:00,checkout-api-7f8d0,checkout-api,0,310.87,0.4048,0,
checkout-api-7f8d0_362,2026-07-13T09:06:02+00:00,checkout-api-7f8d0,checkout-api,0,293.9,0.3827,0,
checkout-api-7f8d0_363,2026-07-13T09:06:03+00:00,checkout-api-7f8d0,checkout-api,0,285.94,0.3723,0,
checkout-api-7f8d0_364,2026-07-13T09:06:04+00:00,checkout-api-7f8d0,checkout-api,0,276.99,0.3607,0,
checkout-api-7f8d0_365,2026-07-13T09:06:05+00:00,checkout-api-7f8d0,checkout-api,0,281.6,0.3667,0,
checkout-api-7f8d0_366,2026-07-13T09:06:06+00:00,checkout-api-7f8d0,checkout-api,0,299.63,0.3901,0,
checkout-api-7f8d0_367,2026-07-13T09:06:07+00:00,checkout-api-7f8d0,checkout-api,0,293.25,0.3818,0,
checkout-api-7f8d0_368,2026-07-13T09:06:08+00:00,checkout-api-7f8d0,checkout-api,0,301.84,0.393,0,
checkout-api-7f8d0_369,2026-07-13T09:06:09+00:00,checkout-api-7f8d0,checkout-api,0,294.26,0.3832,0,
checkout-api-7f8d0_370,2026-07-13T09:06:10+00:00,checkout-api-7f8d0,checkout-api,0,306.41,0.399,0,
checkout-api-7f8d0_371,2026-07-13T09:06:11+00:00,checkout-api-7f8d0,checkout-api,0,309.14,0.4025,0,
checkout-api-7f8d0_372,2026-07-13T09:06:12+00:00,checkout-api-7f8d0,checkout-api,0,301.58,0.3927,0,
checkout-api-7f8d0_373,2026-07-13T09:06:13+00:00,checkout-api-7f8d0,checkout-api,0,300.21,0.3909,0,
checkout-api-7f8d0_374,2026-07-13T09:06:14+00:00,checkout-api-7f8d0,checkout-api,0,306.88,0.3996,0,
checkout-api-7f8d0_375,2026-07-13T09:06:15+00:00,checkout-api-7f8d0,checkout-api,0,296.14,0.3856,0,
checkout-api-7f8d0_376,2026-07-13T09:06:16+00:00,checkout-api-7f8d0,checkout-api,0,293.84,0.3826,0,
checkout-api-7f8d0_377,2026-07-13T09:06:17+00:00,checkout-api-7f8d0,checkout-api,0,306.27,0.3988,0,
checkout-api-7f8d0_378,2026-07-13T09:06:18+00:00,checkout-api-7f8d0,checkout-api,0,302.55,0.3939,0,
checkout-api-7f8d0_379,2026-07-13T09:06:19+00:00,checkout-api-7f8d0,checkout-api,0,312.73,0.4072,0,
checkout-api-7f8d0_380,2026-07-13T09:06:20+00:00,checkout-api-7f8d0,checkout-api,0,306.91,0.3996,0,
checkout-api-7f8d0_381,2026-07-13T09:06:21+00:00,checkout-api-7f8d0,checkout-api,0,277.25,0.361,0,
checkout-api-7f8d0_382,2026-07-13T09:06:22+00:00,checkout-api-7f8d0,checkout-api,0,288.84,0.3761,0,
checkout-api-7f8d0_383,2026-07-13T09:06:23+00:00,checkout-api-7f8d0,checkout-api,0,308.61,0.4018,0,
checkout-api-7f8d0_384,2026-07-13T09:06:24+00:00,checkout-api-7f8d0,checkout-api,0,305.9,0.3983,0,
checkout-api-7f8d0_385,2026-07-13T09:06:25+00:00,checkout-api-7f8d0,checkout-api,0,289.93,0.3775,0,
checkout-api-7f8d0_386,2026-07-13T09:06:26+00:00,checkout-api-7f8d0,checkout-api,0,296.43,0.386,0,
checkout-api-7f8d0_387,2026-07-13T09:06:27+00:00,checkout-api-7f8d0,checkout-api,0,309.54,0.403,0,
checkout-api-7f8d0_388,2026-07-13T09:06:28+00:00,checkout-api-7f8d0,checkout-api,0,288.19,0.3752,0,
checkout-api-7f8d0_389,2026-07-13T09:06:29+00:00,checkout-api-7f8d0,checkout-api,0,285.62,0.3719,0,
checkout-api-7f8d0_390,2026-07-13T09:06:30+00:00,checkout-api-7f8d0,checkout-api,0,298.9,0.3892,0,
checkout-api-7f8d0_391,2026-07-13T09:06:31+00:00,checkout-api-7f8d0,checkout-api,0,299.74,0.3903,0,
checkout-api-7f8d0_392,2026-07-13T09:06:32+00:00,checkout-api-7f8d0,checkout-api,0,300.41,0.3912,0,
checkout-api-7f8d0_393,2026-07-13T09:06:33+00:00,checkout-api-7f8d0,checkout-api,0,314.66,0.4097,0,
checkout-api-7f8d0_394,2026-07-13T09:06:34+00:00,checkout-api-7f8d0,checkout-api,0,315.64,0.411,0,
checkout-api-7f8d0_395,2026-07-13T09:06:35+00:00,checkout-api-7f8d0,checkout-api,0,290.3,0.378,0,
checkout-api-7f8d0_396,2026-07-13T09:06:36+00:00,checkout-api-7f8d0,checkout-api,0,294.24,0.3831,0,
checkout-api-7f8d0_397,2026-07-13T09:06:37+00:00,checkout-api-7f8d0,checkout-api,0,308.22,0.4013,0,
checkout-api-7f8d0_398,2026-07-13T09:06:38+00:00,checkout-api-7f8d0,checkout-api,0,304.48,0.3965,0,
checkout-api-7f8d0_399,2026-07-13T09:06:39+00:00,checkout-api-7f8d0,checkout-api,0,292.26,0.3805,0,
checkout-api-7f8d0_400,2026-07-13T09:06:40+00:00,checkout-api-7f8d0,checkout-api,0,301.06,0.392,0,
checkout-api-7f8d0_401,2026-07-13T09:06:41+00:00,checkout-api-7f8d0,checkout-api,0,290.59,0.3784,0,
checkout-api-7f8d0_402,2026-07-13T09:06:42+00:00,checkout-api-7f8d0,checkout-api,0,296.57,0.3862,0,
checkout-api-7f8d0_403,2026-07-13T09:06:43+00:00,checkout-api-7f8d0,checkout-api,0,302.08,0.3933,0,
checkout-api-7f8d0_404,2026-07-13T09:06:44+00:00,checkout-api-7f8d0,checkout-api,0,288.66,0.3759,0,
checkout-api-7f8d0_405,2026-07-13T09:06:45+00:00,checkout-api-7f8d0,checkout-api,0,316.48,0.4121,0,
checkout-api-7f8d0_406,2026-07-13T09:06:46+00:00,checkout-api-7f8d0,checkout-api,0,283.98,0.3698,0,
checkout-api-7f8d0_407,2026-07-13T09:06:47+00:00,checkout-api-7f8d0,checkout-api,0,290.05,0.3777,0,
checkout-api-7f8d0_408,2026-07-13T09:06:48+00:00,checkout-api-7f8d0,checkout-api,0,307.03,0.3998,0,
checkout-api-7f8d0_409,2026-07-13T09:06:49+00:00,checkout-api-7f8d0,checkout-api,0,312.12,0.4064,0,
checkout-api-7f8d0_410,2026-07-13T09:06:50+00:00,checkout-api-7f8d0,checkout-api,0,300.14,0.3908,0,
checkout-api-7f8d0_411,2026-07-13T09:06:51+00:00,checkout-api-7f8d0,checkout-api,0,305.06,0.3972,0,
checkout-api-7f8d0_412,2026-07-13T09:06:52+00:00,checkout-api-7f8d0,checkout-api,0,301.52,0.3926,0,
checkout-api-7f8d0_413,2026-07-13T09:06:53+00:00,checkout-api-7f8d0,checkout-api,0,310.28,0.404,0,
checkout-api-7f8d0_414,2026-07-13T09:06:54+00:00,checkout-api-7f8d0,checkout-api,0,297.61,0.3875,0,
checkout-api-7f8d0_415,2026-07-13T09:06:55+00:00,checkout-api-7f8d0,checkout-api,0,292.47,0.3808,0,
checkout-api-7f8d0_416,2026-07-13T09:06:56+00:00,checkout-api-7f8d0,checkout-api,0,298.32,0.3884,0,
checkout-api-7f8d0_417,2026-07-13T09:06:57+00:00,checkout-api-7f8d0,checkout-api,0,301.15,0.3921,0,
checkout-api-7f8d0_418,2026-07-13T09:06:58+00:00,checkout-api-7f8d0,checkout-api,0,297.42,0.3873,0,
checkout-api-7f8d0_419,2026-07-13T09:06:59+00:00,checkout-api-7f8d0,checkout-api,0,298.59,0.3888,0,
checkout-api-7f8d0_420,2026-07-13T09:07:00+00:00,checkout-api-7f8d0,checkout-api,0,307.59,0.4005,0,
checkout-api-7f8d0_421,2026-07-13T09:07:01+00:00,checkout-api-7f8d0,checkout-api,0,301.15,0.3921,0,
checkout-api-7f8d0_422,2026-07-13T09:07:02+00:00,checkout-api-7f8d0,checkout-api,0,291.03,0.3789,0,
checkout-api-7f8d0_423,2026-07-13T09:07:03+00:00,checkout-api-7f8d0,checkout-api,0,299.58,0.3901,0,
checkout-api-7f8d0_424,2026-07-13T09:07:04+00:00,checkout-api-7f8d0,checkout-api,0,297.18,0.387,0,
checkout-api-7f8d0_425,2026-07-13T09:07:05+00:00,checkout-api-7f8d0,checkout-api,0,291.22,0.3792,0,
checkout-api-7f8d0_426,2026-07-13T09:07:06+00:00,checkout-api-7f8d0,checkout-api,0,299.97,0.3906,0,
checkout-api-7f8d0_427,2026-07-13T09:07:07+00:00,checkout-api-7f8d0,checkout-api,0,303.9,0.3957,0,
checkout-api-7f8d0_428,2026-07-13T09:07:08+00:00,checkout-api-7f8d0,checkout-api,0,311.21,0.4052,0,
checkout-api-7f8d0_429,2026-07-13T09:07:09+00:00,checkout-api-7f8d0,checkout-api,0,311.44,0.4055,0,
checkout-api-7f8d0_430,2026-07-13T09:07:10+00:00,checkout-api-7f8d0,checkout-api,0,300.26,0.391,0,
checkout-api-7f8d0_431,2026-07-13T09:07:11+00:00,checkout-api-7f8d0,checkout-api,0,290.85,0.3787,0,
checkout-api-7f8d0_432,2026-07-13T09:07:12+00:00,checkout-api-7f8d0,checkout-api,0,316.07,0.4115,0,
checkout-api-7f8d0_433,2026-07-13T09:07:13+00:00,checkout-api-7f8d0,checkout-api,0,300.09,0.3907,0,
checkout-api-7f8d0_434,2026-07-13T09:07:14+00:00,checkout-api-7f8d0,checkout-api,0,312.78,0.4073,0,
checkout-api-7f8d0_435,2026-07-13T09:07:15+00:00,checkout-api-7f8d0,checkout-api,0,299.48,0.3899,0,
checkout-api-7f8d0_436,2026-07-13T09:07:16+00:00,checkout-api-7f8d0,checkout-api,0,290.1,0.3777,0,
checkout-api-7f8d0_437,2026-07-13T09:07:17+00:00,checkout-api-7f8d0,checkout-api,0,294.5,0.3835,0,
checkout-api-7f8d0_438,2026-07-13T09:07:18+00:00,checkout-api-7f8d0,checkout-api,0,298.63,0.3888,0,
checkout-api-7f8d0_439,2026-07-13T09:07:19+00:00,checkout-api-7f8d0,checkout-api,0,301.45,0.3925,0,
checkout-api-7f8d0_440,2026-07-13T09:07:20+00:00,checkout-api-7f8d0,checkout-api,0,307.43,0.4003,0,
checkout-api-7f8d0_441,2026-07-13T09:07:21+00:00,checkout-api-7f8d0,checkout-api,0,307.46,0.4003,0,
checkout-api-7f8d0_442,2026-07-13T09:07:22+00:00,checkout-api-7f8d0,checkout-api,0,298.81,0.3891,0,
checkout-api-7f8d0_443,2026-07-13T09:07:23+00:00,checkout-api-7f8d0,checkout-api,0,279.46,0.3639,0,
checkout-api-7f8d0_444,2026-07-13T09:07:24+00:00,checkout-api-7f8d0,checkout-api,0,292.33,0.3806,0,
checkout-api-7f8d0_445,2026-07-13T09:07:25+00:00,checkout-api-7f8d0,checkout-api,0,306.63,0.3993,0,
checkout-api-7f8d0_446,2026-07-13T09:07:26+00:00,checkout-api-7f8d0,checkout-api,0,292.49,0.3808,0,
checkout-api-7f8d0_447,2026-07-13T09:07:27+00:00,checkout-api-7f8d0,checkout-api,0,293.76,0.3825,0,
checkout-api-7f8d0_448,2026-07-13T09:07:28+00:00,checkout-api-7f8d0,checkout-api,0,298.54,0.3887,0,
checkout-api-7f8d0_449,2026-07-13T09:07:29+00:00,checkout-api-7f8d0,checkout-api,0,310.83,0.4047,0,
checkout-api-7f8d0_450,2026-07-13T09:07:30+00:00,checkout-api-7f8d0,checkout-api,0,300.28,0.391,0,
checkout-api-7f8d0_451,2026-07-13T09:07:31+00:00,checkout-api-7f8d0,checkout-api,0,303.82,0.3956,0,
checkout-api-7f8d0_452,2026-07-13T09:07:32+00:00,checkout-api-7f8d0,checkout-api,0,276.53,0.3601,0,
checkout-api-7f8d0_453,2026-07-13T09:07:33+00:00,checkout-api-7f8d0,checkout-api,0,306.1,0.3986,0,
checkout-api-7f8d0_454,2026-07-13T09:07:34+00:00,checkout-api-7f8d0,checkout-api,0,298.08,0.3881,0,
checkout-api-7f8d0_455,2026-07-13T09:07:35+00:00,checkout-api-7f8d0,checkout-api,0,314.28,0.4092,0,
checkout-api-7f8d0_456,2026-07-13T09:07:36+00:00,checkout-api-7f8d0,checkout-api,0,288.18,0.3752,0,
checkout-api-7f8d0_457,2026-07-13T09:07:37+00:00,checkout-api-7f8d0,checkout-api,0,311.17,0.4052,0,
checkout-api-7f8d0_458,2026-07-13T09:07:38+00:00,checkout-api-7f8d0,checkout-api,0,292.76,0.3812,0,
checkout-api-7f8d0_459,2026-07-13T09:07:39+00:00,checkout-api-7f8d0,checkout-api,0,290.99,0.3789,0,
checkout-api-7f8d0_460,2026-07-13T09:07:40+00:00,checkout-api-7f8d0,checkout-api,0,300.65,0.3915,0,
checkout-api-7f8d0_461,2026-07-13T09:07:41+00:00,checkout-api-7f8d0,checkout-api,0,301.5,0.3926,0,
checkout-api-7f8d0_462,2026-07-13T09:07:42+00:00,checkout-api-7f8d0,checkout-api,0,299.14,0.3895,0,
checkout-api-7f8d0_463,2026-07-13T09:07:43+00:00,checkout-api-7f8d0,checkout-api,0,310.19,0.4039,0,
checkout-api-7f8d0_464,2026-07-13T09:07:44+00:00,checkout-api-7f8d0,checkout-api,0,306.85,0.3995,0,
checkout-api-7f8d0_465,2026-07-13T09:07:45+00:00,checkout-api-7f8d0,checkout-api,0,302.93,0.3944,0,
checkout-api-7f8d0_466,2026-07-13T09:07:46+00:00,checkout-api-7f8d0,checkout-api,0,300.5,0.3913,0,
checkout-api-7f8d0_467,2026-07-13T09:07:47+00:00,checkout-api-7f8d0,checkout-api,0,288.78,0.376,0,
checkout-api-7f8d0_468,2026-07-13T09:07:48+00:00,checkout-api-7f8d0,checkout-api,0,303.79,0.3956,0,
checkout-api-7f8d0_469,2026-07-13T09:07:49+00:00,checkout-api-7f8d0,checkout-api,0,317.85,0.4139,0,
checkout-api-7f8d0_470,2026-07-13T09:07:50+00:00,checkout-api-7f8d0,checkout-api,0,295.05,0.3842,0,
checkout-api-7f8d0_471,2026-07-13T09:07:51+00:00,checkout-api-7f8d0,checkout-api,0,302.32,0.3936,0,
checkout-api-7f8d0_472,2026-07-13T09:07:52+00:00,checkout-api-7f8d0,checkout-api,0,300.64,0.3915,0,
checkout-api-7f8d0_473,2026-07-13T09:07:53+00:00,checkout-api-7f8d0,checkout-api,0,309.02,0.4024,0,
checkout-api-7f8d0_474,2026-07-13T09:07:54+00:00,checkout-api-7f8d0,checkout-api,0,288.23,0.3753,0,
checkout-api-7f8d0_475,2026-07-13T09:07:55+00:00,checkout-api-7f8d0,checkout-api,0,286.51,0.3731,0,
checkout-api-7f8d0_476,2026-07-13T09:07:56+00:00,checkout-api-7f8d0,checkout-api,0,303.15,0.3947,0,
checkout-api-7f8d0_477,2026-07-13T09:07:57+00:00,checkout-api-7f8d0,checkout-api,0,296.46,0.386,0,
checkout-api-7f8d0_478,2026-07-13T09:07:58+00:00,checkout-api-7f8d0,checkout-api,0,312.67,0.4071,0,
checkout-api-7f8d0_479,2026-07-13T09:07:59+00:00,checkout-api-7f8d0,checkout-api,0,291.43,0.3795,0,
checkout-api-7f8d0_480,2026-07-13T09:08:00+00:00,checkout-api-7f8d0,checkout-api,0,293.31,0.3819,0,
checkout-api-7f8d0_481,2026-07-13T09:08:01+00:00,checkout-api-7f8d0,checkout-api,0,297.22,0.387,0,
checkout-api-7f8d0_482,2026-07-13T09:08:02+00:00,checkout-api-7f8d0,checkout-api,0,302.01,0.3932,0,
checkout-api-7f8d0_483,2026-07-13T09:08:03+00:00,checkout-api-7f8d0,checkout-api,0,317.69,0.4137,0,
checkout-api-7f8d0_484,2026-07-13T09:08:04+00:00,checkout-api-7f8d0,checkout-api,0,294.96,0.3841,0,
checkout-api-7f8d0_485,2026-07-13T09:08:05+00:00,checkout-api-7f8d0,checkout-api,0,292.91,0.3814,0,
checkout-api-7f8d0_486,2026-07-13T09:08:06+00:00,checkout-api-7f8d0,checkout-api,0,308.36,0.4015,0,
checkout-api-7f8d0_487,2026-07-13T09:08:07+00:00,checkout-api-7f8d0,checkout-api,0,302.56,0.394,0,
checkout-api-7f8d0_488,2026-07-13T09:08:08+00:00,checkout-api-7f8d0,checkout-api,0,317.13,0.4129,0,
checkout-api-7f8d0_489,2026-07-13T09:08:09+00:00,checkout-api-7f8d0,checkout-api,0,301.64,0.3928,0,
checkout-api-7f8d0_490,2026-07-13T09:08:10+00:00,checkout-api-7f8d0,checkout-api,0,289.66,0.3772,0,
checkout-api-7f8d0_491,2026-07-13T09:08:11+00:00,checkout-api-7f8d0,checkout-api,0,316.28,0.4118,0,
checkout-api-7f8d0_492,2026-07-13T09:08:12+00:00,checkout-api-7f8d0,checkout-api,0,282.82,0.3683,0,
checkout-api-7f8d0_493,2026-07-13T09:08:13+00:00,checkout-api-7f8d0,checkout-api,0,313.87,0.4087,0,
checkout-api-7f8d0_494,2026-07-13T09:08:14+00:00,checkout-api-7f8d0,checkout-api,0,307.3,0.4001,0,
checkout-api-7f8d0_495,2026-07-13T09:08:15+00:00,checkout-api-7f8d0,checkout-api,0,292.21,0.3805,0,
checkout-api-7f8d0_496,2026-07-13T09:08:16+00:00,checkout-api-7f8d0,checkout-api,0,292.28,0.3806,0,
checkout-api-7f8d0_497,2026-07-13T09:08:17+00:00,checkout-api-7f8d0,checkout-api,0,302.84,0.3943,0,
checkout-api-7f8d0_498,2026-07-13T09:08:18+00:00,checkout-api-7f8d0,checkout-api,0,303.02,0.3946,0,
checkout-api-7f8d0_499,2026-07-13T09:08:19+00:00,checkout-api-7f8d0,checkout-api,0,290.95,0.3788,0,
checkout-api-7f8d0_500,2026-07-13T09:08:20+00:00,checkout-api-7f8d0,checkout-api,0,308.91,0.4022,0,
checkout-api-7f8d0_501,2026-07-13T09:08:21+00:00,checkout-api-7f8d0,checkout-api,0,302.77,0.3942,0,
checkout-api-7f8d0_502,2026-07-13T09:08:22+00:00,checkout-api-7f8d0,checkout-api,0,298.46,0.3886,0,
checkout-api-7f8d0_503,2026-07-13T09:08:23+00:00,checkout-api-7f8d0,checkout-api,0,310.64,0.4045,0,
checkout-api-7f8d0_504,2026-07-13T09:08:24+00:00,checkout-api-7f8d0,checkout-api,0,287.26,0.374,0,
checkout-api-7f8d0_505,2026-07-13T09:08:25+00:00,checkout-api-7f8d0,checkout-api,0,292.27,0.3806,0,
checkout-api-7f8d0_506,2026-07-13T09:08:26+00:00,checkout-api-7f8d0,checkout-api,0,300.44,0.3912,0,
checkout-api-7f8d0_507,2026-07-13T09:08:27+00:00,checkout-api-7f8d0,checkout-api,0,311.58,0.4057,0,
checkout-api-7f8d0_508,2026-07-13T09:08:28+00:00,checkout-api-7f8d0,checkout-api,0,297.28,0.3871,0,
checkout-api-7f8d0_509,2026-07-13T09:08:29+00:00,checkout-api-7f8d0,checkout-api,0,296.63,0.3862,0,
checkout-api-7f8d0_510,2026-07-13T09:08:30+00:00,checkout-api-7f8d0,checkout-api,0,306.97,0.3997,0,
checkout-api-7f8d0_511,2026-07-13T09:08:31+00:00,checkout-api-7f8d0,checkout-api,0,300.65,0.3915,0,
checkout-api-7f8d0_512,2026-07-13T09:08:32+00:00,checkout-api-7f8d0,checkout-api,0,301.94,0.3932,0,
checkout-api-7f8d0_513,2026-07-13T09:08:33+00:00,checkout-api-7f8d0,checkout-api,0,297.75,0.3877,0,
checkout-api-7f8d0_514,2026-07-13T09:08:34+00:00,checkout-api-7f8d0,checkout-api,0,301.31,0.3923,0,
checkout-api-7f8d0_515,2026-07-13T09:08:35+00:00,checkout-api-7f8d0,checkout-api,0,304.99,0.3971,0,
checkout-api-7f8d0_516,2026-07-13T09:08:36+00:00,checkout-api-7f8d0,checkout-api,0,307.05,0.3998,0,
checkout-api-7f8d0_517,2026-07-13T09:08:37+00:00,checkout-api-7f8d0,checkout-api,0,300.96,0.3919,0,
checkout-api-7f8d0_518,2026-07-13T09:08:38+00:00,checkout-api-7f8d0,checkout-api,0,307.26,0.4001,0,
checkout-api-7f8d0_519,2026-07-13T09:08:39+00:00,checkout-api-7f8d0,checkout-api,0,297.64,0.3876,0,
checkout-api-7f8d0_520,2026-07-13T09:08:40+00:00,checkout-api-7f8d0,checkout-api,0,294.76,0.3838,0,
checkout-api-7f8d0_521,2026-07-13T09:08:41+00:00,checkout-api-7f8d0,checkout-api,0,284.13,0.37,0,
checkout-api-7f8d0_522,2026-07-13T09:08:42+00:00,checkout-api-7f8d0,checkout-api,0,305.66,0.398,0,
checkout-api-7f8d0_523,2026-07-13T09:08:43+00:00,checkout-api-7f8d0,checkout-api,0,285.01,0.3711,0,
checkout-api-7f8d0_524,2026-07-13T09:08:44+00:00,checkout-api-7f8d0,checkout-api,0,308.63,0.4019,0,
checkout-api-7f8d0_525,2026-07-13T09:08:45+00:00,checkout-api-7f8d0,checkout-api,0,300.64,0.3915,0,
checkout-api-7f8d0_526,2026-07-13T09:08:46+00:00,checkout-api-7f8d0,checkout-api,0,298.58,0.3888,0,
checkout-api-7f8d0_527,2026-07-13T09:08:47+00:00,checkout-api-7f8d0,checkout-api,0,302.47,0.3938,0,
checkout-api-7f8d0_528,2026-07-13T09:08:48+00:00,checkout-api-7f8d0,checkout-api,0,300.1,0.3908,0,
checkout-api-7f8d0_529,2026-07-13T09:08:49+00:00,checkout-api-7f8d0,checkout-api,0,303.4,0.3951,0,
checkout-api-7f8d0_530,2026-07-13T09:08:50+00:00,checkout-api-7f8d0,checkout-api,0,293.67,0.3824,0,
checkout-api-7f8d0_531,2026-07-13T09:08:51+00:00,checkout-api-7f8d0,checkout-api,0,294.32,0.3832,0,
checkout-api-7f8d0_532,2026-07-13T09:08:52+00:00,checkout-api-7f8d0,checkout-api,0,296.78,0.3864,0,
checkout-api-7f8d0_533,2026-07-13T09:08:53+00:00,checkout-api-7f8d0,checkout-api,0,301.6,0.3927,0,
checkout-api-7f8d0_534,2026-07-13T09:08:54+00:00,checkout-api-7f8d0,checkout-api,0,316.78,0.4125,0,
checkout-api-7f8d0_535,2026-07-13T09:08:55+00:00,checkout-api-7f8d0,checkout-api,0,293.58,0.3823,0,
checkout-api-7f8d0_536,2026-07-13T09:08:56+00:00,checkout-api-7f8d0,checkout-api,0,285.2,0.3714,0,
checkout-api-7f8d0_537,2026-07-13T09:08:57+00:00,checkout-api-7f8d0,checkout-api,0,300.37,0.3911,0,
checkout-api-7f8d0_538,2026-07-13T09:08:58+00:00,checkout-api-7f8d0,checkout-api,0,303.41,0.3951,0,
checkout-api-7f8d0_539,2026-07-13T09:08:59+00:00,checkout-api-7f8d0,checkout-api,0,306.36,0.3989,0,
checkout-api-7f8d0_540,2026-07-13T09:09:00+00:00,checkout-api-7f8d0,checkout-api,0,289.32,0.3767,0,
checkout-api-7f8d0_541,2026-07-13T09:09:01+00:00,checkout-api-7f8d0,checkout-api,0,293.32,0.3819,0,
checkout-api-7f8d0_542,2026-07-13T09:09:02+00:00,checkout-api-7f8d0,checkout-api,0,301.63,0.3927,0,
checkout-api-7f8d0_543,2026-07-13T09:09:03+00:00,checkout-api-7f8d0,checkout-api,0,298.07,0.3881,0,
checkout-api-7f8d0_544,2026-07-13T09:09:04+00:00,checkout-api-7f8d0,checkout-api,0,298.66,0.3889,0,
checkout-api-7f8d0_545,2026-07-13T09:09:05+00:00,checkout-api-7f8d0,checkout-api,0,308.91,0.4022,0,
checkout-api-7f8d0_546,2026-07-13T09:09:06+00:00,checkout-api-7f8d0,checkout-api,0,302.37,0.3937,0,
checkout-api-7f8d0_547,2026-07-13T09:09:07+00:00,checkout-api-7f8d0,checkout-api,0,293.65,0.3824,0,
checkout-api-7f8d0_548,2026-07-13T09:09:08+00:00,checkout-api-7f8d0,checkout-api,0,304.88,0.397,0,
checkout-api-7f8d0_549,2026-07-13T09:09:09+00:00,checkout-api-7f8d0,checkout-api,0,305.21,0.3974,0,
checkout-api-7f8d0_550,2026-07-13T09:09:10+00:00,checkout-api-7f8d0,checkout-api,0,312.23,0.4065,0,
checkout-api-7f8d0_551,2026-07-13T09:09:11+00:00,checkout-api-7f8d0,checkout-api,0,290.33,0.378,0,
checkout-api-7f8d0_552,2026-07-13T09:09:12+00:00,checkout-api-7f8d0,checkout-api,0,305.25,0.3975,0,
checkout-api-7f8d0_553,2026-07-13T09:09:13+00:00,checkout-api-7f8d0,checkout-api,0,304.73,0.3968,0,
checkout-api-7f8d0_554,2026-07-13T09:09:14+00:00,checkout-api-7f8d0,checkout-api,0,297.33,0.3871,0,
checkout-api-7f8d0_555,2026-07-13T09:09:15+00:00,checkout-api-7f8d0,checkout-api,0,298.42,0.3886,0,
checkout-api-7f8d0_556,2026-07-13T09:09:16+00:00,checkout-api-7f8d0,checkout-api,0,285.7,0.372,0,
checkout-api-7f8d0_557,2026-07-13T09:09:17+00:00,checkout-api-7f8d0,checkout-api,0,295.4,0.3846,0,
checkout-api-7f8d0_558,2026-07-13T09:09:18+00:00,checkout-api-7f8d0,checkout-api,0,305.77,0.3981,0,
checkout-api-7f8d0_559,2026-07-13T09:09:19+00:00,checkout-api-7f8d0,checkout-api,0,308.31,0.4014,0,
checkout-api-7f8d0_560,2026-07-13T09:09:20+00:00,checkout-api-7f8d0,checkout-api,0,311.32,0.4054,0,
checkout-api-7f8d0_561,2026-07-13T09:09:21+00:00,checkout-api-7f8d0,checkout-api,0,301.0,0.3919,0,
checkout-api-7f8d0_562,2026-07-13T09:09:22+00:00,checkout-api-7f8d0,checkout-api,0,310.58,0.4044,0,
checkout-api-7f8d0_563,2026-07-13T09:09:23+00:00,checkout-api-7f8d0,checkout-api,0,294.48,0.3834,0,
checkout-api-7f8d0_564,2026-07-13T09:09:24+00:00,checkout-api-7f8d0,checkout-api,0,306.79,0.3995,0,
checkout-api-7f8d0_565,2026-07-13T09:09:25+00:00,checkout-api-7f8d0,checkout-api,0,314.94,0.4101,0,
checkout-api-7f8d0_566,2026-07-13T09:09:26+00:00,checkout-api-7f8d0,checkout-api,0,292.15,0.3804,0,
checkout-api-7f8d0_567,2026-07-13T09:09:27+00:00,checkout-api-7f8d0,checkout-api,0,296.97,0.3867,0,
checkout-api-7f8d0_568,2026-07-13T09:09:28+00:00,checkout-api-7f8d0,checkout-api,0,302.04,0.3933,0,
checkout-api-7f8d0_569,2026-07-13T09:09:29+00:00,checkout-api-7f8d0,checkout-api,0,306.9,0.3996,0,
checkout-api-7f8d0_570,2026-07-13T09:09:30+00:00,checkout-api-7f8d0,checkout-api,0,287.06,0.3738,0,
checkout-api-7f8d0_571,2026-07-13T09:09:31+00:00,checkout-api-7f8d0,checkout-api,0,292.28,0.3806,0,
checkout-api-7f8d0_572,2026-07-13T09:09:32+00:00,checkout-api-7f8d0,checkout-api,0,300.3,0.391,0,
checkout-api-7f8d0_573,2026-07-13T09:09:33+00:00,checkout-api-7f8d0,checkout-api,0,310.94,0.4049,0,
checkout-api-7f8d0_574,2026-07-13T09:09:34+00:00,checkout-api-7f8d0,checkout-api,0,279.84,0.3644,0,
checkout-api-7f8d0_575,2026-07-13T09:09:35+00:00,checkout-api-7f8d0,checkout-api,0,295.61,0.3849,0,
checkout-api-7f8d0_576,2026-07-13T09:09:36+00:00,checkout-api-7f8d0,checkout-api,0,302.55,0.3939,0,
checkout-api-7f8d0_577,2026-07-13T09:09:37+00:00,checkout-api-7f8d0,checkout-api,0,298.05,0.3881,0,
checkout-api-7f8d0_578,2026-07-13T09:09:38+00:00,checkout-api-7f8d0,checkout-api,0,315.34,0.4106,0,
checkout-api-7f8d0_579,2026-07-13T09:09:39+00:00,checkout-api-7f8d0,checkout-api,0,296.24,0.3857,0,
checkout-api-7f8d0_580,2026-07-13T09:09:40+00:00,checkout-api-7f8d0,checkout-api,0,304.94,0.3971,0,
checkout-api-7f8d0_581,2026-07-13T09:09:41+00:00,checkout-api-7f8d0,checkout-api,0,299.69,0.3902,0,
checkout-api-7f8d0_582,2026-07-13T09:09:42+00:00,checkout-api-7f8d0,checkout-api,0,288.63,0.3758,0,
checkout-api-7f8d0_583,2026-07-13T09:09:43+00:00,checkout-api-7f8d0,checkout-api,0,293.92,0.3827,0,
checkout-api-7f8d0_584,2026-07-13T09:09:44+00:00,checkout-api-7f8d0,checkout-api,0,288.36,0.3755,0,
checkout-api-7f8d0_585,2026-07-13T09:09:45+00:00,checkout-api-7f8d0,checkout-api,0,306.05,0.3985,0,
checkout-api-7f8d0_586,2026-07-13T09:09:46+00:00,checkout-api-7f8d0,checkout-api,0,306.8,0.3995,0,
checkout-api-7f8d0_587,2026-07-13T09:09:47+00:00,checkout-api-7f8d0,checkout-api,0,297.19,0.387,0,
checkout-api-7f8d0_588,2026-07-13T09:09:48+00:00,checkout-api-7f8d0,checkout-api,0,303.06,0.3946,0,
checkout-api-7f8d0_589,2026-07-13T09:09:49+00:00,checkout-api-7f8d0,checkout-api,0,301.73,0.3929,0,
checkout-api-7f8d0_590,2026-07-13T09:09:50+00:00,checkout-api-7f8d0,checkout-api,0,295.81,0.3852,0,
checkout-api-7f8d0_591,2026-07-13T09:09:51+00:00,checkout-api-7f8d0,checkout-api,0,303.64,0.3954,0,
checkout-api-7f8d0_592,2026-07-13T09:09:52+00:00,checkout-api-7f8d0,checkout-api,0,300.57,0.3914,0,
checkout-api-7f8d0_593,2026-07-13T09:09:53+00:00,checkout-api-7f8d0,checkout-api,0,293.13,0.3817,0,
checkout-api-7f8d0_594,2026-07-13T09:09:54+00:00,checkout-api-7f8d0,checkout-api,0,302.91,0.3944,0,
checkout-api-7f8d0_595,2026-07-13T09:09:55+00:00,checkout-api-7f8d0,checkout-api,0,291.32,0.3793,0,
checkout-api-7f8d0_596,2026-07-13T09:09:56+00:00,checkout-api-7f8d0,checkout-api,0,307.17,0.4,0,
checkout-api-7f8d0_597,2026-07-13T09:09:57+00:00,checkout-api-7f8d0,checkout-api,0,300.35,0.3911,0,
checkout-api-7f8d0_598,2026-07-13T09:09:58+00:00,checkout-api-7f8d0,checkout-api,0,296.06,0.3855,0,
checkout-api-7f8d0_599,2026-07-13T09:09:59+00:00,checkout-api-7f8d0,checkout-api,0,304.16,0.396,0,
checkout-api-7f8d0_600,2026-07-13T09:10:00+00:00,checkout-api-7f8d0,checkout-api,0,296.81,0.3865,0,
checkout-api-7f8d0_601,2026-07-13T09:10:01+00:00,checkout-api-7f8d0,checkout-api,0,316.49,0.4121,0,
checkout-api-7f8d0_602,2026-07-13T09:10:02+00:00,checkout-api-7f8d0,checkout-api,0,296.07,0.3855,0,
checkout-api-7f8d0_603,2026-07-13T09:10:03+00:00,checkout-api-7f8d0,checkout-api,0,301.04,0.392,0,
checkout-api-7f8d0_604,2026-07-13T09:10:04+00:00,checkout-api-7f8d0,checkout-api,0,300.92,0.3918,0,
checkout-api-7f8d0_605,2026-07-13T09:10:05+00:00,checkout-api-7f8d0,checkout-api,0,281.82,0.367,0,
checkout-api-7f8d0_606,2026-07-13T09:10:06+00:00,checkout-api-7f8d0,checkout-api,0,300.02,0.3907,0,
checkout-api-7f8d0_607,2026-07-13T09:10:07+00:00,checkout-api-7f8d0,checkout-api,0,300.51,0.3913,0,
checkout-api-7f8d0_608,2026-07-13T09:10:08+00:00,checkout-api-7f8d0,checkout-api,0,305.74,0.3981,0,
checkout-api-7f8d0_609,2026-07-13T09:10:09+00:00,checkout-api-7f8d0,checkout-api,0,304.97,0.3971,0,
checkout-api-7f8d0_610,2026-07-13T09:10:10+00:00,checkout-api-7f8d0,checkout-api,0,284.4,0.3703,0,
checkout-api-7f8d0_611,2026-07-13T09:10:11+00:00,checkout-api-7f8d0,checkout-api,0,291.93,0.3801,0,
checkout-api-7f8d0_612,2026-07-13T09:10:12+00:00,checkout-api-7f8d0,checkout-api,0,304.35,0.3963,0,
checkout-api-7f8d0_613,2026-07-13T09:10:13+00:00,checkout-api-7f8d0,checkout-api,0,303.73,0.3955,0,
checkout-api-7f8d0_614,2026-07-13T09:10:14+00:00,checkout-api-7f8d0,checkout-api,0,309.97,0.4036,0,
checkout-api-7f8d0_615,2026-07-13T09:10:15+00:00,checkout-api-7f8d0,checkout-api,0,312.26,0.4066,0,
checkout-api-7f8d0_616,2026-07-13T09:10:16+00:00,checkout-api-7f8d0,checkout-api,0,296.99,0.3867,0,
checkout-api-7f8d0_617,2026-07-13T09:10:17+00:00,checkout-api-7f8d0,checkout-api,0,309.51,0.403,0,
checkout-api-7f8d0_618,2026-07-13T09:10:18+00:00,checkout-api-7f8d0,checkout-api,0,303.04,0.3946,0,
checkout-api-7f8d0_619,2026-07-13T09:10:19+00:00,checkout-api-7f8d0,checkout-api,0,292.52,0.3809,0,
checkout-api-7f8d0_620,2026-07-13T09:10:20+00:00,checkout-api-7f8d0,checkout-api,0,308.98,0.4023,0,
checkout-api-7f8d0_621,2026-07-13T09:10:21+00:00,checkout-api-7f8d0,checkout-api,0,308.38,0.4015,0,
checkout-api-7f8d0_622,2026-07-13T09:10:22+00:00,checkout-api-7f8d0,checkout-api,0,292.28,0.3806,0,
checkout-api-7f8d0_623,2026-07-13T09:10:23+00:00,checkout-api-7f8d0,checkout-api,0,310.15,0.4038,0,
checkout-api-7f8d0_624,2026-07-13T09:10:24+00:00,checkout-api-7f8d0,checkout-api,0,301.2,0.3922,0,
checkout-api-7f8d0_625,2026-07-13T09:10:25+00:00,checkout-api-7f8d0,checkout-api,0,297.39,0.3872,0,
checkout-api-7f8d0_626,2026-07-13T09:10:26+00:00,checkout-api-7f8d0,checkout-api,0,290.99,0.3789,0,
checkout-api-7f8d0_627,2026-07-13T09:10:27+00:00,checkout-api-7f8d0,checkout-api,0,304.69,0.3967,0,
checkout-api-7f8d0_628,2026-07-13T09:10:28+00:00,checkout-api-7f8d0,checkout-api,0,301.57,0.3927,0,
checkout-api-7f8d0_629,2026-07-13T09:10:29+00:00,checkout-api-7f8d0,checkout-api,0,299.02,0.3893,0,
checkout-api-7f8d0_630,2026-07-13T09:10:30+00:00,checkout-api-7f8d0,checkout-api,0,310.02,0.4037,0,
checkout-api-7f8d0_631,2026-07-13T09:10:31+00:00,checkout-api-7f8d0,checkout-api,0,300.95,0.3919,0,
checkout-api-7f8d0_632,2026-07-13T09:10:32+00:00,checkout-api-7f8d0,checkout-api,0,301.42,0.3925,0,
checkout-api-7f8d0_633,2026-07-13T09:10:33+00:00,checkout-api-7f8d0,checkout-api,0,305.81,0.3982,0,
checkout-api-7f8d0_634,2026-07-13T09:10:34+00:00,checkout-api-7f8d0,checkout-api,0,289.34,0.3767,0,
checkout-api-7f8d0_635,2026-07-13T09:10:35+00:00,checkout-api-7f8d0,checkout-api,0,290.29,0.378,0,
checkout-api-7f8d0_636,2026-07-13T09:10:36+00:00,checkout-api-7f8d0,checkout-api,0,300.07,0.3907,0,
checkout-api-7f8d0_637,2026-07-13T09:10:37+00:00,checkout-api-7f8d0,checkout-api,0,302.28,0.3936,0,
checkout-api-7f8d0_638,2026-07-13T09:10:38+00:00,checkout-api-7f8d0,checkout-api,0,294.18,0.383,0,
checkout-api-7f8d0_639,2026-07-13T09:10:39+00:00,checkout-api-7f8d0,checkout-api,0,299.64,0.3902,0,
checkout-api-7f8d0_640,2026-07-13T09:10:40+00:00,checkout-api-7f8d0,checkout-api,0,294.74,0.3838,0,
checkout-api-7f8d0_641,2026-07-13T09:10:41+00:00,checkout-api-7f8d0,checkout-api,0,306.82,0.3995,0,
checkout-api-7f8d0_642,2026-07-13T09:10:42+00:00,checkout-api-7f8d0,checkout-api,0,296.16,0.3856,0,
checkout-api-7f8d0_643,2026-07-13T09:10:43+00:00,checkout-api-7f8d0,checkout-api,0,289.31,0.3767,0,
checkout-api-7f8d0_644,2026-07-13T09:10:44+00:00,checkout-api-7f8d0,checkout-api,0,307.1,0.3999,0,
checkout-api-7f8d0_645,2026-07-13T09:10:45+00:00,checkout-api-7f8d0,checkout-api,0,302.94,0.3945,0,
checkout-api-7f8d0_646,2026-07-13T09:10:46+00:00,checkout-api-7f8d0,checkout-api,0,301.61,0.3927,0,
checkout-api-7f8d0_647,2026-07-13T09:10:47+00:00,checkout-api-7f8d0,checkout-api,0,295.04,0.3842,0,
checkout-api-7f8d0_648,2026-07-13T09:10:48+00:00,checkout-api-7f8d0,checkout-api,0,298.23,0.3883,0,
checkout-api-7f8d0_649,2026-07-13T09:10:49+00:00,checkout-api-7f8d0,checkout-api,0,306.87,0.3996,0,
checkout-api-7f8d0_650,2026-07-13T09:10:50+00:00,checkout-api-7f8d0,checkout-api,0,290.32,0.378,0,
checkout-api-7f8d0_651,2026-07-13T09:10:51+00:00,checkout-api-7f8d0,checkout-api,0,294.56,0.3835,0,
checkout-api-7f8d0_652,2026-07-13T09:10:52+00:00,checkout-api-7f8d0,checkout-api,0,297.58,0.3875,0,
checkout-api-7f8d0_653,2026-07-13T09:10:53+00:00,checkout-api-7f8d0,checkout-api,0,303.02,0.3946,0,
checkout-api-7f8d0_654,2026-07-13T09:10:54+00:00,checkout-api-7f8d0,checkout-api,0,282.09,0.3673,0,
checkout-api-7f8d0_655,2026-07-13T09:10:55+00:00,checkout-api-7f8d0,checkout-api,0,276.04,0.3594,0,
checkout-api-7f8d0_656,2026-07-13T09:10:56+00:00,checkout-api-7f8d0,checkout-api,0,295.07,0.3842,0,
checkout-api-7f8d0_657,2026-07-13T09:10:57+00:00,checkout-api-7f8d0,checkout-api,0,303.93,0.3957,0,
checkout-api-7f8d0_658,2026-07-13T09:10:58+00:00,checkout-api-7f8d0,checkout-api,0,298.15,0.3882,0,
checkout-api-7f8d0_659,2026-07-13T09:10:59+00:00,checkout-api-7f8d0,checkout-api,0,300.67,0.3915,0,
checkout-api-7f8d0_660,2026-07-13T09:11:00+00:00,checkout-api-7f8d0,checkout-api,0,290.19,0.3779,0,
checkout-api-7f8d0_661,2026-07-13T09:11:01+00:00,checkout-api-7f8d0,checkout-api,0,290.77,0.3786,0,
checkout-api-7f8d0_662,2026-07-13T09:11:02+00:00,checkout-api-7f8d0,checkout-api,0,311.9,0.4061,0,
checkout-api-7f8d0_663,2026-07-13T09:11:03+00:00,checkout-api-7f8d0,checkout-api,0,296.07,0.3855,0,
checkout-api-7f8d0_664,2026-07-13T09:11:04+00:00,checkout-api-7f8d0,checkout-api,0,294.42,0.3834,0,
checkout-api-7f8d0_665,2026-07-13T09:11:05+00:00,checkout-api-7f8d0,checkout-api,0,297.12,0.3869,0,
checkout-api-7f8d0_666,2026-07-13T09:11:06+00:00,checkout-api-7f8d0,checkout-api,0,309.83,0.4034,0,
checkout-api-7f8d0_667,2026-07-13T09:11:07+00:00,checkout-api-7f8d0,checkout-api,0,289.98,0.3776,0,
checkout-api-7f8d0_668,2026-07-13T09:11:08+00:00,checkout-api-7f8d0,checkout-api,0,303.41,0.3951,0,
checkout-api-7f8d0_669,2026-07-13T09:11:09+00:00,checkout-api-7f8d0,checkout-api,0,309.53,0.403,0,
checkout-api-7f8d0_670,2026-07-13T09:11:10+00:00,checkout-api-7f8d0,checkout-api,0,308.76,0.402,0,
checkout-api-7f8d0_671,2026-07-13T09:11:11+00:00,checkout-api-7f8d0,checkout-api,0,307.54,0.4004,0,
checkout-api-7f8d0_672,2026-07-13T09:11:12+00:00,checkout-api-7f8d0,checkout-api,0,293.73,0.3825,0,
checkout-api-7f8d0_673,2026-07-13T09:11:13+00:00,checkout-api-7f8d0,checkout-api,0,305.53,0.3978,0,
checkout-api-7f8d0_674,2026-07-13T09:11:14+00:00,checkout-api-7f8d0,checkout-api,0,296.56,0.3861,0,
checkout-api-7f8d0_675,2026-07-13T09:11:15+00:00,checkout-api-7f8d0,checkout-api,0,298.49,0.3887,0,
checkout-api-7f8d0_676,2026-07-13T09:11:16+00:00,checkout-api-7f8d0,checkout-api,0,299.73,0.3903,0,
checkout-api-7f8d0_677,2026-07-13T09:11:17+00:00,checkout-api-7f8d0,checkout-api,0,302.34,0.3937,0,
checkout-api-7f8d0_678,2026-07-13T09:11:18+00:00,checkout-api-7f8d0,checkout-api,0,307.77,0.4007,0,
checkout-api-7f8d0_679,2026-07-13T09:11:19+00:00,checkout-api-7f8d0,checkout-api,0,307.43,0.4003,0,
checkout-api-7f8d0_680,2026-07-13T09:11:20+00:00,checkout-api-7f8d0,checkout-api,0,298.21,0.3883,0,
checkout-api-7f8d0_681,2026-07-13T09:11:21+00:00,checkout-api-7f8d0,checkout-api,0,301.43,0.3925,0,
checkout-api-7f8d0_682,2026-07-13T09:11:22+00:00,checkout-api-7f8d0,checkout-api,0,296.89,0.3866,0,
checkout-api-7f8d0_683,2026-07-13T09:11:23+00:00,checkout-api-7f8d0,checkout-api,0,295.07,0.3842,0,
checkout-api-7f8d0_684,2026-07-13T09:11:24+00:00,checkout-api-7f8d0,checkout-api,0,301.05,0.392,0,
checkout-api-7f8d0_685,2026-07-13T09:11:25+00:00,checkout-api-7f8d0,checkout-api,0,294.73,0.3838,0,
checkout-api-7f8d0_686,2026-07-13T09:11:26+00:00,checkout-api-7f8d0,checkout-api,0,301.06,0.392,0,
checkout-api-7f8d0_687,2026-07-13T09:11:27+00:00,checkout-api-7f8d0,checkout-api,0,305.42,0.3977,0,
checkout-api-7f8d0_688,2026-07-13T09:11:28+00:00,checkout-api-7f8d0,checkout-api,0,296.11,0.3856,0,
checkout-api-7f8d0_689,2026-07-13T09:11:29+00:00,checkout-api-7f8d0,checkout-api,0,295.2,0.3844,0,
checkout-api-7f8d0_690,2026-07-13T09:11:30+00:00,checkout-api-7f8d0,checkout-api,0,307.64,0.4006,0,
checkout-api-7f8d0_691,2026-07-13T09:11:31+00:00,checkout-api-7f8d0,checkout-api,0,300.97,0.3919,0,
checkout-api-7f8d0_692,2026-07-13T09:11:32+00:00,checkout-api-7f8d0,checkout-api,0,284.27,0.3701,0,
checkout-api-7f8d0_693,2026-07-13T09:11:33+00:00,checkout-api-7f8d0,checkout-api,0,293.2,0.3818,0,
checkout-api-7f8d0_694,2026-07-13T09:11:34+00:00,checkout-api-7f8d0,checkout-api,0,301.16,0.3921,0,
checkout-api-7f8d0_695,2026-07-13T09:11:35+00:00,checkout-api-7f8d0,checkout-api,0,309.2,0.4026,0,
checkout-api-7f8d0_696,2026-07-13T09:11:36+00:00,checkout-api-7f8d0,checkout-api,0,311.28,0.4053,0,
checkout-api-7f8d0_697,2026-07-13T09:11:37+00:00,checkout-api-7f8d0,checkout-api,0,304.61,0.3966,0,
checkout-api-7f8d0_698,2026-07-13T09:11:38+00:00,checkout-api-7f8d0,checkout-api,0,293.47,0.3821,0,
checkout-api-7f8d0_699,2026-07-13T09:11:39+00:00,checkout-api-7f8d0,checkout-api,0,307.41,0.4003,0,
checkout-api-7f8d0_700,2026-07-13T09:11:40+00:00,checkout-api-7f8d0,checkout-api,0,290.55,0.3783,0,
checkout-api-7f8d0_701,2026-07-13T09:11:41+00:00,checkout-api-7f8d0,checkout-api,0,303.83,0.3956,0,
checkout-api-7f8d0_702,2026-07-13T09:11:42+00:00,checkout-api-7f8d0,checkout-api,0,316.89,0.4126,0,
checkout-api-7f8d0_703,2026-07-13T09:11:43+00:00,checkout-api-7f8d0,checkout-api,0,295.98,0.3854,0,
checkout-api-7f8d0_704,2026-07-13T09:11:44+00:00,checkout-api-7f8d0,checkout-api,0,296.07,0.3855,0,
checkout-api-7f8d0_705,2026-07-13T09:11:45+00:00,checkout-api-7f8d0,checkout-api,0,303.12,0.3947,0,
checkout-api-7f8d0_706,2026-07-13T09:11:46+00:00,checkout-api-7f8d0,checkout-api,0,307.87,0.4009,0,
checkout-api-7f8d0_707,2026-07-13T09:11:47+00:00,checkout-api-7f8d0,checkout-api,0,300.56,0.3914,0,
checkout-api-7f8d0_708,2026-07-13T09:11:48+00:00,checkout-api-7f8d0,checkout-api,0,306.33,0.3989,0,
checkout-api-7f8d0_709,2026-07-13T09:11:49+00:00,checkout-api-7f8d0,checkout-api,0,298.64,0.3889,0,
checkout-api-7f8d0_710,2026-07-13T09:11:50+00:00,checkout-api-7f8d0,checkout-api,0,303.33,0.395,0,
checkout-api-7f8d0_711,2026-07-13T09:11:51+00:00,checkout-api-7f8d0,checkout-api,0,295.88,0.3853,0,
checkout-api-7f8d0_712,2026-07-13T09:11:52+00:00,checkout-api-7f8d0,checkout-api,0,287.83,0.3748,0,
checkout-api-7f8d0_713,2026-07-13T09:11:53+00:00,checkout-api-7f8d0,checkout-api,0,299.42,0.3899,0,
checkout-api-7f8d0_714,2026-07-13T09:11:54+00:00,checkout-api-7f8d0,checkout-api,0,289.02,0.3763,0,
checkout-api-7f8d0_715,2026-07-13T09:11:55+00:00,checkout-api-7f8d0,checkout-api,0,297.03,0.3868,0,
checkout-api-7f8d0_716,2026-07-13T09:11:56+00:00,checkout-api-7f8d0,checkout-api,0,301.87,0.3931,0,
checkout-api-7f8d0_717,2026-07-13T09:11:57+00:00,checkout-api-7f8d0,checkout-api,0,286.19,0.3726,0,
checkout-api-7f8d0_718,2026-07-13T09:11:58+00:00,checkout-api-7f8d0,checkout-api,0,285.35,0.3715,0,
checkout-api-7f8d0_719,2026-07-13T09:11:59+00:00,checkout-api-7f8d0,checkout-api,0,289.92,0.3775,0,
checkout-api-7f8d0_720,2026-07-13T09:12:00+00:00,checkout-api-7f8d0,checkout-api,0,314.04,0.4089,0,
checkout-api-7f8d0_721,2026-07-13T09:12:01+00:00,checkout-api-7f8d0,checkout-api,0,304.17,0.3961,0,
checkout-api-7f8d0_722,2026-07-13T09:12:02+00:00,checkout-api-7f8d0,checkout-api,0,297.84,0.3878,0,
checkout-api-7f8d0_723,2026-07-13T09:12:03+00:00,checkout-api-7f8d0,checkout-api,0,289.45,0.3769,0,
checkout-api-7f8d0_724,2026-07-13T09:12:04+00:00,checkout-api-7f8d0,checkout-api,0,308.42,0.4016,0,
checkout-api-7f8d0_725,2026-07-13T09:12:05+00:00,checkout-api-7f8d0,checkout-api,0,304.74,0.3968,0,
checkout-api-7f8d0_726,2026-07-13T09:12:06+00:00,checkout-api-7f8d0,checkout-api,0,301.4,0.3924,0,
checkout-api-7f8d0_727,2026-07-13T09:12:07+00:00,checkout-api-7f8d0,checkout-api,0,296.74,0.3864,0,
checkout-api-7f8d0_728,2026-07-13T09:12:08+00:00,checkout-api-7f8d0,checkout-api,0,293.15,0.3817,0,
checkout-api-7f8d0_729,2026-07-13T09:12:09+00:00,checkout-api-7f8d0,checkout-api,0,317.38,0.4133,0,
checkout-api-7f8d0_730,2026-07-13T09:12:10+00:00,checkout-api-7f8d0,checkout-api,0,285.78,0.3721,0,
checkout-api-7f8d0_731,2026-07-13T09:12:11+00:00,checkout-api-7f8d0,checkout-api,0,298.07,0.3881,0,
checkout-api-7f8d0_732,2026-07-13T09:12:12+00:00,checkout-api-7f8d0,checkout-api,0,312.85,0.4074,0,
checkout-api-7f8d0_733,2026-07-13T09:12:13+00:00,checkout-api-7f8d0,checkout-api,0,306.51,0.3991,0,
checkout-api-7f8d0_734,2026-07-13T09:12:14+00:00,checkout-api-7f8d0,checkout-api,0,295.8,0.3852,0,
checkout-api-7f8d0_735,2026-07-13T09:12:15+00:00,checkout-api-7f8d0,checkout-api,0,307.23,0.4,0,
checkout-api-7f8d0_736,2026-07-13T09:12:16+00:00,checkout-api-7f8d0,checkout-api,0,300.46,0.3912,0,
checkout-api-7f8d0_737,2026-07-13T09:12:17+00:00,checkout-api-7f8d0,checkout-api,0,300.66,0.3915,0,
checkout-api-7f8d0_738,2026-07-13T09:12:18+00:00,checkout-api-7f8d0,checkout-api,0,287.15,0.3739,0,
checkout-api-7f8d0_739,2026-07-13T09:12:19+00:00,checkout-api-7f8d0,checkout-api,0,294.37,0.3833,0,
checkout-api-7f8d0_740,2026-07-13T09:12:20+00:00,checkout-api-7f8d0,checkout-api,0,305.4,0.3977,0,
checkout-api-7f8d0_741,2026-07-13T09:12:21+00:00,checkout-api-7f8d0,checkout-api,0,308.74,0.402,0,
checkout-api-7f8d0_742,2026-07-13T09:12:22+00:00,checkout-api-7f8d0,checkout-api,0,313.74,0.4085,0,
checkout-api-7f8d0_743,2026-07-13T09:12:23+00:00,checkout-api-7f8d0,checkout-api,0,311.03,0.405,0,
checkout-api-7f8d0_744,2026-07-13T09:12:24+00:00,checkout-api-7f8d0,checkout-api,0,298.9,0.3892,0,
checkout-api-7f8d0_745,2026-07-13T09:12:25+00:00,checkout-api-7f8d0,checkout-api,0,296.86,0.3865,0,
checkout-api-7f8d0_746,2026-07-13T09:12:26+00:00,checkout-api-7f8d0,checkout-api,0,279.79,0.3643,0,
checkout-api-7f8d0_747,2026-07-13T09:12:27+00:00,checkout-api-7f8d0,checkout-api,0,307.31,0.4001,0,
checkout-api-7f8d0_748,2026-07-13T09:12:28+00:00,checkout-api-7f8d0,checkout-api,0,293.86,0.3826,0,
checkout-api-7f8d0_749,2026-07-13T09:12:29+00:00,checkout-api-7f8d0,checkout-api,0,300.55,0.3913,0,
checkout-api-7f8d0_750,2026-07-13T09:12:30+00:00,checkout-api-7f8d0,checkout-api,0,311.58,0.4057,0,
checkout-api-7f8d0_751,2026-07-13T09:12:31+00:00,checkout-api-7f8d0,checkout-api,0,291.97,0.3802,0,
checkout-api-7f8d0_752,2026-07-13T09:12:32+00:00,checkout-api-7f8d0,checkout-api,0,305.48,0.3978,0,
checkout-api-7f8d0_753,2026-07-13T09:12:33+00:00,checkout-api-7f8d0,checkout-api,0,299.21,0.3896,0,
checkout-api-7f8d0_754,2026-07-13T09:12:34+00:00,checkout-api-7f8d0,checkout-api,0,298.98,0.3893,0,
checkout-api-7f8d0_755,2026-07-13T09:12:35+00:00,checkout-api-7f8d0,checkout-api,0,288.21,0.3753,0,
checkout-api-7f8d0_756,2026-07-13T09:12:36+00:00,checkout-api-7f8d0,checkout-api,0,299.57,0.3901,0,
checkout-api-7f8d0_757,2026-07-13T09:12:37+00:00,checkout-api-7f8d0,checkout-api,0,301.25,0.3923,0,
checkout-api-7f8d0_758,2026-07-13T09:12:38+00:00,checkout-api-7f8d0,checkout-api,0,303.22,0.3948,0,
checkout-api-7f8d0_759,2026-07-13T09:12:39+00:00,checkout-api-7f8d0,checkout-api,0,299.71,0.3902,0,
checkout-api-7f8d0_760,2026-07-13T09:12:40+00:00,checkout-api-7f8d0,checkout-api,0,304.89,0.397,0,
checkout-api-7f8d0_761,2026-07-13T09:12:41+00:00,checkout-api-7f8d0,checkout-api,0,306.05,0.3985,0,
checkout-api-7f8d0_762,2026-07-13T09:12:42+00:00,checkout-api-7f8d0,checkout-api,0,290.64,0.3784,0,
checkout-api-7f8d0_763,2026-07-13T09:12:43+00:00,checkout-api-7f8d0,checkout-api,0,295.28,0.3845,0,
checkout-api-7f8d0_764,2026-07-13T09:12:44+00:00,checkout-api-7f8d0,checkout-api,0,293.98,0.3828,0,
checkout-api-7f8d0_765,2026-07-13T09:12:45+00:00,checkout-api-7f8d0,checkout-api,0,315.13,0.4103,0,
checkout-api-7f8d0_766,2026-07-13T09:12:46+00:00,checkout-api-7f8d0,checkout-api,0,295.24,0.3844,0,
checkout-api-7f8d0_767,2026-07-13T09:12:47+00:00,checkout-api-7f8d0,checkout-api,0,299.88,0.3905,0,
checkout-api-7f8d0_768,2026-07-13T09:12:48+00:00,checkout-api-7f8d0,checkout-api,0,293.3,0.3819,0,
checkout-api-7f8d0_769,2026-07-13T09:12:49+00:00,checkout-api-7f8d0,checkout-api,0,310.86,0.4048,0,
checkout-api-7f8d0_770,2026-07-13T09:12:50+00:00,checkout-api-7f8d0,checkout-api,0,310.68,0.4045,0,
checkout-api-7f8d0_771,2026-07-13T09:12:51+00:00,checkout-api-7f8d0,checkout-api,0,317.67,0.4136,0,
checkout-api-7f8d0_772,2026-07-13T09:12:52+00:00,checkout-api-7f8d0,checkout-api,0,294.26,0.3832,0,
checkout-api-7f8d0_773,2026-07-13T09:12:53+00:00,checkout-api-7f8d0,checkout-api,0,296.24,0.3857,0,
checkout-api-7f8d0_774,2026-07-13T09:12:54+00:00,checkout-api-7f8d0,checkout-api,0,310.28,0.404,0,
checkout-api-7f8d0_775,2026-07-13T09:12:55+00:00,checkout-api-7f8d0,checkout-api,0,296.89,0.3866,0,
checkout-api-7f8d0_776,2026-07-13T09:12:56+00:00,checkout-api-7f8d0,checkout-api,0,312.1,0.4064,0,
checkout-api-7f8d0_777,2026-07-13T09:12:57+00:00,checkout-api-7f8d0,checkout-api,0,286.57,0.3731,0,
checkout-api-7f8d0_778,2026-07-13T09:12:58+00:00,checkout-api-7f8d0,checkout-api,0,300.8,0.3917,0,
checkout-api-7f8d0_779,2026-07-13T09:12:59+00:00,checkout-api-7f8d0,checkout-api,0,299.34,0.3898,0,
checkout-api-7f8d0_780,2026-07-13T09:13:00+00:00,checkout-api-7f8d0,checkout-api,0,296.55,0.3861,0,
checkout-api-7f8d0_781,2026-07-13T09:13:01+00:00,checkout-api-7f8d0,checkout-api,0,323.51,0.4212,0,
checkout-api-7f8d0_782,2026-07-13T09:13:02+00:00,checkout-api-7f8d0,checkout-api,0,291.31,0.3793,0,
checkout-api-7f8d0_783,2026-07-13T09:13:03+00:00,checkout-api-7f8d0,checkout-api,0,294.35,0.3833,0,
checkout-api-7f8d0_784,2026-07-13T09:13:04+00:00,checkout-api-7f8d0,checkout-api,0,310.26,0.404,0,
checkout-api-7f8d0_785,2026-07-13T09:13:05+00:00,checkout-api-7f8d0,checkout-api,0,285.61,0.3719,0,
checkout-api-7f8d0_786,2026-07-13T09:13:06+00:00,checkout-api-7f8d0,checkout-api,0,301.13,0.3921,0,
checkout-api-7f8d0_787,2026-07-13T09:13:07+00:00,checkout-api-7f8d0,checkout-api,0,298.49,0.3887,0,
checkout-api-7f8d0_788,2026-07-13T09:13:08+00:00,checkout-api-7f8d0,checkout-api,0,306.21,0.3987,0,
checkout-api-7f8d0_789,2026-07-13T09:13:09+00:00,checkout-api-7f8d0,checkout-api,0,295.27,0.3845,0,
checkout-api-7f8d0_790,2026-07-13T09:13:10+00:00,checkout-api-7f8d0,checkout-api,0,292.0,0.3802,0,
checkout-api-7f8d0_791,2026-07-13T09:13:11+00:00,checkout-api-7f8d0,checkout-api,0,304.1,0.396,0,
checkout-api-7f8d0_792,2026-07-13T09:13:12+00:00,checkout-api-7f8d0,checkout-api,0,297.97,0.388,0,
checkout-api-7f8d0_793,2026-07-13T09:13:13+00:00,checkout-api-7f8d0,checkout-api,0,295.08,0.3842,0,
checkout-api-7f8d0_794,2026-07-13T09:13:14+00:00,checkout-api-7f8d0,checkout-api,0,306.43,0.399,0,
checkout-api-7f8d0_795,2026-07-13T09:13:15+00:00,checkout-api-7f8d0,checkout-api,0,291.69,0.3798,0,
checkout-api-7f8d0_796,2026-07-13T09:13:16+00:00,checkout-api-7f8d0,checkout-api,0,289.66,0.3772,0,
checkout-api-7f8d0_797,2026-07-13T09:13:17+00:00,checkout-api-7f8d0,checkout-api,0,302.37,0.3937,0,
checkout-api-7f8d0_798,2026-07-13T09:13:18+00:00,checkout-api-7f8d0,checkout-api,0,295.12,0.3843,0,
checkout-api-7f8d0_799,2026-07-13T09:13:19+00:00,checkout-api-7f8d0,checkout-api,0,297.54,0.3874,0,
checkout-api-7f8d0_800,2026-07-13T09:13:20+00:00,checkout-api-7f8d0,checkout-api,0,307.53,0.4004,0,
checkout-api-7f8d0_801,2026-07-13T09:13:21+00:00,checkout-api-7f8d0,checkout-api,0,300.34,0.3911,0,
checkout-api-7f8d0_802,2026-07-13T09:13:22+00:00,checkout-api-7f8d0,checkout-api,0,294.65,0.3837,0,
checkout-api-7f8d0_803,2026-07-13T09:13:23+00:00,checkout-api-7f8d0,checkout-api,0,308.07,0.4011,0,
checkout-api-7f8d0_804,2026-07-13T09:13:24+00:00,checkout-api-7f8d0,checkout-api,0,310.07,0.4037,0,
checkout-api-7f8d0_805,2026-07-13T09:13:25+00:00,checkout-api-7f8d0,checkout-api,0,307.74,0.4007,0,
checkout-api-7f8d0_806,2026-07-13T09:13:26+00:00,checkout-api-7f8d0,checkout-api,0,297.73,0.3877,0,
checkout-api-7f8d0_807,2026-07-13T09:13:27+00:00,checkout-api-7f8d0,checkout-api,0,313.02,0.4076,0,
checkout-api-7f8d0_808,2026-07-13T09:13:28+00:00,checkout-api-7f8d0,checkout-api,0,293.66,0.3824,0,
checkout-api-7f8d0_809,2026-07-13T09:13:29+00:00,checkout-api-7f8d0,checkout-api,0,297.3,0.3871,0,
checkout-api-7f8d0_810,2026-07-13T09:13:30+00:00,checkout-api-7f8d0,checkout-api,0,305.97,0.3984,0,
checkout-api-7f8d0_811,2026-07-13T09:13:31+00:00,checkout-api-7f8d0,checkout-api,0,293.26,0.3818,0,
checkout-api-7f8d0_812,2026-07-13T09:13:32+00:00,checkout-api-7f8d0,checkout-api,0,284.99,0.3711,0,
checkout-api-7f8d0_813,2026-07-13T09:13:33+00:00,checkout-api-7f8d0,checkout-api,0,311.67,0.4058,0,
checkout-api-7f8d0_814,2026-07-13T09:13:34+00:00,checkout-api-7f8d0,checkout-api,0,284.54,0.3705,0,
checkout-api-7f8d0_815,2026-07-13T09:13:35+00:00,checkout-api-7f8d0,checkout-api,0,295.43,0.3847,0,
checkout-api-7f8d0_816,2026-07-13T09:13:36+00:00,checkout-api-7f8d0,checkout-api,0,299.73,0.3903,0,
checkout-api-7f8d0_817,2026-07-13T09:13:37+00:00,checkout-api-7f8d0,checkout-api,0,307.67,0.4006,0,
checkout-api-7f8d0_818,2026-07-13T09:13:38+00:00,checkout-api-7f8d0,checkout-api,0,298.32,0.3884,0,
checkout-api-7f8d0_819,2026-07-13T09:13:39+00:00,checkout-api-7f8d0,checkout-api,0,305.55,0.3979,0,
checkout-api-7f8d0_820,2026-07-13T09:13:40+00:00,checkout-api-7f8d0,checkout-api,0,284.49,0.3704,0,
checkout-api-7f8d0_821,2026-07-13T09:13:41+00:00,checkout-api-7f8d0,checkout-api,0,299.61,0.3901,0,
checkout-api-7f8d0_822,2026-07-13T09:13:42+00:00,checkout-api-7f8d0,checkout-api,0,310.54,0.4043,0,
checkout-api-7f8d0_823,2026-07-13T09:13:43+00:00,checkout-api-7f8d0,checkout-api,0,304.42,0.3964,0,
checkout-api-7f8d0_824,2026-07-13T09:13:44+00:00,checkout-api-7f8d0,checkout-api,0,302.38,0.3937,0,
checkout-api-7f8d0_825,2026-07-13T09:13:45+00:00,checkout-api-7f8d0,checkout-api,0,301.15,0.3921,0,
checkout-api-7f8d0_826,2026-07-13T09:13:46+00:00,checkout-api-7f8d0,checkout-api,0,300.05,0.3907,0,
checkout-api-7f8d0_827,2026-07-13T09:13:47+00:00,checkout-api-7f8d0,checkout-api,0,286.65,0.3732,0,
checkout-api-7f8d0_828,2026-07-13T09:13:48+00:00,checkout-api-7f8d0,checkout-api,0,294.24,0.3831,0,
checkout-api-7f8d0_829,2026-07-13T09:13:49+00:00,checkout-api-7f8d0,checkout-api,0,310.31,0.404,0,
checkout-api-7f8d0_830,2026-07-13T09:13:50+00:00,checkout-api-7f8d0,checkout-api,0,300.04,0.3907,0,
checkout-api-7f8d0_831,2026-07-13T09:13:51+00:00,checkout-api-7f8d0,checkout-api,0,295.6,0.3849,0,
checkout-api-7f8d0_832,2026-07-13T09:13:52+00:00,checkout-api-7f8d0,checkout-api,0,302.09,0.3933,0,
checkout-api-7f8d0_833,2026-07-13T09:13:53+00:00,checkout-api-7f8d0,checkout-api,0,297.23,0.387,0,
checkout-api-7f8d0_834,2026-07-13T09:13:54+00:00,checkout-api-7f8d0,checkout-api,0,292.96,0.3815,0,
checkout-api-7f8d0_835,2026-07-13T09:13:55+00:00,checkout-api-7f8d0,checkout-api,0,310.95,0.4049,0,
checkout-api-7f8d0_836,2026-07-13T09:13:56+00:00,checkout-api-7f8d0,checkout-api,0,304.16,0.396,0,
checkout-api-7f8d0_837,2026-07-13T09:13:57+00:00,checkout-api-7f8d0,checkout-api,0,301.05,0.392,0,
checkout-api-7f8d0_838,2026-07-13T09:13:58+00:00,checkout-api-7f8d0,checkout-api,0,303.28,0.3949,0,
checkout-api-7f8d0_839,2026-07-13T09:13:59+00:00,checkout-api-7f8d0,checkout-api,0,302.25,0.3936,0,
checkout-api-7f8d0_840,2026-07-13T09:14:00+00:00,checkout-api-7f8d0,checkout-api,0,315.34,0.4106,0,
checkout-api-7f8d0_841,2026-07-13T09:14:01+00:00,checkout-api-7f8d0,checkout-api,0,287.96,0.3749,0,
checkout-api-7f8d0_842,2026-07-13T09:14:02+00:00,checkout-api-7f8d0,checkout-api,0,302.6,0.394,0,
checkout-api-7f8d0_843,2026-07-13T09:14:03+00:00,checkout-api-7f8d0,checkout-api,0,298.48,0.3886,0,
checkout-api-7f8d0_844,2026-07-13T09:14:04+00:00,checkout-api-7f8d0,checkout-api,0,300.63,0.3914,0,
checkout-api-7f8d0_845,2026-07-13T09:14:05+00:00,checkout-api-7f8d0,checkout-api,0,304.76,0.3968,0,
checkout-api-7f8d0_846,2026-07-13T09:14:06+00:00,checkout-api-7f8d0,checkout-api,0,310.15,0.4038,0,
checkout-api-7f8d0_847,2026-07-13T09:14:07+00:00,checkout-api-7f8d0,checkout-api,0,303.47,0.3951,0,
checkout-api-7f8d0_848,2026-07-13T09:14:08+00:00,checkout-api-7f8d0,checkout-api,0,299.4,0.3898,0,
checkout-api-7f8d0_849,2026-07-13T09:14:09+00:00,checkout-api-7f8d0,checkout-api,0,318.84,0.4152,0,
checkout-api-7f8d0_850,2026-07-13T09:14:10+00:00,checkout-api-7f8d0,checkout-api,0,308.37,0.4015,0,
checkout-api-7f8d0_851,2026-07-13T09:14:11+00:00,checkout-api-7f8d0,checkout-api,0,290.82,0.3787,0,
checkout-api-7f8d0_852,2026-07-13T09:14:12+00:00,checkout-api-7f8d0,checkout-api,0,309.82,0.4034,0,
checkout-api-7f8d0_853,2026-07-13T09:14:13+00:00,checkout-api-7f8d0,checkout-api,0,303.57,0.3953,0,
checkout-api-7f8d0_854,2026-07-13T09:14:14+00:00,checkout-api-7f8d0,checkout-api,0,286.2,0.3727,0,
checkout-api-7f8d0_855,2026-07-13T09:14:15+00:00,checkout-api-7f8d0,checkout-api,0,312.74,0.4072,0,
checkout-api-7f8d0_856,2026-07-13T09:14:16+00:00,checkout-api-7f8d0,checkout-api,0,306.54,0.3991,0,
checkout-api-7f8d0_857,2026-07-13T09:14:17+00:00,checkout-api-7f8d0,checkout-api,0,284.9,0.371,0,
checkout-api-7f8d0_858,2026-07-13T09:14:18+00:00,checkout-api-7f8d0,checkout-api,0,300.25,0.391,0,
checkout-api-7f8d0_859,2026-07-13T09:14:19+00:00,checkout-api-7f8d0,checkout-api,0,290.55,0.3783,0,
checkout-api-7f8d0_860,2026-07-13T09:14:20+00:00,checkout-api-7f8d0,checkout-api,0,294.28,0.3832,0,
checkout-api-7f8d0_861,2026-07-13T09:14:21+00:00,checkout-api-7f8d0,checkout-api,0,287.73,0.3746,0,
checkout-api-7f8d0_862,2026-07-13T09:14:22+00:00,checkout-api-7f8d0,checkout-api,0,296.11,0.3856,0,
checkout-api-7f8d0_863,2026-07-13T09:14:23+00:00,checkout-api-7f8d0,checkout-api,0,290.42,0.3782,0,
checkout-api-7f8d0_864,2026-07-13T09:14:24+00:00,checkout-api-7f8d0,checkout-api,0,288.14,0.3752,0,
checkout-api-7f8d0_865,2026-07-13T09:14:25+00:00,checkout-api-7f8d0,checkout-api,0,299.0,0.3893,0,
checkout-api-7f8d0_866,2026-07-13T09:14:26+00:00,checkout-api-7f8d0,checkout-api,0,293.37,0.382,0,
checkout-api-7f8d0_867,2026-07-13T09:14:27+00:00,checkout-api-7f8d0,checkout-api,0,297.71,0.3876,0,
checkout-api-7f8d0_868,2026-07-13T09:14:28+00:00,checkout-api-7f8d0,checkout-api,0,290.76,0.3786,0,
checkout-api-7f8d0_869,2026-07-13T09:14:29+00:00,checkout-api-7f8d0,checkout-api,0,312.69,0.4071,0,
edge-gateway-7f8d0_30,2026-07-13T09:00:30+00:00,edge-gateway-7f8d0,edge-gateway,0,399.75,0.3904,0,
edge-gateway-7f8d0_31,2026-07-13T09:00:31+00:00,edge-gateway-7f8d0,edge-gateway,0,390.76,0.3816,0,
edge-gateway-7f8d0_32,2026-07-13T09:00:32+00:00,edge-gateway-7f8d0,edge-gateway,0,390.85,0.3817,0,
edge-gateway-7f8d0_33,2026-07-13T09:00:33+00:00,edge-gateway-7f8d0,edge-gateway,0,397.54,0.3882,0,
edge-gateway-7f8d0_34,2026-07-13T09:00:34+00:00,edge-gateway-7f8d0,edge-gateway,0,394.58,0.3853,0,
edge-gateway-7f8d0_35,2026-07-13T09:00:35+00:00,edge-gateway-7f8d0,edge-gateway,0,412.67,0.403,0,
edge-gateway-7f8d0_36,2026-07-13T09:00:36+00:00,edge-gateway-7f8d0,edge-gateway,0,383.49,0.3745,0,
edge-gateway-7f8d0_37,2026-07-13T09:00:37+00:00,edge-gateway-7f8d0,edge-gateway,0,398.17,0.3888,0,
edge-gateway-7f8d0_38,2026-07-13T09:00:38+00:00,edge-gateway-7f8d0,edge-gateway,0,393.46,0.3842,0,
edge-gateway-7f8d0_39,2026-07-13T09:00:39+00:00,edge-gateway-7f8d0,edge-gateway,0,392.2,0.383,0,
edge-gateway-7f8d0_40,2026-07-13T09:00:40+00:00,edge-gateway-7f8d0,edge-gateway,0,381.19,0.3723,0,
edge-gateway-7f8d0_41,2026-07-13T09:00:41+00:00,edge-gateway-7f8d0,edge-gateway,0,389.73,0.3806,0,
edge-gateway-7f8d0_42,2026-07-13T09:00:42+00:00,edge-gateway-7f8d0,edge-gateway,0,388.09,0.379,0,
edge-gateway-7f8d0_43,2026-07-13T09:00:43+00:00,edge-gateway-7f8d0,edge-gateway,0,384.7,0.3757,0,
edge-gateway-7f8d0_44,2026-07-13T09:00:44+00:00,edge-gateway-7f8d0,edge-gateway,0,375.74,0.3669,0,
edge-gateway-7f8d0_45,2026-07-13T09:00:45+00:00,edge-gateway-7f8d0,edge-gateway,0,365.66,0.3571,0,
edge-gateway-7f8d0_46,2026-07-13T09:00:46+00:00,edge-gateway-7f8d0,edge-gateway,0,382.36,0.3734,0,
edge-gateway-7f8d0_47,2026-07-13T09:00:47+00:00,edge-gateway-7f8d0,edge-gateway,0,403.24,0.3938,0,
edge-gateway-7f8d0_48,2026-07-13T09:00:48+00:00,edge-gateway-7f8d0,edge-gateway,0,384.66,0.3756,0,
edge-gateway-7f8d0_49,2026-07-13T09:00:49+00:00,edge-gateway-7f8d0,edge-gateway,0,395.16,0.3859,0,
edge-gateway-7f8d0_50,2026-07-13T09:00:50+00:00,edge-gateway-7f8d0,edge-gateway,0,391.32,0.3821,0,
edge-gateway-7f8d0_51,2026-07-13T09:00:51+00:00,edge-gateway-7f8d0,edge-gateway,0,400.15,0.3908,0,
edge-gateway-7f8d0_52,2026-07-13T09:00:52+00:00,edge-gateway-7f8d0,edge-gateway,0,377.02,0.3682,0,
edge-gateway-7f8d0_53,2026-07-13T09:00:53+00:00,edge-gateway-7f8d0,edge-gateway,0,397.77,0.3884,0,
edge-gateway-7f8d0_54,2026-07-13T09:00:54+00:00,edge-gateway-7f8d0,edge-gateway,0,387.48,0.3784,0,
edge-gateway-7f8d0_55,2026-07-13T09:00:55+00:00,edge-gateway-7f8d0,edge-gateway,0,407.19,0.3976,0,
edge-gateway-7f8d0_56,2026-07-13T09:00:56+00:00,edge-gateway-7f8d0,edge-gateway,0,383.28,0.3743,0,
edge-gateway-7f8d0_57,2026-07-13T09:00:57+00:00,edge-gateway-7f8d0,edge-gateway,0,396.03,0.3867,0,
edge-gateway-7f8d0_58,2026-07-13T09:00:58+00:00,edge-gateway-7f8d0,edge-gateway,0,379.21,0.3703,0,
edge-gateway-7f8d0_59,2026-07-13T09:00:59+00:00,edge-gateway-7f8d0,edge-gateway,0,372.23,0.3635,0,
edge-gateway-7f8d0_60,2026-07-13T09:01:00+00:00,edge-gateway-7f8d0,edge-gateway,0,387.15,0.3781,0,
edge-gateway-7f8d0_61,2026-07-13T09:01:01+00:00,edge-gateway-7f8d0,edge-gateway,0,400.78,0.3914,0,
edge-gateway-7f8d0_62,2026-07-13T09:01:02+00:00,edge-gateway-7f8d0,edge-gateway,0,410.51,0.4009,0,
edge-gateway-7f8d0_63,2026-07-13T09:01:03+00:00,edge-gateway-7f8d0,edge-gateway,0,393.66,0.3844,0,
edge-gateway-7f8d0_64,2026-07-13T09:01:04+00:00,edge-gateway-7f8d0,edge-gateway,0,389.63,0.3805,0,
edge-gateway-7f8d0_65,2026-07-13T09:01:05+00:00,edge-gateway-7f8d0,edge-gateway,0,385.07,0.376,0,
edge-gateway-7f8d0_66,2026-07-13T09:01:06+00:00,edge-gateway-7f8d0,edge-gateway,0,405.96,0.3964,0,
edge-gateway-7f8d0_67,2026-07-13T09:01:07+00:00,edge-gateway-7f8d0,edge-gateway,0,399.55,0.3902,0,
edge-gateway-7f8d0_68,2026-07-13T09:01:08+00:00,edge-gateway-7f8d0,edge-gateway,0,398.39,0.3891,0,
edge-gateway-7f8d0_69,2026-07-13T09:01:09+00:00,edge-gateway-7f8d0,edge-gateway,0,384.22,0.3752,0,
edge-gateway-7f8d0_70,2026-07-13T09:01:10+00:00,edge-gateway-7f8d0,edge-gateway,0,390.12,0.381,0,
edge-gateway-7f8d0_71,2026-07-13T09:01:11+00:00,edge-gateway-7f8d0,edge-gateway,0,381.24,0.3723,0,
edge-gateway-7f8d0_72,2026-07-13T09:01:12+00:00,edge-gateway-7f8d0,edge-gateway,0,381.07,0.3721,0,
edge-gateway-7f8d0_73,2026-07-13T09:01:13+00:00,edge-gateway-7f8d0,edge-gateway,0,417.53,0.4077,0,
edge-gateway-7f8d0_74,2026-07-13T09:01:14+00:00,edge-gateway-7f8d0,edge-gateway,0,388.85,0.3797,0,
edge-gateway-7f8d0_75,2026-07-13T09:01:15+00:00,edge-gateway-7f8d0,edge-gateway,0,381.97,0.373,0,
edge-gateway-7f8d0_76,2026-07-13T09:01:16+00:00,edge-gateway-7f8d0,edge-gateway,0,383.42,0.3744,0,
edge-gateway-7f8d0_77,2026-07-13T09:01:17+00:00,edge-gateway-7f8d0,edge-gateway,0,382.62,0.3737,0,
edge-gateway-7f8d0_78,2026-07-13T09:01:18+00:00,edge-gateway-7f8d0,edge-gateway,0,396.24,0.387,0,
edge-gateway-7f8d0_79,2026-07-13T09:01:19+00:00,edge-gateway-7f8d0,edge-gateway,0,390.12,0.381,0,
edge-gateway-7f8d0_80,2026-07-13T09:01:20+00:00,edge-gateway-7f8d0,edge-gateway,0,396.52,0.3872,0,
edge-gateway-7f8d0_81,2026-07-13T09:01:21+00:00,edge-gateway-7f8d0,edge-gateway,0,365.33,0.3568,0,
edge-gateway-7f8d0_82,2026-07-13T09:01:22+00:00,edge-gateway-7f8d0,edge-gateway,0,378.59,0.3697,0,
edge-gateway-7f8d0_83,2026-07-13T09:01:23+00:00,edge-gateway-7f8d0,edge-gateway,0,402.56,0.3931,0,
edge-gateway-7f8d0_84,2026-07-13T09:01:24+00:00,edge-gateway-7f8d0,edge-gateway,0,393.89,0.3847,0,
edge-gateway-7f8d0_85,2026-07-13T09:01:25+00:00,edge-gateway-7f8d0,edge-gateway,0,393.44,0.3842,0,
edge-gateway-7f8d0_86,2026-07-13T09:01:26+00:00,edge-gateway-7f8d0,edge-gateway,0,389.66,0.3805,0,
edge-gateway-7f8d0_87,2026-07-13T09:01:27+00:00,edge-gateway-7f8d0,edge-gateway,0,385.63,0.3766,0,
edge-gateway-7f8d0_88,2026-07-13T09:01:28+00:00,edge-gateway-7f8d0,edge-gateway,0,386.97,0.3779,0,
edge-gateway-7f8d0_89,2026-07-13T09:01:29+00:00,edge-gateway-7f8d0,edge-gateway,0,392.7,0.3835,0,
edge-gateway-7f8d0_90,2026-07-13T09:01:30+00:00,edge-gateway-7f8d0,edge-gateway,0,368.59,0.36,0,
edge-gateway-7f8d0_91,2026-07-13T09:01:31+00:00,edge-gateway-7f8d0,edge-gateway,0,400.19,0.3908,0,
edge-gateway-7f8d0_92,2026-07-13T09:01:32+00:00,edge-gateway-7f8d0,edge-gateway,0,397.19,0.3879,0,
edge-gateway-7f8d0_93,2026-07-13T09:01:33+00:00,edge-gateway-7f8d0,edge-gateway,0,377.02,0.3682,0,
edge-gateway-7f8d0_94,2026-07-13T09:01:34+00:00,edge-gateway-7f8d0,edge-gateway,0,397.25,0.3879,0,
edge-gateway-7f8d0_95,2026-07-13T09:01:35+00:00,edge-gateway-7f8d0,edge-gateway,0,397.24,0.3879,0,
edge-gateway-7f8d0_96,2026-07-13T09:01:36+00:00,edge-gateway-7f8d0,edge-gateway,0,379.74,0.3708,0,
edge-gateway-7f8d0_97,2026-07-13T09:01:37+00:00,edge-gateway-7f8d0,edge-gateway,0,384.18,0.3752,0,
edge-gateway-7f8d0_98,2026-07-13T09:01:38+00:00,edge-gateway-7f8d0,edge-gateway,0,395.05,0.3858,0,
edge-gateway-7f8d0_99,2026-07-13T09:01:39+00:00,edge-gateway-7f8d0,edge-gateway,0,396.39,0.3871,0,
edge-gateway-7f8d0_100,2026-07-13T09:01:40+00:00,edge-gateway-7f8d0,edge-gateway,0,384.13,0.3751,0,
edge-gateway-7f8d0_101,2026-07-13T09:01:41+00:00,edge-gateway-7f8d0,edge-gateway,0,381.19,0.3723,0,
edge-gateway-7f8d0_102,2026-07-13T09:01:42+00:00,edge-gateway-7f8d0,edge-gateway,0,394.2,0.385,0,
edge-gateway-7f8d0_103,2026-07-13T09:01:43+00:00,edge-gateway-7f8d0,edge-gateway,0,389.51,0.3804,0,
edge-gateway-7f8d0_104,2026-07-13T09:01:44+00:00,edge-gateway-7f8d0,edge-gateway,0,393.22,0.384,0,
edge-gateway-7f8d0_105,2026-07-13T09:01:45+00:00,edge-gateway-7f8d0,edge-gateway,0,393.49,0.3843,0,
edge-gateway-7f8d0_106,2026-07-13T09:01:46+00:00,edge-gateway-7f8d0,edge-gateway,0,392.15,0.383,0,
edge-gateway-7f8d0_107,2026-07-13T09:01:47+00:00,edge-gateway-7f8d0,edge-gateway,0,385.42,0.3764,0,
edge-gateway-7f8d0_108,2026-07-13T09:01:48+00:00,edge-gateway-7f8d0,edge-gateway,0,377.28,0.3684,0,
edge-gateway-7f8d0_109,2026-07-13T09:01:49+00:00,edge-gateway-7f8d0,edge-gateway,0,392.98,0.3838,0,
edge-gateway-7f8d0_110,2026-07-13T09:01:50+00:00,edge-gateway-7f8d0,edge-gateway,0,390.42,0.3813,0,
edge-gateway-7f8d0_111,2026-07-13T09:01:51+00:00,edge-gateway-7f8d0,edge-gateway,0,384.91,0.3759,0,
edge-gateway-7f8d0_112,2026-07-13T09:01:52+00:00,edge-gateway-7f8d0,edge-gateway,0,385.7,0.3767,0,
edge-gateway-7f8d0_113,2026-07-13T09:01:53+00:00,edge-gateway-7f8d0,edge-gateway,0,389.04,0.3799,0,
edge-gateway-7f8d0_114,2026-07-13T09:01:54+00:00,edge-gateway-7f8d0,edge-gateway,0,386.37,0.3773,0,
edge-gateway-7f8d0_115,2026-07-13T09:01:55+00:00,edge-gateway-7f8d0,edge-gateway,0,385.33,0.3763,0,
edge-gateway-7f8d0_116,2026-07-13T09:01:56+00:00,edge-gateway-7f8d0,edge-gateway,0,390.33,0.3812,0,
edge-gateway-7f8d0_117,2026-07-13T09:01:57+00:00,edge-gateway-7f8d0,edge-gateway,0,380.8,0.3719,0,
edge-gateway-7f8d0_118,2026-07-13T09:01:58+00:00,edge-gateway-7f8d0,edge-gateway,0,395.74,0.3865,0,
edge-gateway-7f8d0_119,2026-07-13T09:01:59+00:00,edge-gateway-7f8d0,edge-gateway,0,387.71,0.3786,0,
edge-gateway-7f8d0_120,2026-07-13T09:02:00+00:00,edge-gateway-7f8d0,edge-gateway,0,382.71,0.3737,0,
edge-gateway-7f8d0_121,2026-07-13T09:02:01+00:00,edge-gateway-7f8d0,edge-gateway,0,401.28,0.3919,0,
edge-gateway-7f8d0_122,2026-07-13T09:02:02+00:00,edge-gateway-7f8d0,edge-gateway,0,395.52,0.3862,0,
edge-gateway-7f8d0_123,2026-07-13T09:02:03+00:00,edge-gateway-7f8d0,edge-gateway,0,384.92,0.3759,0,
edge-gateway-7f8d0_124,2026-07-13T09:02:04+00:00,edge-gateway-7f8d0,edge-gateway,0,400.73,0.3913,0,
edge-gateway-7f8d0_125,2026-07-13T09:02:05+00:00,edge-gateway-7f8d0,edge-gateway,0,398.86,0.3895,0,
edge-gateway-7f8d0_126,2026-07-13T09:02:06+00:00,edge-gateway-7f8d0,edge-gateway,0,397.94,0.3886,0,
edge-gateway-7f8d0_127,2026-07-13T09:02:07+00:00,edge-gateway-7f8d0,edge-gateway,0,393.38,0.3842,0,
edge-gateway-7f8d0_128,2026-07-13T09:02:08+00:00,edge-gateway-7f8d0,edge-gateway,0,396.09,0.3868,0,
edge-gateway-7f8d0_129,2026-07-13T09:02:09+00:00,edge-gateway-7f8d0,edge-gateway,0,387.39,0.3783,0,
edge-gateway-7f8d0_130,2026-07-13T09:02:10+00:00,edge-gateway-7f8d0,edge-gateway,0,382.04,0.3731,0,
edge-gateway-7f8d0_131,2026-07-13T09:02:11+00:00,edge-gateway-7f8d0,edge-gateway,0,383.55,0.3746,0,
edge-gateway-7f8d0_132,2026-07-13T09:02:12+00:00,edge-gateway-7f8d0,edge-gateway,0,377.79,0.3689,0,
edge-gateway-7f8d0_133,2026-07-13T09:02:13+00:00,edge-gateway-7f8d0,edge-gateway,0,386.13,0.3771,0,
edge-gateway-7f8d0_134,2026-07-13T09:02:14+00:00,edge-gateway-7f8d0,edge-gateway,0,397.85,0.3885,0,
edge-gateway-7f8d0_135,2026-07-13T09:02:15+00:00,edge-gateway-7f8d0,edge-gateway,0,384.97,0.3759,0,
edge-gateway-7f8d0_136,2026-07-13T09:02:16+00:00,edge-gateway-7f8d0,edge-gateway,0,388.18,0.3791,0,
edge-gateway-7f8d0_137,2026-07-13T09:02:17+00:00,edge-gateway-7f8d0,edge-gateway,0,394.22,0.385,0,
edge-gateway-7f8d0_138,2026-07-13T09:02:18+00:00,edge-gateway-7f8d0,edge-gateway,0,395.09,0.3858,0,
edge-gateway-7f8d0_139,2026-07-13T09:02:19+00:00,edge-gateway-7f8d0,edge-gateway,0,397.76,0.3884,0,
edge-gateway-7f8d0_140,2026-07-13T09:02:20+00:00,edge-gateway-7f8d0,edge-gateway,0,383.88,0.3749,0,
edge-gateway-7f8d0_141,2026-07-13T09:02:21+00:00,edge-gateway-7f8d0,edge-gateway,0,395.39,0.3861,0,
edge-gateway-7f8d0_142,2026-07-13T09:02:22+00:00,edge-gateway-7f8d0,edge-gateway,0,396.95,0.3876,0,
edge-gateway-7f8d0_143,2026-07-13T09:02:23+00:00,edge-gateway-7f8d0,edge-gateway,0,375.07,0.3663,0,
edge-gateway-7f8d0_144,2026-07-13T09:02:24+00:00,edge-gateway-7f8d0,edge-gateway,0,382.13,0.3732,0,
edge-gateway-7f8d0_145,2026-07-13T09:02:25+00:00,edge-gateway-7f8d0,edge-gateway,0,394.38,0.3851,0,
edge-gateway-7f8d0_146,2026-07-13T09:02:26+00:00,edge-gateway-7f8d0,edge-gateway,0,381.98,0.373,0,
edge-gateway-7f8d0_147,2026-07-13T09:02:27+00:00,edge-gateway-7f8d0,edge-gateway,0,391.72,0.3825,0,
edge-gateway-7f8d0_148,2026-07-13T09:02:28+00:00,edge-gateway-7f8d0,edge-gateway,0,401.11,0.3917,0,
edge-gateway-7f8d0_149,2026-07-13T09:02:29+00:00,edge-gateway-7f8d0,edge-gateway,0,381.01,0.3721,0,
edge-gateway-7f8d0_150,2026-07-13T09:02:30+00:00,edge-gateway-7f8d0,edge-gateway,0,390.5,0.3813,0,
edge-gateway-7f8d0_151,2026-07-13T09:02:31+00:00,edge-gateway-7f8d0,edge-gateway,0,380.28,0.3714,0,
edge-gateway-7f8d0_152,2026-07-13T09:02:32+00:00,edge-gateway-7f8d0,edge-gateway,0,386.39,0.3773,0,
edge-gateway-7f8d0_153,2026-07-13T09:02:33+00:00,edge-gateway-7f8d0,edge-gateway,0,388.51,0.3794,0,
edge-gateway-7f8d0_154,2026-07-13T09:02:34+00:00,edge-gateway-7f8d0,edge-gateway,0,375.96,0.3671,0,
edge-gateway-7f8d0_155,2026-07-13T09:02:35+00:00,edge-gateway-7f8d0,edge-gateway,0,394.85,0.3856,0,
edge-gateway-7f8d0_156,2026-07-13T09:02:36+00:00,edge-gateway-7f8d0,edge-gateway,0,402.13,0.3927,0,
edge-gateway-7f8d0_157,2026-07-13T09:02:37+00:00,edge-gateway-7f8d0,edge-gateway,0,385.65,0.3766,0,
edge-gateway-7f8d0_158,2026-07-13T09:02:38+00:00,edge-gateway-7f8d0,edge-gateway,0,385.56,0.3765,0,
edge-gateway-7f8d0_159,2026-07-13T09:02:39+00:00,edge-gateway-7f8d0,edge-gateway,0,396.87,0.3876,0,
edge-gateway-7f8d0_160,2026-07-13T09:02:40+00:00,edge-gateway-7f8d0,edge-gateway,0,382.93,0.374,0,
edge-gateway-7f8d0_161,2026-07-13T09:02:41+00:00,edge-gateway-7f8d0,edge-gateway,0,385.97,0.3769,0,
edge-gateway-7f8d0_162,2026-07-13T09:02:42+00:00,edge-gateway-7f8d0,edge-gateway,0,386.75,0.3777,0,
edge-gateway-7f8d0_163,2026-07-13T09:02:43+00:00,edge-gateway-7f8d0,edge-gateway,0,389.96,0.3808,0,
edge-gateway-7f8d0_164,2026-07-13T09:02:44+00:00,edge-gateway-7f8d0,edge-gateway,0,390.44,0.3813,0,
edge-gateway-7f8d0_165,2026-07-13T09:02:45+00:00,edge-gateway-7f8d0,edge-gateway,0,388.78,0.3797,0,
edge-gateway-7f8d0_166,2026-07-13T09:02:46+00:00,edge-gateway-7f8d0,edge-gateway,0,395.43,0.3862,0,
edge-gateway-7f8d0_167,2026-07-13T09:02:47+00:00,edge-gateway-7f8d0,edge-gateway,0,377.95,0.3691,0,
edge-gateway-7f8d0_168,2026-07-13T09:02:48+00:00,edge-gateway-7f8d0,edge-gateway,0,399.9,0.3905,0,
edge-gateway-7f8d0_169,2026-07-13T09:02:49+00:00,edge-gateway-7f8d0,edge-gateway,0,390.97,0.3818,0,
edge-gateway-7f8d0_170,2026-07-13T09:02:50+00:00,edge-gateway-7f8d0,edge-gateway,0,402.12,0.3927,0,
edge-gateway-7f8d0_171,2026-07-13T09:02:51+00:00,edge-gateway-7f8d0,edge-gateway,0,394.16,0.3849,0,
edge-gateway-7f8d0_172,2026-07-13T09:02:52+00:00,edge-gateway-7f8d0,edge-gateway,0,399.67,0.3903,0,
edge-gateway-7f8d0_173,2026-07-13T09:02:53+00:00,edge-gateway-7f8d0,edge-gateway,0,394.33,0.3851,0,
edge-gateway-7f8d0_174,2026-07-13T09:02:54+00:00,edge-gateway-7f8d0,edge-gateway,0,392.24,0.383,0,
edge-gateway-7f8d0_175,2026-07-13T09:02:55+00:00,edge-gateway-7f8d0,edge-gateway,0,379.05,0.3702,0,
edge-gateway-7f8d0_176,2026-07-13T09:02:56+00:00,edge-gateway-7f8d0,edge-gateway,0,387.99,0.3789,0,
edge-gateway-7f8d0_177,2026-07-13T09:02:57+00:00,edge-gateway-7f8d0,edge-gateway,0,392.85,0.3836,0,
edge-gateway-7f8d0_178,2026-07-13T09:02:58+00:00,edge-gateway-7f8d0,edge-gateway,0,380.42,0.3715,0,
edge-gateway-7f8d0_179,2026-07-13T09:02:59+00:00,edge-gateway-7f8d0,edge-gateway,0,397.81,0.3885,0,
edge-gateway-7f8d0_180,2026-07-13T09:03:00+00:00,edge-gateway-7f8d0,edge-gateway,0,386.3,0.3772,0,
edge-gateway-7f8d0_181,2026-07-13T09:03:01+00:00,edge-gateway-7f8d0,edge-gateway,0,380.55,0.3716,0,
edge-gateway-7f8d0_182,2026-07-13T09:03:02+00:00,edge-gateway-7f8d0,edge-gateway,0,390.46,0.3813,0,
edge-gateway-7f8d0_183,2026-07-13T09:03:03+00:00,edge-gateway-7f8d0,edge-gateway,0,392.6,0.3834,0,
edge-gateway-7f8d0_184,2026-07-13T09:03:04+00:00,edge-gateway-7f8d0,edge-gateway,0,380.42,0.3715,0,
edge-gateway-7f8d0_185,2026-07-13T09:03:05+00:00,edge-gateway-7f8d0,edge-gateway,0,390.68,0.3815,0,
edge-gateway-7f8d0_186,2026-07-13T09:03:06+00:00,edge-gateway-7f8d0,edge-gateway,0,381.55,0.3726,0,
edge-gateway-7f8d0_187,2026-07-13T09:03:07+00:00,edge-gateway-7f8d0,edge-gateway,0,392.86,0.3837,0,
edge-gateway-7f8d0_188,2026-07-13T09:03:08+00:00,edge-gateway-7f8d0,edge-gateway,0,379.07,0.3702,0,
edge-gateway-7f8d0_189,2026-07-13T09:03:09+00:00,edge-gateway-7f8d0,edge-gateway,0,396.03,0.3867,0,
edge-gateway-7f8d0_190,2026-07-13T09:03:10+00:00,edge-gateway-7f8d0,edge-gateway,0,382.57,0.3736,0,
edge-gateway-7f8d0_191,2026-07-13T09:03:11+00:00,edge-gateway-7f8d0,edge-gateway,0,384.43,0.3754,0,
edge-gateway-7f8d0_192,2026-07-13T09:03:12+00:00,edge-gateway-7f8d0,edge-gateway,0,374.62,0.3658,0,
edge-gateway-7f8d0_193,2026-07-13T09:03:13+00:00,edge-gateway-7f8d0,edge-gateway,0,390.33,0.3812,0,
edge-gateway-7f8d0_194,2026-07-13T09:03:14+00:00,edge-gateway-7f8d0,edge-gateway,0,394.52,0.3853,0,
edge-gateway-7f8d0_195,2026-07-13T09:03:15+00:00,edge-gateway-7f8d0,edge-gateway,0,400.7,0.3913,0,
edge-gateway-7f8d0_196,2026-07-13T09:03:16+00:00,edge-gateway-7f8d0,edge-gateway,0,389.78,0.3806,0,
edge-gateway-7f8d0_197,2026-07-13T09:03:17+00:00,edge-gateway-7f8d0,edge-gateway,0,384.57,0.3756,0,
edge-gateway-7f8d0_198,2026-07-13T09:03:18+00:00,edge-gateway-7f8d0,edge-gateway,0,400.92,0.3915,0,
edge-gateway-7f8d0_199,2026-07-13T09:03:19+00:00,edge-gateway-7f8d0,edge-gateway,0,382.38,0.3734,0,
edge-gateway-7f8d0_200,2026-07-13T09:03:20+00:00,edge-gateway-7f8d0,edge-gateway,0,390.95,0.3818,0,
edge-gateway-7f8d0_201,2026-07-13T09:03:21+00:00,edge-gateway-7f8d0,edge-gateway,0,386.84,0.3778,0,
edge-gateway-7f8d0_202,2026-07-13T09:03:22+00:00,edge-gateway-7f8d0,edge-gateway,0,386.72,0.3777,0,
edge-gateway-7f8d0_203,2026-07-13T09:03:23+00:00,edge-gateway-7f8d0,edge-gateway,0,375.77,0.367,0,
edge-gateway-7f8d0_204,2026-07-13T09:03:24+00:00,edge-gateway-7f8d0,edge-gateway,0,378.38,0.3695,0,
edge-gateway-7f8d0_205,2026-07-13T09:03:25+00:00,edge-gateway-7f8d0,edge-gateway,0,396.09,0.3868,0,
edge-gateway-7f8d0_206,2026-07-13T09:03:26+00:00,edge-gateway-7f8d0,edge-gateway,0,388.72,0.3796,0,
edge-gateway-7f8d0_207,2026-07-13T09:03:27+00:00,edge-gateway-7f8d0,edge-gateway,0,383.09,0.3741,0,
edge-gateway-7f8d0_208,2026-07-13T09:03:28+00:00,edge-gateway-7f8d0,edge-gateway,0,394.21,0.385,0,
edge-gateway-7f8d0_209,2026-07-13T09:03:29+00:00,edge-gateway-7f8d0,edge-gateway,0,392.99,0.3838,0,
edge-gateway-7f8d0_210,2026-07-13T09:03:30+00:00,edge-gateway-7f8d0,edge-gateway,0,387.84,0.3787,0,
edge-gateway-7f8d0_211,2026-07-13T09:03:31+00:00,edge-gateway-7f8d0,edge-gateway,0,391.41,0.3822,0,
edge-gateway-7f8d0_212,2026-07-13T09:03:32+00:00,edge-gateway-7f8d0,edge-gateway,0,392.09,0.3829,0,
edge-gateway-7f8d0_213,2026-07-13T09:03:33+00:00,edge-gateway-7f8d0,edge-gateway,0,380.94,0.372,0,
edge-gateway-7f8d0_214,2026-07-13T09:03:34+00:00,edge-gateway-7f8d0,edge-gateway,0,386.29,0.3772,0,
edge-gateway-7f8d0_215,2026-07-13T09:03:35+00:00,edge-gateway-7f8d0,edge-gateway,0,389.81,0.3807,0,
edge-gateway-7f8d0_216,2026-07-13T09:03:36+00:00,edge-gateway-7f8d0,edge-gateway,0,399.49,0.3901,0,
edge-gateway-7f8d0_217,2026-07-13T09:03:37+00:00,edge-gateway-7f8d0,edge-gateway,0,382.74,0.3738,0,
edge-gateway-7f8d0_218,2026-07-13T09:03:38+00:00,edge-gateway-7f8d0,edge-gateway,0,393.61,0.3844,0,
edge-gateway-7f8d0_219,2026-07-13T09:03:39+00:00,edge-gateway-7f8d0,edge-gateway,0,373.05,0.3643,0,
edge-gateway-7f8d0_220,2026-07-13T09:03:40+00:00,edge-gateway-7f8d0,edge-gateway,0,391.65,0.3825,0,
edge-gateway-7f8d0_221,2026-07-13T09:03:41+00:00,edge-gateway-7f8d0,edge-gateway,0,382.81,0.3738,0,
edge-gateway-7f8d0_222,2026-07-13T09:03:42+00:00,edge-gateway-7f8d0,edge-gateway,0,386.85,0.3778,0,
edge-gateway-7f8d0_223,2026-07-13T09:03:43+00:00,edge-gateway-7f8d0,edge-gateway,0,384.5,0.3755,0,
edge-gateway-7f8d0_224,2026-07-13T09:03:44+00:00,edge-gateway-7f8d0,edge-gateway,0,381.41,0.3725,0,
edge-gateway-7f8d0_225,2026-07-13T09:03:45+00:00,edge-gateway-7f8d0,edge-gateway,0,400.91,0.3915,0,
edge-gateway-7f8d0_226,2026-07-13T09:03:46+00:00,edge-gateway-7f8d0,edge-gateway,0,403.87,0.3944,0,
edge-gateway-7f8d0_227,2026-07-13T09:03:47+00:00,edge-gateway-7f8d0,edge-gateway,0,383.86,0.3749,0,
edge-gateway-7f8d0_228,2026-07-13T09:03:48+00:00,edge-gateway-7f8d0,edge-gateway,0,372.81,0.3641,0,
edge-gateway-7f8d0_229,2026-07-13T09:03:49+00:00,edge-gateway-7f8d0,edge-gateway,0,387.63,0.3785,0,
edge-gateway-7f8d0_230,2026-07-13T09:03:50+00:00,edge-gateway-7f8d0,edge-gateway,0,395.57,0.3863,0,
edge-gateway-7f8d0_231,2026-07-13T09:03:51+00:00,edge-gateway-7f8d0,edge-gateway,0,404.56,0.3951,0,
edge-gateway-7f8d0_232,2026-07-13T09:03:52+00:00,edge-gateway-7f8d0,edge-gateway,0,381.48,0.3725,0,
edge-gateway-7f8d0_233,2026-07-13T09:03:53+00:00,edge-gateway-7f8d0,edge-gateway,0,381.54,0.3726,0,
edge-gateway-7f8d0_234,2026-07-13T09:03:54+00:00,edge-gateway-7f8d0,edge-gateway,0,371.59,0.3629,0,
edge-gateway-7f8d0_235,2026-07-13T09:03:55+00:00,edge-gateway-7f8d0,edge-gateway,0,386.37,0.3773,0,
edge-gateway-7f8d0_236,2026-07-13T09:03:56+00:00,edge-gateway-7f8d0,edge-gateway,0,398.97,0.3896,0,
edge-gateway-7f8d0_237,2026-07-13T09:03:57+00:00,edge-gateway-7f8d0,edge-gateway,0,403.16,0.3937,0,
edge-gateway-7f8d0_238,2026-07-13T09:03:58+00:00,edge-gateway-7f8d0,edge-gateway,0,389.53,0.3804,0,
edge-gateway-7f8d0_239,2026-07-13T09:03:59+00:00,edge-gateway-7f8d0,edge-gateway,0,384.59,0.3756,0,
edge-gateway-7f8d0_240,2026-07-13T09:04:00+00:00,edge-gateway-7f8d0,edge-gateway,0,382.35,0.3734,0,
edge-gateway-7f8d0_241,2026-07-13T09:04:01+00:00,edge-gateway-7f8d0,edge-gateway,0,385.5,0.3765,0,
edge-gateway-7f8d0_242,2026-07-13T09:04:02+00:00,edge-gateway-7f8d0,edge-gateway,0,383.14,0.3742,0,
edge-gateway-7f8d0_243,2026-07-13T09:04:03+00:00,edge-gateway-7f8d0,edge-gateway,0,384.03,0.375,0,
edge-gateway-7f8d0_244,2026-07-13T09:04:04+00:00,edge-gateway-7f8d0,edge-gateway,0,375.14,0.3663,0,
edge-gateway-7f8d0_245,2026-07-13T09:04:05+00:00,edge-gateway-7f8d0,edge-gateway,0,388.38,0.3793,0,
edge-gateway-7f8d0_246,2026-07-13T09:04:06+00:00,edge-gateway-7f8d0,edge-gateway,0,397.2,0.3879,0,
edge-gateway-7f8d0_247,2026-07-13T09:04:07+00:00,edge-gateway-7f8d0,edge-gateway,0,384.96,0.3759,0,
edge-gateway-7f8d0_248,2026-07-13T09:04:08+00:00,edge-gateway-7f8d0,edge-gateway,0,386.48,0.3774,0,
edge-gateway-7f8d0_249,2026-07-13T09:04:09+00:00,edge-gateway-7f8d0,edge-gateway,0,398.76,0.3894,0,
edge-gateway-7f8d0_250,2026-07-13T09:04:10+00:00,edge-gateway-7f8d0,edge-gateway,0,397.77,0.3884,0,
edge-gateway-7f8d0_251,2026-07-13T09:04:11+00:00,edge-gateway-7f8d0,edge-gateway,0,374.14,0.3654,0,
edge-gateway-7f8d0_252,2026-07-13T09:04:12+00:00,edge-gateway-7f8d0,edge-gateway,0,393.02,0.3838,0,
edge-gateway-7f8d0_253,2026-07-13T09:04:13+00:00,edge-gateway-7f8d0,edge-gateway,0,384.21,0.3752,0,
edge-gateway-7f8d0_254,2026-07-13T09:04:14+00:00,edge-gateway-7f8d0,edge-gateway,0,381.81,0.3729,0,
edge-gateway-7f8d0_255,2026-07-13T09:04:15+00:00,edge-gateway-7f8d0,edge-gateway,0,388.2,0.3791,0,
edge-gateway-7f8d0_256,2026-07-13T09:04:16+00:00,edge-gateway-7f8d0,edge-gateway,0,390.03,0.3809,0,
edge-gateway-7f8d0_257,2026-07-13T09:04:17+00:00,edge-gateway-7f8d0,edge-gateway,0,387.6,0.3785,0,
edge-gateway-7f8d0_258,2026-07-13T09:04:18+00:00,edge-gateway-7f8d0,edge-gateway,0,402.3,0.3929,0,
edge-gateway-7f8d0_259,2026-07-13T09:04:19+00:00,edge-gateway-7f8d0,edge-gateway,0,389.72,0.3806,0,
edge-gateway-7f8d0_260,2026-07-13T09:04:20+00:00,edge-gateway-7f8d0,edge-gateway,0,399.97,0.3906,0,
edge-gateway-7f8d0_261,2026-07-13T09:04:21+00:00,edge-gateway-7f8d0,edge-gateway,0,387.4,0.3783,0,
edge-gateway-7f8d0_262,2026-07-13T09:04:22+00:00,edge-gateway-7f8d0,edge-gateway,0,375.07,0.3663,0,
edge-gateway-7f8d0_263,2026-07-13T09:04:23+00:00,edge-gateway-7f8d0,edge-gateway,0,389.39,0.3803,0,
edge-gateway-7f8d0_264,2026-07-13T09:04:24+00:00,edge-gateway-7f8d0,edge-gateway,0,378.05,0.3692,0,
edge-gateway-7f8d0_265,2026-07-13T09:04:25+00:00,edge-gateway-7f8d0,edge-gateway,0,396.85,0.3875,0,
edge-gateway-7f8d0_266,2026-07-13T09:04:26+00:00,edge-gateway-7f8d0,edge-gateway,0,384.83,0.3758,0,
edge-gateway-7f8d0_267,2026-07-13T09:04:27+00:00,edge-gateway-7f8d0,edge-gateway,0,392.37,0.3832,0,
edge-gateway-7f8d0_268,2026-07-13T09:04:28+00:00,edge-gateway-7f8d0,edge-gateway,0,409.94,0.4003,0,
edge-gateway-7f8d0_269,2026-07-13T09:04:29+00:00,edge-gateway-7f8d0,edge-gateway,0,403.79,0.3943,0,
edge-gateway-7f8d0_270,2026-07-13T09:04:30+00:00,edge-gateway-7f8d0,edge-gateway,0,393.37,0.3842,0,
edge-gateway-7f8d0_271,2026-07-13T09:04:31+00:00,edge-gateway-7f8d0,edge-gateway,0,394.79,0.3855,0,
edge-gateway-7f8d0_272,2026-07-13T09:04:32+00:00,edge-gateway-7f8d0,edge-gateway,0,389.23,0.3801,0,
edge-gateway-7f8d0_273,2026-07-13T09:04:33+00:00,edge-gateway-7f8d0,edge-gateway,0,380.36,0.3714,0,
edge-gateway-7f8d0_274,2026-07-13T09:04:34+00:00,edge-gateway-7f8d0,edge-gateway,0,388.32,0.3792,0,
edge-gateway-7f8d0_275,2026-07-13T09:04:35+00:00,edge-gateway-7f8d0,edge-gateway,0,386.16,0.3771,0,
edge-gateway-7f8d0_276,2026-07-13T09:04:36+00:00,edge-gateway-7f8d0,edge-gateway,0,400.47,0.3911,0,
edge-gateway-7f8d0_277,2026-07-13T09:04:37+00:00,edge-gateway-7f8d0,edge-gateway,0,384.72,0.3757,0,
edge-gateway-7f8d0_278,2026-07-13T09:04:38+00:00,edge-gateway-7f8d0,edge-gateway,0,393.32,0.3841,0,
edge-gateway-7f8d0_279,2026-07-13T09:04:39+00:00,edge-gateway-7f8d0,edge-gateway,0,376.34,0.3675,0,
edge-gateway-7f8d0_280,2026-07-13T09:04:40+00:00,edge-gateway-7f8d0,edge-gateway,0,379.1,0.3702,0,
edge-gateway-7f8d0_281,2026-07-13T09:04:41+00:00,edge-gateway-7f8d0,edge-gateway,0,382.56,0.3736,0,
edge-gateway-7f8d0_282,2026-07-13T09:04:42+00:00,edge-gateway-7f8d0,edge-gateway,0,408.01,0.3984,0,
edge-gateway-7f8d0_283,2026-07-13T09:04:43+00:00,edge-gateway-7f8d0,edge-gateway,0,386.33,0.3773,0,
edge-gateway-7f8d0_284,2026-07-13T09:04:44+00:00,edge-gateway-7f8d0,edge-gateway,0,385.0,0.376,0,
edge-gateway-7f8d0_285,2026-07-13T09:04:45+00:00,edge-gateway-7f8d0,edge-gateway,0,400.54,0.3912,0,
edge-gateway-7f8d0_286,2026-07-13T09:04:46+00:00,edge-gateway-7f8d0,edge-gateway,0,379.66,0.3708,0,
edge-gateway-7f8d0_287,2026-07-13T09:04:47+00:00,edge-gateway-7f8d0,edge-gateway,0,386.39,0.3773,0,
edge-gateway-7f8d0_288,2026-07-13T09:04:48+00:00,edge-gateway-7f8d0,edge-gateway,0,382.39,0.3734,0,
edge-gateway-7f8d0_289,2026-07-13T09:04:49+00:00,edge-gateway-7f8d0,edge-gateway,0,385.74,0.3767,0,
edge-gateway-7f8d0_290,2026-07-13T09:04:50+00:00,edge-gateway-7f8d0,edge-gateway,0,399.06,0.3897,0,
edge-gateway-7f8d0_291,2026-07-13T09:04:51+00:00,edge-gateway-7f8d0,edge-gateway,0,381.94,0.373,0,
edge-gateway-7f8d0_292,2026-07-13T09:04:52+00:00,edge-gateway-7f8d0,edge-gateway,0,389.72,0.3806,0,
edge-gateway-7f8d0_293,2026-07-13T09:04:53+00:00,edge-gateway-7f8d0,edge-gateway,0,377.28,0.3684,0,
edge-gateway-7f8d0_294,2026-07-13T09:04:54+00:00,edge-gateway-7f8d0,edge-gateway,0,391.12,0.382,0,
edge-gateway-7f8d0_295,2026-07-13T09:04:55+00:00,edge-gateway-7f8d0,edge-gateway,0,388.82,0.3797,0,
edge-gateway-7f8d0_296,2026-07-13T09:04:56+00:00,edge-gateway-7f8d0,edge-gateway,0,389.1,0.38,0,
edge-gateway-7f8d0_297,2026-07-13T09:04:57+00:00,edge-gateway-7f8d0,edge-gateway,0,390.1,0.381,0,
edge-gateway-7f8d0_298,2026-07-13T09:04:58+00:00,edge-gateway-7f8d0,edge-gateway,0,381.34,0.3724,0,
edge-gateway-7f8d0_299,2026-07-13T09:04:59+00:00,edge-gateway-7f8d0,edge-gateway,0,401.1,0.3917,0,
edge-gateway-7f8d0_300,2026-07-13T09:05:00+00:00,edge-gateway-7f8d0,edge-gateway,0,399.21,0.3899,0,
edge-gateway-7f8d0_301,2026-07-13T09:05:01+00:00,edge-gateway-7f8d0,edge-gateway,0,390.45,0.3813,0,
edge-gateway-7f8d0_302,2026-07-13T09:05:02+00:00,edge-gateway-7f8d0,edge-gateway,0,392.36,0.3832,0,
edge-gateway-7f8d0_303,2026-07-13T09:05:03+00:00,edge-gateway-7f8d0,edge-gateway,0,388.44,0.3793,0,
edge-gateway-7f8d0_304,2026-07-13T09:05:04+00:00,edge-gateway-7f8d0,edge-gateway,0,397.03,0.3877,0,
edge-gateway-7f8d0_305,2026-07-13T09:05:05+00:00,edge-gateway-7f8d0,edge-gateway,0,390.35,0.3812,0,
edge-gateway-7f8d0_306,2026-07-13T09:05:06+00:00,edge-gateway-7f8d0,edge-gateway,0,387.51,0.3784,0,
edge-gateway-7f8d0_307,2026-07-13T09:05:07+00:00,edge-gateway-7f8d0,edge-gateway,0,384.82,0.3758,0,
edge-gateway-7f8d0_308,2026-07-13T09:05:08+00:00,edge-gateway-7f8d0,edge-gateway,0,396.95,0.3876,0,
edge-gateway-7f8d0_309,2026-07-13T09:05:09+00:00,edge-gateway-7f8d0,edge-gateway,0,381.96,0.373,0,
edge-gateway-7f8d0_310,2026-07-13T09:05:10+00:00,edge-gateway-7f8d0,edge-gateway,0,392.4,0.3832,0,
edge-gateway-7f8d0_311,2026-07-13T09:05:11+00:00,edge-gateway-7f8d0,edge-gateway,0,375.45,0.3667,0,
edge-gateway-7f8d0_312,2026-07-13T09:05:12+00:00,edge-gateway-7f8d0,edge-gateway,0,391.03,0.3819,0,
edge-gateway-7f8d0_313,2026-07-13T09:05:13+00:00,edge-gateway-7f8d0,edge-gateway,0,384.64,0.3756,0,
edge-gateway-7f8d0_314,2026-07-13T09:05:14+00:00,edge-gateway-7f8d0,edge-gateway,0,382.35,0.3734,0,
edge-gateway-7f8d0_315,2026-07-13T09:05:15+00:00,edge-gateway-7f8d0,edge-gateway,0,379.84,0.3709,0,
edge-gateway-7f8d0_316,2026-07-13T09:05:16+00:00,edge-gateway-7f8d0,edge-gateway,0,393.23,0.384,0,
edge-gateway-7f8d0_317,2026-07-13T09:05:17+00:00,edge-gateway-7f8d0,edge-gateway,0,397.36,0.388,0,
edge-gateway-7f8d0_318,2026-07-13T09:05:18+00:00,edge-gateway-7f8d0,edge-gateway,0,384.19,0.3752,0,
edge-gateway-7f8d0_319,2026-07-13T09:05:19+00:00,edge-gateway-7f8d0,edge-gateway,0,371.18,0.3625,0,
edge-gateway-7f8d0_320,2026-07-13T09:05:20+00:00,edge-gateway-7f8d0,edge-gateway,0,388.28,0.3792,0,
edge-gateway-7f8d0_321,2026-07-13T09:05:21+00:00,edge-gateway-7f8d0,edge-gateway,0,390.42,0.3813,0,
edge-gateway-7f8d0_322,2026-07-13T09:05:22+00:00,edge-gateway-7f8d0,edge-gateway,0,393.3,0.3841,0,
edge-gateway-7f8d0_323,2026-07-13T09:05:23+00:00,edge-gateway-7f8d0,edge-gateway,0,387.71,0.3786,0,
edge-gateway-7f8d0_324,2026-07-13T09:05:24+00:00,edge-gateway-7f8d0,edge-gateway,0,387.83,0.3787,0,
edge-gateway-7f8d0_325,2026-07-13T09:05:25+00:00,edge-gateway-7f8d0,edge-gateway,0,393.82,0.3846,0,
edge-gateway-7f8d0_326,2026-07-13T09:05:26+00:00,edge-gateway-7f8d0,edge-gateway,0,396.84,0.3875,0,
edge-gateway-7f8d0_327,2026-07-13T09:05:27+00:00,edge-gateway-7f8d0,edge-gateway,0,391.26,0.3821,0,
edge-gateway-7f8d0_328,2026-07-13T09:05:28+00:00,edge-gateway-7f8d0,edge-gateway,0,384.61,0.3756,0,
edge-gateway-7f8d0_329,2026-07-13T09:05:29+00:00,edge-gateway-7f8d0,edge-gateway,0,380.23,0.3713,0,
edge-gateway-7f8d0_330,2026-07-13T09:05:30+00:00,edge-gateway-7f8d0,edge-gateway,0,375.49,0.3667,0,
edge-gateway-7f8d0_331,2026-07-13T09:05:31+00:00,edge-gateway-7f8d0,edge-gateway,0,400.79,0.3914,0,
edge-gateway-7f8d0_332,2026-07-13T09:05:32+00:00,edge-gateway-7f8d0,edge-gateway,0,392.57,0.3834,0,
edge-gateway-7f8d0_333,2026-07-13T09:05:33+00:00,edge-gateway-7f8d0,edge-gateway,0,389.21,0.3801,0,
edge-gateway-7f8d0_334,2026-07-13T09:05:34+00:00,edge-gateway-7f8d0,edge-gateway,0,398.56,0.3892,0,
edge-gateway-7f8d0_335,2026-07-13T09:05:35+00:00,edge-gateway-7f8d0,edge-gateway,0,376.42,0.3676,0,
edge-gateway-7f8d0_336,2026-07-13T09:05:36+00:00,edge-gateway-7f8d0,edge-gateway,0,389.06,0.3799,0,
edge-gateway-7f8d0_337,2026-07-13T09:05:37+00:00,edge-gateway-7f8d0,edge-gateway,0,382.98,0.374,0,
edge-gateway-7f8d0_338,2026-07-13T09:05:38+00:00,edge-gateway-7f8d0,edge-gateway,0,405.96,0.3964,0,
edge-gateway-7f8d0_339,2026-07-13T09:05:39+00:00,edge-gateway-7f8d0,edge-gateway,0,404.0,0.3945,0,
edge-gateway-7f8d0_340,2026-07-13T09:05:40+00:00,edge-gateway-7f8d0,edge-gateway,0,392.89,0.3837,0,
edge-gateway-7f8d0_341,2026-07-13T09:05:41+00:00,edge-gateway-7f8d0,edge-gateway,0,387.89,0.3788,0,
edge-gateway-7f8d0_342,2026-07-13T09:05:42+00:00,edge-gateway-7f8d0,edge-gateway,0,396.39,0.3871,0,
edge-gateway-7f8d0_343,2026-07-13T09:05:43+00:00,edge-gateway-7f8d0,edge-gateway,0,394.82,0.3856,0,
edge-gateway-7f8d0_344,2026-07-13T09:05:44+00:00,edge-gateway-7f8d0,edge-gateway,0,382.24,0.3733,0,
edge-gateway-7f8d0_345,2026-07-13T09:05:45+00:00,edge-gateway-7f8d0,edge-gateway,0,397.88,0.3886,0,
edge-gateway-7f8d0_346,2026-07-13T09:05:46+00:00,edge-gateway-7f8d0,edge-gateway,0,384.02,0.375,0,
edge-gateway-7f8d0_347,2026-07-13T09:05:47+00:00,edge-gateway-7f8d0,edge-gateway,0,376.48,0.3677,0,
edge-gateway-7f8d0_348,2026-07-13T09:05:48+00:00,edge-gateway-7f8d0,edge-gateway,0,388.89,0.3798,0,
edge-gateway-7f8d0_349,2026-07-13T09:05:49+00:00,edge-gateway-7f8d0,edge-gateway,0,377.96,0.3691,0,
edge-gateway-7f8d0_350,2026-07-13T09:05:50+00:00,edge-gateway-7f8d0,edge-gateway,0,401.72,0.3923,0,
edge-gateway-7f8d0_351,2026-07-13T09:05:51+00:00,edge-gateway-7f8d0,edge-gateway,0,397.78,0.3885,0,
edge-gateway-7f8d0_352,2026-07-13T09:05:52+00:00,edge-gateway-7f8d0,edge-gateway,0,384.22,0.3752,0,
edge-gateway-7f8d0_353,2026-07-13T09:05:53+00:00,edge-gateway-7f8d0,edge-gateway,0,383.08,0.3741,0,
edge-gateway-7f8d0_354,2026-07-13T09:05:54+00:00,edge-gateway-7f8d0,edge-gateway,0,390.46,0.3813,0,
edge-gateway-7f8d0_355,2026-07-13T09:05:55+00:00,edge-gateway-7f8d0,edge-gateway,0,385.09,0.3761,0,
edge-gateway-7f8d0_356,2026-07-13T09:05:56+00:00,edge-gateway-7f8d0,edge-gateway,0,393.8,0.3846,0,
edge-gateway-7f8d0_357,2026-07-13T09:05:57+00:00,edge-gateway-7f8d0,edge-gateway,0,374.6,0.3658,0,
edge-gateway-7f8d0_358,2026-07-13T09:05:58+00:00,edge-gateway-7f8d0,edge-gateway,0,388.57,0.3795,0,
edge-gateway-7f8d0_359,2026-07-13T09:05:59+00:00,edge-gateway-7f8d0,edge-gateway,0,393.47,0.3842,0,
edge-gateway-7f8d0_360,2026-07-13T09:06:00+00:00,edge-gateway-7f8d0,edge-gateway,0,383.64,0.3746,0,
edge-gateway-7f8d0_361,2026-07-13T09:06:01+00:00,edge-gateway-7f8d0,edge-gateway,0,388.56,0.3795,0,
edge-gateway-7f8d0_362,2026-07-13T09:06:02+00:00,edge-gateway-7f8d0,edge-gateway,0,394.44,0.3852,0,
edge-gateway-7f8d0_363,2026-07-13T09:06:03+00:00,edge-gateway-7f8d0,edge-gateway,0,385.8,0.3768,0,
edge-gateway-7f8d0_364,2026-07-13T09:06:04+00:00,edge-gateway-7f8d0,edge-gateway,0,378.98,0.3701,0,
edge-gateway-7f8d0_365,2026-07-13T09:06:05+00:00,edge-gateway-7f8d0,edge-gateway,0,394.0,0.3848,0,
edge-gateway-7f8d0_366,2026-07-13T09:06:06+00:00,edge-gateway-7f8d0,edge-gateway,0,393.6,0.3844,0,
edge-gateway-7f8d0_367,2026-07-13T09:06:07+00:00,edge-gateway-7f8d0,edge-gateway,0,399.23,0.3899,0,
edge-gateway-7f8d0_368,2026-07-13T09:06:08+00:00,edge-gateway-7f8d0,edge-gateway,0,391.77,0.3826,0,
edge-gateway-7f8d0_369,2026-07-13T09:06:09+00:00,edge-gateway-7f8d0,edge-gateway,0,395.73,0.3865,0,
edge-gateway-7f8d0_370,2026-07-13T09:06:10+00:00,edge-gateway-7f8d0,edge-gateway,0,385.85,0.3768,0,
edge-gateway-7f8d0_371,2026-07-13T09:06:11+00:00,edge-gateway-7f8d0,edge-gateway,0,391.23,0.3821,0,
edge-gateway-7f8d0_372,2026-07-13T09:06:12+00:00,edge-gateway-7f8d0,edge-gateway,0,385.73,0.3767,0,
edge-gateway-7f8d0_373,2026-07-13T09:06:13+00:00,edge-gateway-7f8d0,edge-gateway,0,395.69,0.3864,0,
edge-gateway-7f8d0_374,2026-07-13T09:06:14+00:00,edge-gateway-7f8d0,edge-gateway,0,399.05,0.3897,0,
edge-gateway-7f8d0_375,2026-07-13T09:06:15+00:00,edge-gateway-7f8d0,edge-gateway,0,391.78,0.3826,0,
edge-gateway-7f8d0_376,2026-07-13T09:06:16+00:00,edge-gateway-7f8d0,edge-gateway,0,391.68,0.3825,0,
edge-gateway-7f8d0_377,2026-07-13T09:06:17+00:00,edge-gateway-7f8d0,edge-gateway,0,383.17,0.3742,0,
edge-gateway-7f8d0_378,2026-07-13T09:06:18+00:00,edge-gateway-7f8d0,edge-gateway,0,392.08,0.3829,0,
edge-gateway-7f8d0_379,2026-07-13T09:06:19+00:00,edge-gateway-7f8d0,edge-gateway,0,392.45,0.3833,0,
edge-gateway-7f8d0_380,2026-07-13T09:06:20+00:00,edge-gateway-7f8d0,edge-gateway,0,378.2,0.3693,0,
edge-gateway-7f8d0_381,2026-07-13T09:06:21+00:00,edge-gateway-7f8d0,edge-gateway,0,379.92,0.371,0,
edge-gateway-7f8d0_382,2026-07-13T09:06:22+00:00,edge-gateway-7f8d0,edge-gateway,0,381.19,0.3723,0,
edge-gateway-7f8d0_383,2026-07-13T09:06:23+00:00,edge-gateway-7f8d0,edge-gateway,0,381.57,0.3726,0,
edge-gateway-7f8d0_384,2026-07-13T09:06:24+00:00,edge-gateway-7f8d0,edge-gateway,0,389.59,0.3805,0,
edge-gateway-7f8d0_385,2026-07-13T09:06:25+00:00,edge-gateway-7f8d0,edge-gateway,0,393.37,0.3842,0,
edge-gateway-7f8d0_386,2026-07-13T09:06:26+00:00,edge-gateway-7f8d0,edge-gateway,0,401.13,0.3917,0,
edge-gateway-7f8d0_387,2026-07-13T09:06:27+00:00,edge-gateway-7f8d0,edge-gateway,0,400.13,0.3908,0,
edge-gateway-7f8d0_388,2026-07-13T09:06:28+00:00,edge-gateway-7f8d0,edge-gateway,0,394.68,0.3854,0,
edge-gateway-7f8d0_389,2026-07-13T09:06:29+00:00,edge-gateway-7f8d0,edge-gateway,0,395.99,0.3867,0,
edge-gateway-7f8d0_390,2026-07-13T09:06:30+00:00,edge-gateway-7f8d0,edge-gateway,0,382.4,0.3734,0,
edge-gateway-7f8d0_391,2026-07-13T09:06:31+00:00,edge-gateway-7f8d0,edge-gateway,0,386.53,0.3775,0,
edge-gateway-7f8d0_392,2026-07-13T09:06:32+00:00,edge-gateway-7f8d0,edge-gateway,0,386.67,0.3776,0,
edge-gateway-7f8d0_393,2026-07-13T09:06:33+00:00,edge-gateway-7f8d0,edge-gateway,0,391.06,0.3819,0,
edge-gateway-7f8d0_394,2026-07-13T09:06:34+00:00,edge-gateway-7f8d0,edge-gateway,0,379.97,0.3711,0,
edge-gateway-7f8d0_395,2026-07-13T09:06:35+00:00,edge-gateway-7f8d0,edge-gateway,0,393.24,0.384,0,
edge-gateway-7f8d0_396,2026-07-13T09:06:36+00:00,edge-gateway-7f8d0,edge-gateway,0,383.44,0.3745,0,
edge-gateway-7f8d0_397,2026-07-13T09:06:37+00:00,edge-gateway-7f8d0,edge-gateway,0,389.19,0.3801,0,
edge-gateway-7f8d0_398,2026-07-13T09:06:38+00:00,edge-gateway-7f8d0,edge-gateway,0,383.96,0.375,0,
edge-gateway-7f8d0_399,2026-07-13T09:06:39+00:00,edge-gateway-7f8d0,edge-gateway,0,404.53,0.395,0,
edge-gateway-7f8d0_400,2026-07-13T09:06:40+00:00,edge-gateway-7f8d0,edge-gateway,0,390.26,0.3811,0,
edge-gateway-7f8d0_401,2026-07-13T09:06:41+00:00,edge-gateway-7f8d0,edge-gateway,0,378.07,0.3692,0,
edge-gateway-7f8d0_402,2026-07-13T09:06:42+00:00,edge-gateway-7f8d0,edge-gateway,0,382.16,0.3732,0,
edge-gateway-7f8d0_403,2026-07-13T09:06:43+00:00,edge-gateway-7f8d0,edge-gateway,0,389.67,0.3805,0,
edge-gateway-7f8d0_404,2026-07-13T09:06:44+00:00,edge-gateway-7f8d0,edge-gateway,0,381.42,0.3725,0,
edge-gateway-7f8d0_405,2026-07-13T09:06:45+00:00,edge-gateway-7f8d0,edge-gateway,0,402.03,0.3926,0,
edge-gateway-7f8d0_406,2026-07-13T09:06:46+00:00,edge-gateway-7f8d0,edge-gateway,0,387.99,0.3789,0,
edge-gateway-7f8d0_407,2026-07-13T09:06:47+00:00,edge-gateway-7f8d0,edge-gateway,0,386.31,0.3773,0,
edge-gateway-7f8d0_408,2026-07-13T09:06:48+00:00,edge-gateway-7f8d0,edge-gateway,0,406.49,0.397,0,
edge-gateway-7f8d0_409,2026-07-13T09:06:49+00:00,edge-gateway-7f8d0,edge-gateway,0,387.75,0.3787,0,
edge-gateway-7f8d0_410,2026-07-13T09:06:50+00:00,edge-gateway-7f8d0,edge-gateway,0,398.38,0.389,0,
edge-gateway-7f8d0_411,2026-07-13T09:06:51+00:00,edge-gateway-7f8d0,edge-gateway,0,385.85,0.3768,0,
edge-gateway-7f8d0_412,2026-07-13T09:06:52+00:00,edge-gateway-7f8d0,edge-gateway,0,393.51,0.3843,0,
edge-gateway-7f8d0_413,2026-07-13T09:06:53+00:00,edge-gateway-7f8d0,edge-gateway,0,387.31,0.3782,0,
edge-gateway-7f8d0_414,2026-07-13T09:06:54+00:00,edge-gateway-7f8d0,edge-gateway,0,395.47,0.3862,0,
edge-gateway-7f8d0_415,2026-07-13T09:06:55+00:00,edge-gateway-7f8d0,edge-gateway,0,403.7,0.3942,0,
edge-gateway-7f8d0_416,2026-07-13T09:06:56+00:00,edge-gateway-7f8d0,edge-gateway,0,391.3,0.3821,0,
edge-gateway-7f8d0_417,2026-07-13T09:06:57+00:00,edge-gateway-7f8d0,edge-gateway,0,396.82,0.3875,0,
edge-gateway-7f8d0_418,2026-07-13T09:06:58+00:00,edge-gateway-7f8d0,edge-gateway,0,395.49,0.3862,0,
edge-gateway-7f8d0_419,2026-07-13T09:06:59+00:00,edge-gateway-7f8d0,edge-gateway,0,392.83,0.3836,0,
edge-gateway-7f8d0_420,2026-07-13T09:07:00+00:00,edge-gateway-7f8d0,edge-gateway,0,383.19,0.3742,0,
edge-gateway-7f8d0_421,2026-07-13T09:07:01+00:00,edge-gateway-7f8d0,edge-gateway,0,388.87,0.3798,0,
edge-gateway-7f8d0_422,2026-07-13T09:07:02+00:00,edge-gateway-7f8d0,edge-gateway,0,380.17,0.3713,0,
edge-gateway-7f8d0_423,2026-07-13T09:07:03+00:00,edge-gateway-7f8d0,edge-gateway,0,393.29,0.3841,0,
edge-gateway-7f8d0_424,2026-07-13T09:07:04+00:00,edge-gateway-7f8d0,edge-gateway,0,395.13,0.3859,0,
edge-gateway-7f8d0_425,2026-07-13T09:07:05+00:00,edge-gateway-7f8d0,edge-gateway,0,400.29,0.3909,0,
edge-gateway-7f8d0_426,2026-07-13T09:07:06+00:00,edge-gateway-7f8d0,edge-gateway,0,395.9,0.3866,0,
edge-gateway-7f8d0_427,2026-07-13T09:07:07+00:00,edge-gateway-7f8d0,edge-gateway,0,397.0,0.3877,0,
edge-gateway-7f8d0_428,2026-07-13T09:07:08+00:00,edge-gateway-7f8d0,edge-gateway,0,371.79,0.3631,0,
edge-gateway-7f8d0_429,2026-07-13T09:07:09+00:00,edge-gateway-7f8d0,edge-gateway,0,391.73,0.3825,0,
edge-gateway-7f8d0_430,2026-07-13T09:07:10+00:00,edge-gateway-7f8d0,edge-gateway,0,395.02,0.3858,0,
edge-gateway-7f8d0_431,2026-07-13T09:07:11+00:00,edge-gateway-7f8d0,edge-gateway,0,384.55,0.3755,0,
edge-gateway-7f8d0_432,2026-07-13T09:07:12+00:00,edge-gateway-7f8d0,edge-gateway,0,374.12,0.3654,0,
edge-gateway-7f8d0_433,2026-07-13T09:07:13+00:00,edge-gateway-7f8d0,edge-gateway,0,401.62,0.3922,0,
edge-gateway-7f8d0_434,2026-07-13T09:07:14+00:00,edge-gateway-7f8d0,edge-gateway,0,386.89,0.3778,0,
edge-gateway-7f8d0_435,2026-07-13T09:07:15+00:00,edge-gateway-7f8d0,edge-gateway,0,398.23,0.3889,0,
edge-gateway-7f8d0_436,2026-07-13T09:07:16+00:00,edge-gateway-7f8d0,edge-gateway,0,385.77,0.3767,0,
edge-gateway-7f8d0_437,2026-07-13T09:07:17+00:00,edge-gateway-7f8d0,edge-gateway,0,378.35,0.3695,0,
edge-gateway-7f8d0_438,2026-07-13T09:07:18+00:00,edge-gateway-7f8d0,edge-gateway,0,391.95,0.3828,0,
edge-gateway-7f8d0_439,2026-07-13T09:07:19+00:00,edge-gateway-7f8d0,edge-gateway,0,389.91,0.3808,0,
edge-gateway-7f8d0_440,2026-07-13T09:07:20+00:00,edge-gateway-7f8d0,edge-gateway,0,401.34,0.3919,0,
edge-gateway-7f8d0_441,2026-07-13T09:07:21+00:00,edge-gateway-7f8d0,edge-gateway,0,383.98,0.375,0,
edge-gateway-7f8d0_442,2026-07-13T09:07:22+00:00,edge-gateway-7f8d0,edge-gateway,0,405.95,0.3964,0,
edge-gateway-7f8d0_443,2026-07-13T09:07:23+00:00,edge-gateway-7f8d0,edge-gateway,0,381.14,0.3722,0,
edge-gateway-7f8d0_444,2026-07-13T09:07:24+00:00,edge-gateway-7f8d0,edge-gateway,0,394.38,0.3851,0,
edge-gateway-7f8d0_445,2026-07-13T09:07:25+00:00,edge-gateway-7f8d0,edge-gateway,0,385.2,0.3762,0,
edge-gateway-7f8d0_446,2026-07-13T09:07:26+00:00,edge-gateway-7f8d0,edge-gateway,0,403.35,0.3939,0,
edge-gateway-7f8d0_447,2026-07-13T09:07:27+00:00,edge-gateway-7f8d0,edge-gateway,0,369.89,0.3612,0,
edge-gateway-7f8d0_448,2026-07-13T09:07:28+00:00,edge-gateway-7f8d0,edge-gateway,0,394.5,0.3853,0,
edge-gateway-7f8d0_449,2026-07-13T09:07:29+00:00,edge-gateway-7f8d0,edge-gateway,0,393.35,0.3841,0,
edge-gateway-7f8d0_450,2026-07-13T09:07:30+00:00,edge-gateway-7f8d0,edge-gateway,0,377.03,0.3682,0,
edge-gateway-7f8d0_451,2026-07-13T09:07:31+00:00,edge-gateway-7f8d0,edge-gateway,0,401.84,0.3924,0,
edge-gateway-7f8d0_452,2026-07-13T09:07:32+00:00,edge-gateway-7f8d0,edge-gateway,0,394.53,0.3853,0,
edge-gateway-7f8d0_453,2026-07-13T09:07:33+00:00,edge-gateway-7f8d0,edge-gateway,0,381.71,0.3728,0,
edge-gateway-7f8d0_454,2026-07-13T09:07:34+00:00,edge-gateway-7f8d0,edge-gateway,0,368.67,0.36,0,
edge-gateway-7f8d0_455,2026-07-13T09:07:35+00:00,edge-gateway-7f8d0,edge-gateway,0,393.49,0.3843,0,
edge-gateway-7f8d0_456,2026-07-13T09:07:36+00:00,edge-gateway-7f8d0,edge-gateway,0,384.47,0.3755,0,
edge-gateway-7f8d0_457,2026-07-13T09:07:37+00:00,edge-gateway-7f8d0,edge-gateway,0,372.05,0.3633,0,
edge-gateway-7f8d0_458,2026-07-13T09:07:38+00:00,edge-gateway-7f8d0,edge-gateway,0,392.79,0.3836,0,
edge-gateway-7f8d0_459,2026-07-13T09:07:39+00:00,edge-gateway-7f8d0,edge-gateway,0,380.42,0.3715,0,
edge-gateway-7f8d0_460,2026-07-13T09:07:40+00:00,edge-gateway-7f8d0,edge-gateway,0,404.5,0.395,0,
edge-gateway-7f8d0_461,2026-07-13T09:07:41+00:00,edge-gateway-7f8d0,edge-gateway,0,401.98,0.3926,0,
edge-gateway-7f8d0_462,2026-07-13T09:07:42+00:00,edge-gateway-7f8d0,edge-gateway,0,397.13,0.3878,0,
edge-gateway-7f8d0_463,2026-07-13T09:07:43+00:00,edge-gateway-7f8d0,edge-gateway,0,383.63,0.3746,0,
edge-gateway-7f8d0_464,2026-07-13T09:07:44+00:00,edge-gateway-7f8d0,edge-gateway,0,391.6,0.3824,0,
edge-gateway-7f8d0_465,2026-07-13T09:07:45+00:00,edge-gateway-7f8d0,edge-gateway,0,398.46,0.3891,0,
edge-gateway-7f8d0_466,2026-07-13T09:07:46+00:00,edge-gateway-7f8d0,edge-gateway,0,404.27,0.3948,0,
edge-gateway-7f8d0_467,2026-07-13T09:07:47+00:00,edge-gateway-7f8d0,edge-gateway,0,378.74,0.3699,0,
edge-gateway-7f8d0_468,2026-07-13T09:07:48+00:00,edge-gateway-7f8d0,edge-gateway,0,376.33,0.3675,0,
edge-gateway-7f8d0_469,2026-07-13T09:07:49+00:00,edge-gateway-7f8d0,edge-gateway,0,397.53,0.3882,0,
edge-gateway-7f8d0_470,2026-07-13T09:07:50+00:00,edge-gateway-7f8d0,edge-gateway,0,388.6,0.3795,0,
edge-gateway-7f8d0_471,2026-07-13T09:07:51+00:00,edge-gateway-7f8d0,edge-gateway,0,374.11,0.3653,0,
edge-gateway-7f8d0_472,2026-07-13T09:07:52+00:00,edge-gateway-7f8d0,edge-gateway,0,399.19,0.3898,0,
edge-gateway-7f8d0_473,2026-07-13T09:07:53+00:00,edge-gateway-7f8d0,edge-gateway,0,390.0,0.3809,0,
edge-gateway-7f8d0_474,2026-07-13T09:07:54+00:00,edge-gateway-7f8d0,edge-gateway,0,386.76,0.3777,0,
edge-gateway-7f8d0_475,2026-07-13T09:07:55+00:00,edge-gateway-7f8d0,edge-gateway,0,390.13,0.381,0,
edge-gateway-7f8d0_476,2026-07-13T09:07:56+00:00,edge-gateway-7f8d0,edge-gateway,0,396.41,0.3871,0,
edge-gateway-7f8d0_477,2026-07-13T09:07:57+00:00,edge-gateway-7f8d0,edge-gateway,0,400.34,0.391,0,
edge-gateway-7f8d0_478,2026-07-13T09:07:58+00:00,edge-gateway-7f8d0,edge-gateway,0,374.45,0.3657,0,
edge-gateway-7f8d0_479,2026-07-13T09:07:59+00:00,edge-gateway-7f8d0,edge-gateway,0,394.08,0.3848,0,
edge-gateway-7f8d0_480,2026-07-13T09:08:00+00:00,edge-gateway-7f8d0,edge-gateway,0,389.51,0.3804,0,
edge-gateway-7f8d0_481,2026-07-13T09:08:01+00:00,edge-gateway-7f8d0,edge-gateway,0,394.22,0.385,0,
edge-gateway-7f8d0_482,2026-07-13T09:08:02+00:00,edge-gateway-7f8d0,edge-gateway,0,394.46,0.3852,0,
edge-gateway-7f8d0_483,2026-07-13T09:08:03+00:00,edge-gateway-7f8d0,edge-gateway,0,396.68,0.3874,0,
edge-gateway-7f8d0_484,2026-07-13T09:08:04+00:00,edge-gateway-7f8d0,edge-gateway,0,394.8,0.3855,0,
edge-gateway-7f8d0_485,2026-07-13T09:08:05+00:00,edge-gateway-7f8d0,edge-gateway,0,385.77,0.3767,0,
edge-gateway-7f8d0_486,2026-07-13T09:08:06+00:00,edge-gateway-7f8d0,edge-gateway,0,388.65,0.3795,0,
edge-gateway-7f8d0_487,2026-07-13T09:08:07+00:00,edge-gateway-7f8d0,edge-gateway,0,411.82,0.4022,0,
edge-gateway-7f8d0_488,2026-07-13T09:08:08+00:00,edge-gateway-7f8d0,edge-gateway,0,385.79,0.3767,0,
edge-gateway-7f8d0_489,2026-07-13T09:08:09+00:00,edge-gateway-7f8d0,edge-gateway,0,396.18,0.3869,0,
edge-gateway-7f8d0_490,2026-07-13T09:08:10+00:00,edge-gateway-7f8d0,edge-gateway,0,396.78,0.3875,0,
edge-gateway-7f8d0_491,2026-07-13T09:08:11+00:00,edge-gateway-7f8d0,edge-gateway,0,389.41,0.3803,0,
edge-gateway-7f8d0_492,2026-07-13T09:08:12+00:00,edge-gateway-7f8d0,edge-gateway,0,386.77,0.3777,0,
edge-gateway-7f8d0_493,2026-07-13T09:08:13+00:00,edge-gateway-7f8d0,edge-gateway,0,391.27,0.3821,0,
edge-gateway-7f8d0_494,2026-07-13T09:08:14+00:00,edge-gateway-7f8d0,edge-gateway,0,393.06,0.3838,0,
edge-gateway-7f8d0_495,2026-07-13T09:08:15+00:00,edge-gateway-7f8d0,edge-gateway,0,391.86,0.3827,0,
edge-gateway-7f8d0_496,2026-07-13T09:08:16+00:00,edge-gateway-7f8d0,edge-gateway,0,395.14,0.3859,0,
edge-gateway-7f8d0_497,2026-07-13T09:08:17+00:00,edge-gateway-7f8d0,edge-gateway,0,394.37,0.3851,0,
edge-gateway-7f8d0_498,2026-07-13T09:08:18+00:00,edge-gateway-7f8d0,edge-gateway,0,390.02,0.3809,0,
edge-gateway-7f8d0_499,2026-07-13T09:08:19+00:00,edge-gateway-7f8d0,edge-gateway,0,392.4,0.3832,0,
edge-gateway-7f8d0_500,2026-07-13T09:08:20+00:00,edge-gateway-7f8d0,edge-gateway,0,377.85,0.369,0,
edge-gateway-7f8d0_501,2026-07-13T09:08:21+00:00,edge-gateway-7f8d0,edge-gateway,0,380.53,0.3716,0,
edge-gateway-7f8d0_502,2026-07-13T09:08:22+00:00,edge-gateway-7f8d0,edge-gateway,0,379.84,0.3709,0,
edge-gateway-7f8d0_503,2026-07-13T09:08:23+00:00,edge-gateway-7f8d0,edge-gateway,0,390.41,0.3813,0,
edge-gateway-7f8d0_504,2026-07-13T09:08:24+00:00,edge-gateway-7f8d0,edge-gateway,0,391.91,0.3827,0,
edge-gateway-7f8d0_505,2026-07-13T09:08:25+00:00,edge-gateway-7f8d0,edge-gateway,0,382.55,0.3736,0,
edge-gateway-7f8d0_506,2026-07-13T09:08:26+00:00,edge-gateway-7f8d0,edge-gateway,0,403.2,0.3937,0,
edge-gateway-7f8d0_507,2026-07-13T09:08:27+00:00,edge-gateway-7f8d0,edge-gateway,0,390.67,0.3815,0,
edge-gateway-7f8d0_508,2026-07-13T09:08:28+00:00,edge-gateway-7f8d0,edge-gateway,0,382.34,0.3734,0,
edge-gateway-7f8d0_509,2026-07-13T09:08:29+00:00,edge-gateway-7f8d0,edge-gateway,0,386.32,0.3773,0,
edge-gateway-7f8d0_510,2026-07-13T09:08:30+00:00,edge-gateway-7f8d0,edge-gateway,0,386.4,0.3773,0,
edge-gateway-7f8d0_511,2026-07-13T09:08:31+00:00,edge-gateway-7f8d0,edge-gateway,0,397.3,0.388,0,
edge-gateway-7f8d0_512,2026-07-13T09:08:32+00:00,edge-gateway-7f8d0,edge-gateway,0,379.81,0.3709,0,
edge-gateway-7f8d0_513,2026-07-13T09:08:33+00:00,edge-gateway-7f8d0,edge-gateway,0,386.7,0.3776,0,
edge-gateway-7f8d0_514,2026-07-13T09:08:34+00:00,edge-gateway-7f8d0,edge-gateway,0,382.55,0.3736,0,
edge-gateway-7f8d0_515,2026-07-13T09:08:35+00:00,edge-gateway-7f8d0,edge-gateway,0,387.19,0.3781,0,
edge-gateway-7f8d0_516,2026-07-13T09:08:36+00:00,edge-gateway-7f8d0,edge-gateway,0,389.41,0.3803,0,
edge-gateway-7f8d0_517,2026-07-13T09:08:37+00:00,edge-gateway-7f8d0,edge-gateway,0,382.21,0.3733,0,
edge-gateway-7f8d0_518,2026-07-13T09:08:38+00:00,edge-gateway-7f8d0,edge-gateway,0,385.8,0.3768,0,
edge-gateway-7f8d0_519,2026-07-13T09:08:39+00:00,edge-gateway-7f8d0,edge-gateway,0,377.33,0.3685,0,
edge-gateway-7f8d0_520,2026-07-13T09:08:40+00:00,edge-gateway-7f8d0,edge-gateway,0,397.04,0.3877,0,
edge-gateway-7f8d0_521,2026-07-13T09:08:41+00:00,edge-gateway-7f8d0,edge-gateway,0,395.01,0.3858,0,
edge-gateway-7f8d0_522,2026-07-13T09:08:42+00:00,edge-gateway-7f8d0,edge-gateway,0,399.82,0.3904,0,
edge-gateway-7f8d0_523,2026-07-13T09:08:43+00:00,edge-gateway-7f8d0,edge-gateway,0,389.94,0.3808,0,
edge-gateway-7f8d0_524,2026-07-13T09:08:44+00:00,edge-gateway-7f8d0,edge-gateway,0,375.67,0.3669,0,
edge-gateway-7f8d0_525,2026-07-13T09:08:45+00:00,edge-gateway-7f8d0,edge-gateway,0,377.62,0.3688,0,
edge-gateway-7f8d0_526,2026-07-13T09:08:46+00:00,edge-gateway-7f8d0,edge-gateway,0,391.75,0.3826,0,
edge-gateway-7f8d0_527,2026-07-13T09:08:47+00:00,edge-gateway-7f8d0,edge-gateway,0,372.95,0.3642,0,
edge-gateway-7f8d0_528,2026-07-13T09:08:48+00:00,edge-gateway-7f8d0,edge-gateway,0,398.72,0.3894,0,
edge-gateway-7f8d0_529,2026-07-13T09:08:49+00:00,edge-gateway-7f8d0,edge-gateway,0,396.46,0.3872,0,
edge-gateway-7f8d0_530,2026-07-13T09:08:50+00:00,edge-gateway-7f8d0,edge-gateway,0,385.32,0.3763,0,
edge-gateway-7f8d0_531,2026-07-13T09:08:51+00:00,edge-gateway-7f8d0,edge-gateway,0,378.54,0.3697,0,
edge-gateway-7f8d0_532,2026-07-13T09:08:52+00:00,edge-gateway-7f8d0,edge-gateway,0,391.74,0.3826,0,
edge-gateway-7f8d0_533,2026-07-13T09:08:53+00:00,edge-gateway-7f8d0,edge-gateway,0,378.72,0.3698,0,
edge-gateway-7f8d0_534,2026-07-13T09:08:54+00:00,edge-gateway-7f8d0,edge-gateway,0,395.42,0.3862,0,
edge-gateway-7f8d0_535,2026-07-13T09:08:55+00:00,edge-gateway-7f8d0,edge-gateway,0,387.7,0.3786,0,
edge-gateway-7f8d0_536,2026-07-13T09:08:56+00:00,edge-gateway-7f8d0,edge-gateway,0,394.51,0.3853,0,
edge-gateway-7f8d0_537,2026-07-13T09:08:57+00:00,edge-gateway-7f8d0,edge-gateway,0,390.82,0.3817,0,
edge-gateway-7f8d0_538,2026-07-13T09:08:58+00:00,edge-gateway-7f8d0,edge-gateway,0,403.38,0.3939,0,
edge-gateway-7f8d0_539,2026-07-13T09:08:59+00:00,edge-gateway-7f8d0,edge-gateway,0,400.09,0.3907,0,
edge-gateway-7f8d0_540,2026-07-13T09:09:00+00:00,edge-gateway-7f8d0,edge-gateway,0,385.91,0.3769,0,
edge-gateway-7f8d0_541,2026-07-13T09:09:01+00:00,edge-gateway-7f8d0,edge-gateway,0,385.64,0.3766,0,
edge-gateway-7f8d0_542,2026-07-13T09:09:02+00:00,edge-gateway-7f8d0,edge-gateway,0,386.3,0.3772,0,
edge-gateway-7f8d0_543,2026-07-13T09:09:03+00:00,edge-gateway-7f8d0,edge-gateway,0,390.96,0.3818,0,
edge-gateway-7f8d0_544,2026-07-13T09:09:04+00:00,edge-gateway-7f8d0,edge-gateway,0,380.01,0.3711,0,
edge-gateway-7f8d0_545,2026-07-13T09:09:05+00:00,edge-gateway-7f8d0,edge-gateway,0,394.86,0.3856,0,
edge-gateway-7f8d0_546,2026-07-13T09:09:06+00:00,edge-gateway-7f8d0,edge-gateway,0,376.27,0.3675,0,
edge-gateway-7f8d0_547,2026-07-13T09:09:07+00:00,edge-gateway-7f8d0,edge-gateway,0,387.42,0.3783,0,
edge-gateway-7f8d0_548,2026-07-13T09:09:08+00:00,edge-gateway-7f8d0,edge-gateway,0,389.4,0.3803,0,
edge-gateway-7f8d0_549,2026-07-13T09:09:09+00:00,edge-gateway-7f8d0,edge-gateway,0,393.45,0.3842,0,
edge-gateway-7f8d0_550,2026-07-13T09:09:10+00:00,edge-gateway-7f8d0,edge-gateway,0,391.04,0.3819,0,
edge-gateway-7f8d0_551,2026-07-13T09:09:11+00:00,edge-gateway-7f8d0,edge-gateway,0,390.72,0.3816,0,
edge-gateway-7f8d0_552,2026-07-13T09:09:12+00:00,edge-gateway-7f8d0,edge-gateway,0,390.24,0.3811,0,
edge-gateway-7f8d0_553,2026-07-13T09:09:13+00:00,edge-gateway-7f8d0,edge-gateway,0,388.55,0.3794,0,
edge-gateway-7f8d0_554,2026-07-13T09:09:14+00:00,edge-gateway-7f8d0,edge-gateway,0,392.58,0.3834,0,
edge-gateway-7f8d0_555,2026-07-13T09:09:15+00:00,edge-gateway-7f8d0,edge-gateway,0,386.52,0.3775,0,
edge-gateway-7f8d0_556,2026-07-13T09:09:16+00:00,edge-gateway-7f8d0,edge-gateway,0,402.27,0.3928,0,
edge-gateway-7f8d0_557,2026-07-13T09:09:17+00:00,edge-gateway-7f8d0,edge-gateway,0,383.11,0.3741,0,
edge-gateway-7f8d0_558,2026-07-13T09:09:18+00:00,edge-gateway-7f8d0,edge-gateway,0,390.88,0.3817,0,
edge-gateway-7f8d0_559,2026-07-13T09:09:19+00:00,edge-gateway-7f8d0,edge-gateway,0,388.98,0.3799,0,
edge-gateway-7f8d0_560,2026-07-13T09:09:20+00:00,edge-gateway-7f8d0,edge-gateway,0,390.12,0.381,0,
edge-gateway-7f8d0_561,2026-07-13T09:09:21+00:00,edge-gateway-7f8d0,edge-gateway,0,382.82,0.3738,0,
edge-gateway-7f8d0_562,2026-07-13T09:09:22+00:00,edge-gateway-7f8d0,edge-gateway,0,393.94,0.3847,0,
edge-gateway-7f8d0_563,2026-07-13T09:09:23+00:00,edge-gateway-7f8d0,edge-gateway,0,393.99,0.3848,0,
edge-gateway-7f8d0_564,2026-07-13T09:09:24+00:00,edge-gateway-7f8d0,edge-gateway,0,378.98,0.3701,0,
edge-gateway-7f8d0_565,2026-07-13T09:09:25+00:00,edge-gateway-7f8d0,edge-gateway,0,391.89,0.3827,0,
edge-gateway-7f8d0_566,2026-07-13T09:09:26+00:00,edge-gateway-7f8d0,edge-gateway,0,399.52,0.3902,0,
edge-gateway-7f8d0_567,2026-07-13T09:09:27+00:00,edge-gateway-7f8d0,edge-gateway,0,384.87,0.3758,0,
edge-gateway-7f8d0_568,2026-07-13T09:09:28+00:00,edge-gateway-7f8d0,edge-gateway,0,393.16,0.3839,0,
edge-gateway-7f8d0_569,2026-07-13T09:09:29+00:00,edge-gateway-7f8d0,edge-gateway,0,392.16,0.383,0,
edge-gateway-7f8d0_570,2026-07-13T09:09:30+00:00,edge-gateway-7f8d0,edge-gateway,0,406.66,0.3971,0,
edge-gateway-7f8d0_571,2026-07-13T09:09:31+00:00,edge-gateway-7f8d0,edge-gateway,0,384.79,0.3758,0,
edge-gateway-7f8d0_572,2026-07-13T09:09:32+00:00,edge-gateway-7f8d0,edge-gateway,0,389.29,0.3802,0,
edge-gateway-7f8d0_573,2026-07-13T09:09:33+00:00,edge-gateway-7f8d0,edge-gateway,0,392.74,0.3835,0,
edge-gateway-7f8d0_574,2026-07-13T09:09:34+00:00,edge-gateway-7f8d0,edge-gateway,0,395.51,0.3862,0,
edge-gateway-7f8d0_575,2026-07-13T09:09:35+00:00,edge-gateway-7f8d0,edge-gateway,0,397.3,0.388,0,
edge-gateway-7f8d0_576,2026-07-13T09:09:36+00:00,edge-gateway-7f8d0,edge-gateway,0,385.81,0.3768,0,
edge-gateway-7f8d0_577,2026-07-13T09:09:37+00:00,edge-gateway-7f8d0,edge-gateway,0,400.72,0.3913,0,
edge-gateway-7f8d0_578,2026-07-13T09:09:38+00:00,edge-gateway-7f8d0,edge-gateway,0,391.41,0.3822,0,
edge-gateway-7f8d0_579,2026-07-13T09:09:39+00:00,edge-gateway-7f8d0,edge-gateway,0,381.36,0.3724,0,
edge-gateway-7f8d0_580,2026-07-13T09:09:40+00:00,edge-gateway-7f8d0,edge-gateway,0,382.44,0.3735,0,
edge-gateway-7f8d0_581,2026-07-13T09:09:41+00:00,edge-gateway-7f8d0,edge-gateway,0,387.94,0.3788,0,
edge-gateway-7f8d0_582,2026-07-13T09:09:42+00:00,edge-gateway-7f8d0,edge-gateway,0,403.4,0.3939,0,
edge-gateway-7f8d0_583,2026-07-13T09:09:43+00:00,edge-gateway-7f8d0,edge-gateway,0,398.42,0.3891,0,
edge-gateway-7f8d0_584,2026-07-13T09:09:44+00:00,edge-gateway-7f8d0,edge-gateway,0,376.73,0.3679,0,
edge-gateway-7f8d0_585,2026-07-13T09:09:45+00:00,edge-gateway-7f8d0,edge-gateway,0,393.42,0.3842,0,
edge-gateway-7f8d0_586,2026-07-13T09:09:46+00:00,edge-gateway-7f8d0,edge-gateway,0,396.41,0.3871,0,
edge-gateway-7f8d0_587,2026-07-13T09:09:47+00:00,edge-gateway-7f8d0,edge-gateway,0,389.59,0.3805,0,
edge-gateway-7f8d0_588,2026-07-13T09:09:48+00:00,edge-gateway-7f8d0,edge-gateway,0,394.94,0.3857,0,
edge-gateway-7f8d0_589,2026-07-13T09:09:49+00:00,edge-gateway-7f8d0,edge-gateway,0,390.38,0.3812,0,
edge-gateway-7f8d0_590,2026-07-13T09:09:50+00:00,edge-gateway-7f8d0,edge-gateway,0,387.61,0.3785,0,
edge-gateway-7f8d0_591,2026-07-13T09:09:51+00:00,edge-gateway-7f8d0,edge-gateway,0,394.98,0.3857,0,
edge-gateway-7f8d0_592,2026-07-13T09:09:52+00:00,edge-gateway-7f8d0,edge-gateway,0,384.96,0.3759,0,
edge-gateway-7f8d0_593,2026-07-13T09:09:53+00:00,edge-gateway-7f8d0,edge-gateway,0,395.12,0.3859,0,
edge-gateway-7f8d0_594,2026-07-13T09:09:54+00:00,edge-gateway-7f8d0,edge-gateway,0,377.06,0.3682,0,
edge-gateway-7f8d0_595,2026-07-13T09:09:55+00:00,edge-gateway-7f8d0,edge-gateway,0,377.88,0.369,0,
edge-gateway-7f8d0_596,2026-07-13T09:09:56+00:00,edge-gateway-7f8d0,edge-gateway,0,404.02,0.3946,0,
edge-gateway-7f8d0_597,2026-07-13T09:09:57+00:00,edge-gateway-7f8d0,edge-gateway,0,388.63,0.3795,0,
edge-gateway-7f8d0_598,2026-07-13T09:09:58+00:00,edge-gateway-7f8d0,edge-gateway,0,375.17,0.3664,0,
edge-gateway-7f8d0_599,2026-07-13T09:09:59+00:00,edge-gateway-7f8d0,edge-gateway,0,380.83,0.3719,0,
edge-gateway-7f8d0_600,2026-07-13T09:10:00+00:00,edge-gateway-7f8d0,edge-gateway,0,382.23,0.3733,0,
edge-gateway-7f8d0_601,2026-07-13T09:10:01+00:00,edge-gateway-7f8d0,edge-gateway,0,395.19,0.3859,0,
edge-gateway-7f8d0_602,2026-07-13T09:10:02+00:00,edge-gateway-7f8d0,edge-gateway,0,408.04,0.3985,0,
edge-gateway-7f8d0_603,2026-07-13T09:10:03+00:00,edge-gateway-7f8d0,edge-gateway,0,400.06,0.3907,0,
edge-gateway-7f8d0_604,2026-07-13T09:10:04+00:00,edge-gateway-7f8d0,edge-gateway,0,391.73,0.3825,0,
edge-gateway-7f8d0_605,2026-07-13T09:10:05+00:00,edge-gateway-7f8d0,edge-gateway,0,382.08,0.3731,0,
edge-gateway-7f8d0_606,2026-07-13T09:10:06+00:00,edge-gateway-7f8d0,edge-gateway,0,403.36,0.3939,0,
edge-gateway-7f8d0_607,2026-07-13T09:10:07+00:00,edge-gateway-7f8d0,edge-gateway,0,371.69,0.363,0,
edge-gateway-7f8d0_608,2026-07-13T09:10:08+00:00,edge-gateway-7f8d0,edge-gateway,0,383.69,0.3747,0,
edge-gateway-7f8d0_609,2026-07-13T09:10:09+00:00,edge-gateway-7f8d0,edge-gateway,0,375.04,0.3663,0,
edge-gateway-7f8d0_610,2026-07-13T09:10:10+00:00,edge-gateway-7f8d0,edge-gateway,0,385.03,0.376,0,
edge-gateway-7f8d0_611,2026-07-13T09:10:11+00:00,edge-gateway-7f8d0,edge-gateway,0,399.49,0.3901,0,
edge-gateway-7f8d0_612,2026-07-13T09:10:12+00:00,edge-gateway-7f8d0,edge-gateway,0,386.3,0.3772,0,
edge-gateway-7f8d0_613,2026-07-13T09:10:13+00:00,edge-gateway-7f8d0,edge-gateway,0,398.76,0.3894,0,
edge-gateway-7f8d0_614,2026-07-13T09:10:14+00:00,edge-gateway-7f8d0,edge-gateway,0,373.96,0.3652,0,
edge-gateway-7f8d0_615,2026-07-13T09:10:15+00:00,edge-gateway-7f8d0,edge-gateway,0,390.06,0.3809,0,
edge-gateway-7f8d0_616,2026-07-13T09:10:16+00:00,edge-gateway-7f8d0,edge-gateway,0,387.61,0.3785,0,
edge-gateway-7f8d0_617,2026-07-13T09:10:17+00:00,edge-gateway-7f8d0,edge-gateway,0,389.35,0.3802,0,
edge-gateway-7f8d0_618,2026-07-13T09:10:18+00:00,edge-gateway-7f8d0,edge-gateway,0,396.85,0.3875,0,
edge-gateway-7f8d0_619,2026-07-13T09:10:19+00:00,edge-gateway-7f8d0,edge-gateway,0,384.65,0.3756,0,
edge-gateway-7f8d0_620,2026-07-13T09:10:20+00:00,edge-gateway-7f8d0,edge-gateway,0,381.7,0.3728,0,
edge-gateway-7f8d0_621,2026-07-13T09:10:21+00:00,edge-gateway-7f8d0,edge-gateway,0,390.73,0.3816,0,
edge-gateway-7f8d0_622,2026-07-13T09:10:22+00:00,edge-gateway-7f8d0,edge-gateway,0,397.4,0.3881,0,
edge-gateway-7f8d0_623,2026-07-13T09:10:23+00:00,edge-gateway-7f8d0,edge-gateway,0,390.18,0.381,0,
edge-gateway-7f8d0_624,2026-07-13T09:10:24+00:00,edge-gateway-7f8d0,edge-gateway,0,390.6,0.3814,0,
edge-gateway-7f8d0_625,2026-07-13T09:10:25+00:00,edge-gateway-7f8d0,edge-gateway,0,384.25,0.3752,0,
edge-gateway-7f8d0_626,2026-07-13T09:10:26+00:00,edge-gateway-7f8d0,edge-gateway,0,384.79,0.3758,0,
edge-gateway-7f8d0_627,2026-07-13T09:10:27+00:00,edge-gateway-7f8d0,edge-gateway,0,382.42,0.3735,0,
edge-gateway-7f8d0_628,2026-07-13T09:10:28+00:00,edge-gateway-7f8d0,edge-gateway,0,393.07,0.3839,0,
edge-gateway-7f8d0_629,2026-07-13T09:10:29+00:00,edge-gateway-7f8d0,edge-gateway,0,396.87,0.3876,0,
edge-gateway-7f8d0_630,2026-07-13T09:10:30+00:00,edge-gateway-7f8d0,edge-gateway,0,382.2,0.3732,0,
edge-gateway-7f8d0_631,2026-07-13T09:10:31+00:00,edge-gateway-7f8d0,edge-gateway,0,391.57,0.3824,0,
edge-gateway-7f8d0_632,2026-07-13T09:10:32+00:00,edge-gateway-7f8d0,edge-gateway,0,395.65,0.3864,0,
edge-gateway-7f8d0_633,2026-07-13T09:10:33+00:00,edge-gateway-7f8d0,edge-gateway,0,393.15,0.3839,0,
edge-gateway-7f8d0_634,2026-07-13T09:10:34+00:00,edge-gateway-7f8d0,edge-gateway,0,405.38,0.3959,0,
edge-gateway-7f8d0_635,2026-07-13T09:10:35+00:00,edge-gateway-7f8d0,edge-gateway,0,381.4,0.3725,0,
edge-gateway-7f8d0_636,2026-07-13T09:10:36+00:00,edge-gateway-7f8d0,edge-gateway,0,390.66,0.3815,0,
edge-gateway-7f8d0_637,2026-07-13T09:10:37+00:00,edge-gateway-7f8d0,edge-gateway,0,373.25,0.3645,0,
edge-gateway-7f8d0_638,2026-07-13T09:10:38+00:00,edge-gateway-7f8d0,edge-gateway,0,398.36,0.389,0,
edge-gateway-7f8d0_639,2026-07-13T09:10:39+00:00,edge-gateway-7f8d0,edge-gateway,0,381.83,0.3729,0,
edge-gateway-7f8d0_640,2026-07-13T09:10:40+00:00,edge-gateway-7f8d0,edge-gateway,0,396.97,0.3877,0,
edge-gateway-7f8d0_641,2026-07-13T09:10:41+00:00,edge-gateway-7f8d0,edge-gateway,0,391.47,0.3823,0,
edge-gateway-7f8d0_642,2026-07-13T09:10:42+00:00,edge-gateway-7f8d0,edge-gateway,0,393.1,0.3839,0,
edge-gateway-7f8d0_643,2026-07-13T09:10:43+00:00,edge-gateway-7f8d0,edge-gateway,0,394.94,0.3857,0,
edge-gateway-7f8d0_644,2026-07-13T09:10:44+00:00,edge-gateway-7f8d0,edge-gateway,0,393.66,0.3844,0,
edge-gateway-7f8d0_645,2026-07-13T09:10:45+00:00,edge-gateway-7f8d0,edge-gateway,0,383.28,0.3743,0,
edge-gateway-7f8d0_646,2026-07-13T09:10:46+00:00,edge-gateway-7f8d0,edge-gateway,0,378.75,0.3699,0,
edge-gateway-7f8d0_647,2026-07-13T09:10:47+00:00,edge-gateway-7f8d0,edge-gateway,0,377.7,0.3688,0,
edge-gateway-7f8d0_648,2026-07-13T09:10:48+00:00,edge-gateway-7f8d0,edge-gateway,0,383.9,0.3749,0,
edge-gateway-7f8d0_649,2026-07-13T09:10:49+00:00,edge-gateway-7f8d0,edge-gateway,0,384.16,0.3752,0,
edge-gateway-7f8d0_650,2026-07-13T09:10:50+00:00,edge-gateway-7f8d0,edge-gateway,0,380.17,0.3713,0,
edge-gateway-7f8d0_651,2026-07-13T09:10:51+00:00,edge-gateway-7f8d0,edge-gateway,0,392.27,0.3831,0,
edge-gateway-7f8d0_652,2026-07-13T09:10:52+00:00,edge-gateway-7f8d0,edge-gateway,0,382.96,0.374,0,
edge-gateway-7f8d0_653,2026-07-13T09:10:53+00:00,edge-gateway-7f8d0,edge-gateway,0,407.56,0.398,0,
edge-gateway-7f8d0_654,2026-07-13T09:10:54+00:00,edge-gateway-7f8d0,edge-gateway,0,396.48,0.3872,0,
edge-gateway-7f8d0_655,2026-07-13T09:10:55+00:00,edge-gateway-7f8d0,edge-gateway,0,395.74,0.3865,0,
edge-gateway-7f8d0_656,2026-07-13T09:10:56+00:00,edge-gateway-7f8d0,edge-gateway,0,382.68,0.3737,0,
edge-gateway-7f8d0_657,2026-07-13T09:10:57+00:00,edge-gateway-7f8d0,edge-gateway,0,374.74,0.366,0,
edge-gateway-7f8d0_658,2026-07-13T09:10:58+00:00,edge-gateway-7f8d0,edge-gateway,0,381.44,0.3725,0,
edge-gateway-7f8d0_659,2026-07-13T09:10:59+00:00,edge-gateway-7f8d0,edge-gateway,0,388.27,0.3792,0,
edge-gateway-7f8d0_660,2026-07-13T09:11:00+00:00,edge-gateway-7f8d0,edge-gateway,0,402.57,0.3931,0,
edge-gateway-7f8d0_661,2026-07-13T09:11:01+00:00,edge-gateway-7f8d0,edge-gateway,0,396.19,0.3869,0,
edge-gateway-7f8d0_662,2026-07-13T09:11:02+00:00,edge-gateway-7f8d0,edge-gateway,0,390.16,0.381,0,
edge-gateway-7f8d0_663,2026-07-13T09:11:03+00:00,edge-gateway-7f8d0,edge-gateway,0,384.18,0.3752,0,
edge-gateway-7f8d0_664,2026-07-13T09:11:04+00:00,edge-gateway-7f8d0,edge-gateway,0,399.15,0.3898,0,
edge-gateway-7f8d0_665,2026-07-13T09:11:05+00:00,edge-gateway-7f8d0,edge-gateway,0,386.3,0.3772,0,
edge-gateway-7f8d0_666,2026-07-13T09:11:06+00:00,edge-gateway-7f8d0,edge-gateway,0,386.31,0.3773,0,
edge-gateway-7f8d0_667,2026-07-13T09:11:07+00:00,edge-gateway-7f8d0,edge-gateway,0,385.34,0.3763,0,
edge-gateway-7f8d0_668,2026-07-13T09:11:08+00:00,edge-gateway-7f8d0,edge-gateway,0,400.67,0.3913,0,
edge-gateway-7f8d0_669,2026-07-13T09:11:09+00:00,edge-gateway-7f8d0,edge-gateway,0,386.94,0.3779,0,
edge-gateway-7f8d0_670,2026-07-13T09:11:10+00:00,edge-gateway-7f8d0,edge-gateway,0,387.37,0.3783,0,
edge-gateway-7f8d0_671,2026-07-13T09:11:11+00:00,edge-gateway-7f8d0,edge-gateway,0,394.7,0.3854,0,
edge-gateway-7f8d0_672,2026-07-13T09:11:12+00:00,edge-gateway-7f8d0,edge-gateway,0,393.46,0.3842,0,
edge-gateway-7f8d0_673,2026-07-13T09:11:13+00:00,edge-gateway-7f8d0,edge-gateway,0,398.65,0.3893,0,
edge-gateway-7f8d0_674,2026-07-13T09:11:14+00:00,edge-gateway-7f8d0,edge-gateway,0,392.36,0.3832,0,
edge-gateway-7f8d0_675,2026-07-13T09:11:15+00:00,edge-gateway-7f8d0,edge-gateway,0,381.51,0.3726,0,
edge-gateway-7f8d0_676,2026-07-13T09:11:16+00:00,edge-gateway-7f8d0,edge-gateway,0,393.2,0.384,0,
edge-gateway-7f8d0_677,2026-07-13T09:11:17+00:00,edge-gateway-7f8d0,edge-gateway,0,403.12,0.3937,0,
edge-gateway-7f8d0_678,2026-07-13T09:11:18+00:00,edge-gateway-7f8d0,edge-gateway,0,388.89,0.3798,0,
edge-gateway-7f8d0_679,2026-07-13T09:11:19+00:00,edge-gateway-7f8d0,edge-gateway,0,376.79,0.368,0,
edge-gateway-7f8d0_680,2026-07-13T09:11:20+00:00,edge-gateway-7f8d0,edge-gateway,0,379.62,0.3707,0,
edge-gateway-7f8d0_681,2026-07-13T09:11:21+00:00,edge-gateway-7f8d0,edge-gateway,0,391.1,0.3819,0,
edge-gateway-7f8d0_682,2026-07-13T09:11:22+00:00,edge-gateway-7f8d0,edge-gateway,0,400.48,0.3911,0,
edge-gateway-7f8d0_683,2026-07-13T09:11:23+00:00,edge-gateway-7f8d0,edge-gateway,0,393.14,0.3839,0,
edge-gateway-7f8d0_684,2026-07-13T09:11:24+00:00,edge-gateway-7f8d0,edge-gateway,0,392.38,0.3832,0,
edge-gateway-7f8d0_685,2026-07-13T09:11:25+00:00,edge-gateway-7f8d0,edge-gateway,0,402.91,0.3935,0,
edge-gateway-7f8d0_686,2026-07-13T09:11:26+00:00,edge-gateway-7f8d0,edge-gateway,0,380.05,0.3711,0,
edge-gateway-7f8d0_687,2026-07-13T09:11:27+00:00,edge-gateway-7f8d0,edge-gateway,0,383.9,0.3749,0,
edge-gateway-7f8d0_688,2026-07-13T09:11:28+00:00,edge-gateway-7f8d0,edge-gateway,0,386.96,0.3779,0,
edge-gateway-7f8d0_689,2026-07-13T09:11:29+00:00,edge-gateway-7f8d0,edge-gateway,0,383.45,0.3745,0,
edge-gateway-7f8d0_690,2026-07-13T09:11:30+00:00,edge-gateway-7f8d0,edge-gateway,0,403.49,0.394,0,
edge-gateway-7f8d0_691,2026-07-13T09:11:31+00:00,edge-gateway-7f8d0,edge-gateway,0,387.53,0.3784,0,
edge-gateway-7f8d0_692,2026-07-13T09:11:32+00:00,edge-gateway-7f8d0,edge-gateway,0,370.31,0.3616,0,
edge-gateway-7f8d0_693,2026-07-13T09:11:33+00:00,edge-gateway-7f8d0,edge-gateway,0,388.37,0.3793,0,
edge-gateway-7f8d0_694,2026-07-13T09:11:34+00:00,edge-gateway-7f8d0,edge-gateway,0,389.52,0.3804,0,
edge-gateway-7f8d0_695,2026-07-13T09:11:35+00:00,edge-gateway-7f8d0,edge-gateway,0,390.5,0.3813,0,
edge-gateway-7f8d0_696,2026-07-13T09:11:36+00:00,edge-gateway-7f8d0,edge-gateway,0,391.01,0.3818,0,
edge-gateway-7f8d0_697,2026-07-13T09:11:37+00:00,edge-gateway-7f8d0,edge-gateway,0,391.46,0.3823,0,
edge-gateway-7f8d0_698,2026-07-13T09:11:38+00:00,edge-gateway-7f8d0,edge-gateway,0,395.6,0.3863,0,
edge-gateway-7f8d0_699,2026-07-13T09:11:39+00:00,edge-gateway-7f8d0,edge-gateway,0,376.0,0.3672,0,
edge-gateway-7f8d0_700,2026-07-13T09:11:40+00:00,edge-gateway-7f8d0,edge-gateway,0,396.43,0.3871,0,
edge-gateway-7f8d0_701,2026-07-13T09:11:41+00:00,edge-gateway-7f8d0,edge-gateway,0,392.39,0.3832,0,
edge-gateway-7f8d0_702,2026-07-13T09:11:42+00:00,edge-gateway-7f8d0,edge-gateway,0,391.95,0.3828,0,
edge-gateway-7f8d0_703,2026-07-13T09:11:43+00:00,edge-gateway-7f8d0,edge-gateway,0,386.22,0.3772,0,
edge-gateway-7f8d0_704,2026-07-13T09:11:44+00:00,edge-gateway-7f8d0,edge-gateway,0,380.16,0.3713,0,
edge-gateway-7f8d0_705,2026-07-13T09:11:45+00:00,edge-gateway-7f8d0,edge-gateway,0,403.41,0.394,0,
edge-gateway-7f8d0_706,2026-07-13T09:11:46+00:00,edge-gateway-7f8d0,edge-gateway,0,392.58,0.3834,0,
edge-gateway-7f8d0_707,2026-07-13T09:11:47+00:00,edge-gateway-7f8d0,edge-gateway,0,381.05,0.3721,0,
edge-gateway-7f8d0_708,2026-07-13T09:11:48+00:00,edge-gateway-7f8d0,edge-gateway,0,388.4,0.3793,0,
edge-gateway-7f8d0_709,2026-07-13T09:11:49+00:00,edge-gateway-7f8d0,edge-gateway,0,384.85,0.3758,0,
edge-gateway-7f8d0_710,2026-07-13T09:11:50+00:00,edge-gateway-7f8d0,edge-gateway,0,375.57,0.3668,0,
edge-gateway-7f8d0_711,2026-07-13T09:11:51+00:00,edge-gateway-7f8d0,edge-gateway,0,401.13,0.3917,0,
edge-gateway-7f8d0_712,2026-07-13T09:11:52+00:00,edge-gateway-7f8d0,edge-gateway,0,376.14,0.3673,0,
edge-gateway-7f8d0_713,2026-07-13T09:11:53+00:00,edge-gateway-7f8d0,edge-gateway,0,379.38,0.3705,0,
edge-gateway-7f8d0_714,2026-07-13T09:11:54+00:00,edge-gateway-7f8d0,edge-gateway,0,385.93,0.3769,0,
edge-gateway-7f8d0_715,2026-07-13T09:11:55+00:00,edge-gateway-7f8d0,edge-gateway,0,390.97,0.3818,0,
edge-gateway-7f8d0_716,2026-07-13T09:11:56+00:00,edge-gateway-7f8d0,edge-gateway,0,389.77,0.3806,0,
edge-gateway-7f8d0_717,2026-07-13T09:11:57+00:00,edge-gateway-7f8d0,edge-gateway,0,403.36,0.3939,0,
edge-gateway-7f8d0_718,2026-07-13T09:11:58+00:00,edge-gateway-7f8d0,edge-gateway,0,388.96,0.3798,0,
edge-gateway-7f8d0_719,2026-07-13T09:11:59+00:00,edge-gateway-7f8d0,edge-gateway,0,395.56,0.3863,0,
edge-gateway-7f8d0_720,2026-07-13T09:12:00+00:00,edge-gateway-7f8d0,edge-gateway,0,395.99,0.3867,0,
edge-gateway-7f8d0_721,2026-07-13T09:12:01+00:00,edge-gateway-7f8d0,edge-gateway,0,392.89,0.3837,0,
edge-gateway-7f8d0_722,2026-07-13T09:12:02+00:00,edge-gateway-7f8d0,edge-gateway,0,385.86,0.3768,0,
edge-gateway-7f8d0_723,2026-07-13T09:12:03+00:00,edge-gateway-7f8d0,edge-gateway,0,394.8,0.3855,0,
edge-gateway-7f8d0_724,2026-07-13T09:12:04+00:00,edge-gateway-7f8d0,edge-gateway,0,393.86,0.3846,0,
edge-gateway-7f8d0_725,2026-07-13T09:12:05+00:00,edge-gateway-7f8d0,edge-gateway,0,388.05,0.379,0,
edge-gateway-7f8d0_726,2026-07-13T09:12:06+00:00,edge-gateway-7f8d0,edge-gateway,0,378.88,0.37,0,
edge-gateway-7f8d0_727,2026-07-13T09:12:07+00:00,edge-gateway-7f8d0,edge-gateway,0,377.64,0.3688,0,
edge-gateway-7f8d0_728,2026-07-13T09:12:08+00:00,edge-gateway-7f8d0,edge-gateway,0,390.32,0.3812,0,
edge-gateway-7f8d0_729,2026-07-13T09:12:09+00:00,edge-gateway-7f8d0,edge-gateway,0,387.03,0.378,0,
edge-gateway-7f8d0_730,2026-07-13T09:12:10+00:00,edge-gateway-7f8d0,edge-gateway,0,406.87,0.3973,0,
edge-gateway-7f8d0_731,2026-07-13T09:12:11+00:00,edge-gateway-7f8d0,edge-gateway,0,393.09,0.3839,0,
edge-gateway-7f8d0_732,2026-07-13T09:12:12+00:00,edge-gateway-7f8d0,edge-gateway,0,390.99,0.3818,0,
edge-gateway-7f8d0_733,2026-07-13T09:12:13+00:00,edge-gateway-7f8d0,edge-gateway,0,391.95,0.3828,0,
edge-gateway-7f8d0_734,2026-07-13T09:12:14+00:00,edge-gateway-7f8d0,edge-gateway,0,401.06,0.3917,0,
edge-gateway-7f8d0_735,2026-07-13T09:12:15+00:00,edge-gateway-7f8d0,edge-gateway,0,392.23,0.383,0,
edge-gateway-7f8d0_736,2026-07-13T09:12:16+00:00,edge-gateway-7f8d0,edge-gateway,0,403.29,0.3938,0,
edge-gateway-7f8d0_737,2026-07-13T09:12:17+00:00,edge-gateway-7f8d0,edge-gateway,0,388.98,0.3799,0,
edge-gateway-7f8d0_738,2026-07-13T09:12:18+00:00,edge-gateway-7f8d0,edge-gateway,0,386.64,0.3776,0,
edge-gateway-7f8d0_739,2026-07-13T09:12:19+00:00,edge-gateway-7f8d0,edge-gateway,0,400.44,0.3911,0,
edge-gateway-7f8d0_740,2026-07-13T09:12:20+00:00,edge-gateway-7f8d0,edge-gateway,0,378.76,0.3699,0,
edge-gateway-7f8d0_741,2026-07-13T09:12:21+00:00,edge-gateway-7f8d0,edge-gateway,0,404.92,0.3954,0,
edge-gateway-7f8d0_742,2026-07-13T09:12:22+00:00,edge-gateway-7f8d0,edge-gateway,0,395.3,0.386,0,
edge-gateway-7f8d0_743,2026-07-13T09:12:23+00:00,edge-gateway-7f8d0,edge-gateway,0,401.36,0.392,0,
edge-gateway-7f8d0_744,2026-07-13T09:12:24+00:00,edge-gateway-7f8d0,edge-gateway,0,391.49,0.3823,0,
edge-gateway-7f8d0_745,2026-07-13T09:12:25+00:00,edge-gateway-7f8d0,edge-gateway,0,393.06,0.3838,0,
edge-gateway-7f8d0_746,2026-07-13T09:12:26+00:00,edge-gateway-7f8d0,edge-gateway,0,398.66,0.3893,0,
edge-gateway-7f8d0_747,2026-07-13T09:12:27+00:00,edge-gateway-7f8d0,edge-gateway,0,394.39,0.3851,0,
edge-gateway-7f8d0_748,2026-07-13T09:12:28+00:00,edge-gateway-7f8d0,edge-gateway,0,396.58,0.3873,0,
edge-gateway-7f8d0_749,2026-07-13T09:12:29+00:00,edge-gateway-7f8d0,edge-gateway,0,378.75,0.3699,0,
edge-gateway-7f8d0_750,2026-07-13T09:12:30+00:00,edge-gateway-7f8d0,edge-gateway,0,392.2,0.383,0,
edge-gateway-7f8d0_751,2026-07-13T09:12:31+00:00,edge-gateway-7f8d0,edge-gateway,0,378.92,0.37,0,
edge-gateway-7f8d0_752,2026-07-13T09:12:32+00:00,edge-gateway-7f8d0,edge-gateway,0,394.3,0.3851,0,
edge-gateway-7f8d0_753,2026-07-13T09:12:33+00:00,edge-gateway-7f8d0,edge-gateway,0,393.29,0.3841,0,
edge-gateway-7f8d0_754,2026-07-13T09:12:34+00:00,edge-gateway-7f8d0,edge-gateway,0,386.69,0.3776,0,
edge-gateway-7f8d0_755,2026-07-13T09:12:35+00:00,edge-gateway-7f8d0,edge-gateway,0,395.35,0.3861,0,
edge-gateway-7f8d0_756,2026-07-13T09:12:36+00:00,edge-gateway-7f8d0,edge-gateway,0,391.19,0.382,0,
edge-gateway-7f8d0_757,2026-07-13T09:12:37+00:00,edge-gateway-7f8d0,edge-gateway,0,389.12,0.38,0,
edge-gateway-7f8d0_758,2026-07-13T09:12:38+00:00,edge-gateway-7f8d0,edge-gateway,0,385.15,0.3761,0,
edge-gateway-7f8d0_759,2026-07-13T09:12:39+00:00,edge-gateway-7f8d0,edge-gateway,0,388.74,0.3796,0,
edge-gateway-7f8d0_760,2026-07-13T09:12:40+00:00,edge-gateway-7f8d0,edge-gateway,0,385.65,0.3766,0,
edge-gateway-7f8d0_761,2026-07-13T09:12:41+00:00,edge-gateway-7f8d0,edge-gateway,0,391.74,0.3826,0,
edge-gateway-7f8d0_762,2026-07-13T09:12:42+00:00,edge-gateway-7f8d0,edge-gateway,0,383.11,0.3741,0,
edge-gateway-7f8d0_763,2026-07-13T09:12:43+00:00,edge-gateway-7f8d0,edge-gateway,0,384.53,0.3755,0,
edge-gateway-7f8d0_764,2026-07-13T09:12:44+00:00,edge-gateway-7f8d0,edge-gateway,0,385.68,0.3766,0,
edge-gateway-7f8d0_765,2026-07-13T09:12:45+00:00,edge-gateway-7f8d0,edge-gateway,0,383.17,0.3742,0,
edge-gateway-7f8d0_766,2026-07-13T09:12:46+00:00,edge-gateway-7f8d0,edge-gateway,0,400.33,0.3909,0,
edge-gateway-7f8d0_767,2026-07-13T09:12:47+00:00,edge-gateway-7f8d0,edge-gateway,0,390.1,0.381,0,
edge-gateway-7f8d0_768,2026-07-13T09:12:48+00:00,edge-gateway-7f8d0,edge-gateway,0,396.42,0.3871,0,
edge-gateway-7f8d0_769,2026-07-13T09:12:49+00:00,edge-gateway-7f8d0,edge-gateway,0,384.54,0.3755,0,
edge-gateway-7f8d0_770,2026-07-13T09:12:50+00:00,edge-gateway-7f8d0,edge-gateway,0,383.58,0.3746,0,
edge-gateway-7f8d0_771,2026-07-13T09:12:51+00:00,edge-gateway-7f8d0,edge-gateway,0,398.69,0.3893,0,
edge-gateway-7f8d0_772,2026-07-13T09:12:52+00:00,edge-gateway-7f8d0,edge-gateway,0,386.52,0.3775,0,
edge-gateway-7f8d0_773,2026-07-13T09:12:53+00:00,edge-gateway-7f8d0,edge-gateway,0,381.79,0.3728,0,
edge-gateway-7f8d0_774,2026-07-13T09:12:54+00:00,edge-gateway-7f8d0,edge-gateway,0,388.27,0.3792,0,
edge-gateway-7f8d0_775,2026-07-13T09:12:55+00:00,edge-gateway-7f8d0,edge-gateway,0,380.29,0.3714,0,
edge-gateway-7f8d0_776,2026-07-13T09:12:56+00:00,edge-gateway-7f8d0,edge-gateway,0,393.12,0.3839,0,
edge-gateway-7f8d0_777,2026-07-13T09:12:57+00:00,edge-gateway-7f8d0,edge-gateway,0,388.71,0.3796,0,
edge-gateway-7f8d0_778,2026-07-13T09:12:58+00:00,edge-gateway-7f8d0,edge-gateway,0,391.98,0.3828,0,
edge-gateway-7f8d0_779,2026-07-13T09:12:59+00:00,edge-gateway-7f8d0,edge-gateway,0,401.34,0.3919,0,
edge-gateway-7f8d0_780,2026-07-13T09:13:00+00:00,edge-gateway-7f8d0,edge-gateway,0,391.31,0.3821,0,
edge-gateway-7f8d0_781,2026-07-13T09:13:01+00:00,edge-gateway-7f8d0,edge-gateway,0,391.98,0.3828,0,
edge-gateway-7f8d0_782,2026-07-13T09:13:02+00:00,edge-gateway-7f8d0,edge-gateway,0,385.98,0.3769,0,
edge-gateway-7f8d0_783,2026-07-13T09:13:03+00:00,edge-gateway-7f8d0,edge-gateway,0,397.69,0.3884,0,
edge-gateway-7f8d0_784,2026-07-13T09:13:04+00:00,edge-gateway-7f8d0,edge-gateway,0,399.36,0.39,0,
edge-gateway-7f8d0_785,2026-07-13T09:13:05+00:00,edge-gateway-7f8d0,edge-gateway,0,379.57,0.3707,0,
edge-gateway-7f8d0_786,2026-07-13T09:13:06+00:00,edge-gateway-7f8d0,edge-gateway,0,394.31,0.3851,0,
edge-gateway-7f8d0_787,2026-07-13T09:13:07+00:00,edge-gateway-7f8d0,edge-gateway,0,382.4,0.3734,0,
edge-gateway-7f8d0_788,2026-07-13T09:13:08+00:00,edge-gateway-7f8d0,edge-gateway,0,399.07,0.3897,0,
edge-gateway-7f8d0_789,2026-07-13T09:13:09+00:00,edge-gateway-7f8d0,edge-gateway,0,378.43,0.3696,0,
edge-gateway-7f8d0_790,2026-07-13T09:13:10+00:00,edge-gateway-7f8d0,edge-gateway,0,386.9,0.3778,0,
edge-gateway-7f8d0_791,2026-07-13T09:13:11+00:00,edge-gateway-7f8d0,edge-gateway,0,394.14,0.3849,0,
edge-gateway-7f8d0_792,2026-07-13T09:13:12+00:00,edge-gateway-7f8d0,edge-gateway,0,377.59,0.3687,0,
edge-gateway-7f8d0_793,2026-07-13T09:13:13+00:00,edge-gateway-7f8d0,edge-gateway,0,409.14,0.3996,0,
edge-gateway-7f8d0_794,2026-07-13T09:13:14+00:00,edge-gateway-7f8d0,edge-gateway,0,379.54,0.3706,0,
edge-gateway-7f8d0_795,2026-07-13T09:13:15+00:00,edge-gateway-7f8d0,edge-gateway,0,365.12,0.3566,0,
edge-gateway-7f8d0_796,2026-07-13T09:13:16+00:00,edge-gateway-7f8d0,edge-gateway,0,382.52,0.3736,0,
edge-gateway-7f8d0_797,2026-07-13T09:13:17+00:00,edge-gateway-7f8d0,edge-gateway,0,384.91,0.3759,0,
edge-gateway-7f8d0_798,2026-07-13T09:13:18+00:00,edge-gateway-7f8d0,edge-gateway,0,388.78,0.3797,0,
edge-gateway-7f8d0_799,2026-07-13T09:13:19+00:00,edge-gateway-7f8d0,edge-gateway,0,390.28,0.3811,0,
edge-gateway-7f8d0_800,2026-07-13T09:13:20+00:00,edge-gateway-7f8d0,edge-gateway,0,389.6,0.3805,0,
edge-gateway-7f8d0_801,2026-07-13T09:13:21+00:00,edge-gateway-7f8d0,edge-gateway,0,395.24,0.386,0,
edge-gateway-7f8d0_802,2026-07-13T09:13:22+00:00,edge-gateway-7f8d0,edge-gateway,0,379.29,0.3704,0,
edge-gateway-7f8d0_803,2026-07-13T09:13:23+00:00,edge-gateway-7f8d0,edge-gateway,0,393.95,0.3847,0,
edge-gateway-7f8d0_804,2026-07-13T09:13:24+00:00,edge-gateway-7f8d0,edge-gateway,0,397.22,0.3879,0,
edge-gateway-7f8d0_805,2026-07-13T09:13:25+00:00,edge-gateway-7f8d0,edge-gateway,0,379.13,0.3702,0,
edge-gateway-7f8d0_806,2026-07-13T09:13:26+00:00,edge-gateway-7f8d0,edge-gateway,0,397.87,0.3885,0,
edge-gateway-7f8d0_807,2026-07-13T09:13:27+00:00,edge-gateway-7f8d0,edge-gateway,0,391.26,0.3821,0,
edge-gateway-7f8d0_808,2026-07-13T09:13:28+00:00,edge-gateway-7f8d0,edge-gateway,0,385.1,0.3761,0,
edge-gateway-7f8d0_809,2026-07-13T09:13:29+00:00,edge-gateway-7f8d0,edge-gateway,0,397.99,0.3887,0,
edge-gateway-7f8d0_810,2026-07-13T09:13:30+00:00,edge-gateway-7f8d0,edge-gateway,0,382.61,0.3736,0,
edge-gateway-7f8d0_811,2026-07-13T09:13:31+00:00,edge-gateway-7f8d0,edge-gateway,0,391.77,0.3826,0,
edge-gateway-7f8d0_812,2026-07-13T09:13:32+00:00,edge-gateway-7f8d0,edge-gateway,0,393.9,0.3847,0,
edge-gateway-7f8d0_813,2026-07-13T09:13:33+00:00,edge-gateway-7f8d0,edge-gateway,0,375.38,0.3666,0,
edge-gateway-7f8d0_814,2026-07-13T09:13:34+00:00,edge-gateway-7f8d0,edge-gateway,0,400.71,0.3913,0,
edge-gateway-7f8d0_815,2026-07-13T09:13:35+00:00,edge-gateway-7f8d0,edge-gateway,0,393.98,0.3847,0,
edge-gateway-7f8d0_816,2026-07-13T09:13:36+00:00,edge-gateway-7f8d0,edge-gateway,0,400.72,0.3913,0,
edge-gateway-7f8d0_817,2026-07-13T09:13:37+00:00,edge-gateway-7f8d0,edge-gateway,0,380.57,0.3717,0,
edge-gateway-7f8d0_818,2026-07-13T09:13:38+00:00,edge-gateway-7f8d0,edge-gateway,0,393.73,0.3845,0,
edge-gateway-7f8d0_819,2026-07-13T09:13:39+00:00,edge-gateway-7f8d0,edge-gateway,0,384.82,0.3758,0,
edge-gateway-7f8d0_820,2026-07-13T09:13:40+00:00,edge-gateway-7f8d0,edge-gateway,0,371.97,0.3633,0,
edge-gateway-7f8d0_821,2026-07-13T09:13:41+00:00,edge-gateway-7f8d0,edge-gateway,0,392.57,0.3834,0,
edge-gateway-7f8d0_822,2026-07-13T09:13:42+00:00,edge-gateway-7f8d0,edge-gateway,0,386.55,0.3775,0,
edge-gateway-7f8d0_823,2026-07-13T09:13:43+00:00,edge-gateway-7f8d0,edge-gateway,0,392.86,0.3837,0,
edge-gateway-7f8d0_824,2026-07-13T09:13:44+00:00,edge-gateway-7f8d0,edge-gateway,0,384.06,0.3751,0,
edge-gateway-7f8d0_825,2026-07-13T09:13:45+00:00,edge-gateway-7f8d0,edge-gateway,0,402.8,0.3934,0,
edge-gateway-7f8d0_826,2026-07-13T09:13:46+00:00,edge-gateway-7f8d0,edge-gateway,0,391.88,0.3827,0,
edge-gateway-7f8d0_827,2026-07-13T09:13:47+00:00,edge-gateway-7f8d0,edge-gateway,0,402.03,0.3926,0,
edge-gateway-7f8d0_828,2026-07-13T09:13:48+00:00,edge-gateway-7f8d0,edge-gateway,0,381.67,0.3727,0,
edge-gateway-7f8d0_829,2026-07-13T09:13:49+00:00,edge-gateway-7f8d0,edge-gateway,0,383.3,0.3743,0,
edge-gateway-7f8d0_830,2026-07-13T09:13:50+00:00,edge-gateway-7f8d0,edge-gateway,0,375.7,0.3669,0,
edge-gateway-7f8d0_831,2026-07-13T09:13:51+00:00,edge-gateway-7f8d0,edge-gateway,0,405.17,0.3957,0,
edge-gateway-7f8d0_832,2026-07-13T09:13:52+00:00,edge-gateway-7f8d0,edge-gateway,0,389.34,0.3802,0,
edge-gateway-7f8d0_833,2026-07-13T09:13:53+00:00,edge-gateway-7f8d0,edge-gateway,0,384.39,0.3754,0,
edge-gateway-7f8d0_834,2026-07-13T09:13:54+00:00,edge-gateway-7f8d0,edge-gateway,0,394.55,0.3853,0,
edge-gateway-7f8d0_835,2026-07-13T09:13:55+00:00,edge-gateway-7f8d0,edge-gateway,0,391.84,0.3827,0,
edge-gateway-7f8d0_836,2026-07-13T09:13:56+00:00,edge-gateway-7f8d0,edge-gateway,0,383.02,0.374,0,
edge-gateway-7f8d0_837,2026-07-13T09:13:57+00:00,edge-gateway-7f8d0,edge-gateway,0,393.95,0.3847,0,
edge-gateway-7f8d0_838,2026-07-13T09:13:58+00:00,edge-gateway-7f8d0,edge-gateway,0,389.55,0.3804,0,
edge-gateway-7f8d0_839,2026-07-13T09:13:59+00:00,edge-gateway-7f8d0,edge-gateway,0,387.44,0.3784,0,
edge-gateway-7f8d0_840,2026-07-13T09:14:00+00:00,edge-gateway-7f8d0,edge-gateway,0,390.89,0.3817,0,
edge-gateway-7f8d0_841,2026-07-13T09:14:01+00:00,edge-gateway-7f8d0,edge-gateway,0,379.55,0.3707,0,
edge-gateway-7f8d0_842,2026-07-13T09:14:02+00:00,edge-gateway-7f8d0,edge-gateway,0,387.11,0.378,0,
edge-gateway-7f8d0_843,2026-07-13T09:14:03+00:00,edge-gateway-7f8d0,edge-gateway,0,384.7,0.3757,0,
edge-gateway-7f8d0_844,2026-07-13T09:14:04+00:00,edge-gateway-7f8d0,edge-gateway,0,400.58,0.3912,0,
edge-gateway-7f8d0_845,2026-07-13T09:14:05+00:00,edge-gateway-7f8d0,edge-gateway,0,384.06,0.3751,0,
edge-gateway-7f8d0_846,2026-07-13T09:14:06+00:00,edge-gateway-7f8d0,edge-gateway,0,379.33,0.3704,0,
edge-gateway-7f8d0_847,2026-07-13T09:14:07+00:00,edge-gateway-7f8d0,edge-gateway,0,404.44,0.395,0,
edge-gateway-7f8d0_848,2026-07-13T09:14:08+00:00,edge-gateway-7f8d0,edge-gateway,0,392.27,0.3831,0,
edge-gateway-7f8d0_849,2026-07-13T09:14:09+00:00,edge-gateway-7f8d0,edge-gateway,0,384.17,0.3752,0,
edge-gateway-7f8d0_850,2026-07-13T09:14:10+00:00,edge-gateway-7f8d0,edge-gateway,0,384.47,0.3755,0,
edge-gateway-7f8d0_851,2026-07-13T09:14:11+00:00,edge-gateway-7f8d0,edge-gateway,0,393.77,0.3845,0,
edge-gateway-7f8d0_852,2026-07-13T09:14:12+00:00,edge-gateway-7f8d0,edge-gateway,0,378.69,0.3698,0,
edge-gateway-7f8d0_853,2026-07-13T09:14:13+00:00,edge-gateway-7f8d0,edge-gateway,0,406.63,0.3971,0,
edge-gateway-7f8d0_854,2026-07-13T09:14:14+00:00,edge-gateway-7f8d0,edge-gateway,0,378.45,0.3696,0,
edge-gateway-7f8d0_855,2026-07-13T09:14:15+00:00,edge-gateway-7f8d0,edge-gateway,0,388.65,0.3795,0,
edge-gateway-7f8d0_856,2026-07-13T09:14:16+00:00,edge-gateway-7f8d0,edge-gateway,0,391.59,0.3824,0,
edge-gateway-7f8d0_857,2026-07-13T09:14:17+00:00,edge-gateway-7f8d0,edge-gateway,0,389.89,0.3808,0,
edge-gateway-7f8d0_858,2026-07-13T09:14:18+00:00,edge-gateway-7f8d0,edge-gateway,0,398.16,0.3888,0,
edge-gateway-7f8d0_859,2026-07-13T09:14:19+00:00,edge-gateway-7f8d0,edge-gateway,0,381.79,0.3728,0,
edge-gateway-7f8d0_860,2026-07-13T09:14:20+00:00,edge-gateway-7f8d0,edge-gateway,0,387.52,0.3784,0,
edge-gateway-7f8d0_861,2026-07-13T09:14:21+00:00,edge-gateway-7f8d0,edge-gateway,0,395.74,0.3865,0,
edge-gateway-7f8d0_862,2026-07-13T09:14:22+00:00,edge-gateway-7f8d0,edge-gateway,0,393.0,0.3838,0,
edge-gateway-7f8d0_863,2026-07-13T09:14:23+00:00,edge-gateway-7f8d0,edge-gateway,0,394.85,0.3856,0,
edge-gateway-7f8d0_864,2026-07-13T09:14:24+00:00,edge-gateway-7f8d0,edge-gateway,0,373.99,0.3652,0,
edge-gateway-7f8d0_865,2026-07-13T09:14:25+00:00,edge-gateway-7f8d0,edge-gateway,0,382.28,0.3733,0,
edge-gateway-7f8d0_866,2026-07-13T09:14:26+00:00,edge-gateway-7f8d0,edge-gateway,0,387.39,0.3783,0,
edge-gateway-7f8d0_867,2026-07-13T09:14:27+00:00,edge-gateway-7f8d0,edge-gateway,0,382.63,0.3737,0,
edge-gateway-7f8d0_868,2026-07-13T09:14:28+00:00,edge-gateway-7f8d0,edge-gateway,0,397.68,0.3884,0,
edge-gateway-7f8d0_869,2026-07-13T09:14:29+00:00,edge-gateway-7f8d0,edge-gateway,0,397.74,0.3884,0,
edge-gateway-9b2e1_30,2026-07-13T09:00:30+00:00,edge-gateway-9b2e1,edge-gateway,0,394.95,0.3857,0,
edge-gateway-9b2e1_31,2026-07-13T09:00:31+00:00,edge-gateway-9b2e1,edge-gateway,0,386.85,0.3778,0,
edge-gateway-9b2e1_32,2026-07-13T09:00:32+00:00,edge-gateway-9b2e1,edge-gateway,0,370.56,0.3619,0,
edge-gateway-9b2e1_33,2026-07-13T09:00:33+00:00,edge-gateway-9b2e1,edge-gateway,0,388.92,0.3798,0,
edge-gateway-9b2e1_34,2026-07-13T09:00:34+00:00,edge-gateway-9b2e1,edge-gateway,0,381.42,0.3725,0,
edge-gateway-9b2e1_35,2026-07-13T09:00:35+00:00,edge-gateway-9b2e1,edge-gateway,0,391.53,0.3824,0,
edge-gateway-9b2e1_36,2026-07-13T09:00:36+00:00,edge-gateway-9b2e1,edge-gateway,0,384.62,0.3756,0,
edge-gateway-9b2e1_37,2026-07-13T09:00:37+00:00,edge-gateway-9b2e1,edge-gateway,0,373.48,0.3647,0,
edge-gateway-9b2e1_38,2026-07-13T09:00:38+00:00,edge-gateway-9b2e1,edge-gateway,0,405.04,0.3955,0,
edge-gateway-9b2e1_39,2026-07-13T09:00:39+00:00,edge-gateway-9b2e1,edge-gateway,0,388.81,0.3797,0,
edge-gateway-9b2e1_40,2026-07-13T09:00:40+00:00,edge-gateway-9b2e1,edge-gateway,0,397.03,0.3877,0,
edge-gateway-9b2e1_41,2026-07-13T09:00:41+00:00,edge-gateway-9b2e1,edge-gateway,0,399.81,0.3904,0,
edge-gateway-9b2e1_42,2026-07-13T09:00:42+00:00,edge-gateway-9b2e1,edge-gateway,0,386.58,0.3775,0,
edge-gateway-9b2e1_43,2026-07-13T09:00:43+00:00,edge-gateway-9b2e1,edge-gateway,0,394.35,0.3851,0,
edge-gateway-9b2e1_44,2026-07-13T09:00:44+00:00,edge-gateway-9b2e1,edge-gateway,0,398.38,0.389,0,
edge-gateway-9b2e1_45,2026-07-13T09:00:45+00:00,edge-gateway-9b2e1,edge-gateway,0,384.36,0.3754,0,
edge-gateway-9b2e1_46,2026-07-13T09:00:46+00:00,edge-gateway-9b2e1,edge-gateway,0,381.3,0.3724,0,
edge-gateway-9b2e1_47,2026-07-13T09:00:47+00:00,edge-gateway-9b2e1,edge-gateway,0,385.22,0.3762,0,
edge-gateway-9b2e1_48,2026-07-13T09:00:48+00:00,edge-gateway-9b2e1,edge-gateway,0,391.85,0.3827,0,
edge-gateway-9b2e1_49,2026-07-13T09:00:49+00:00,edge-gateway-9b2e1,edge-gateway,0,383.39,0.3744,0,
edge-gateway-9b2e1_50,2026-07-13T09:00:50+00:00,edge-gateway-9b2e1,edge-gateway,0,388.47,0.3794,0,
edge-gateway-9b2e1_51,2026-07-13T09:00:51+00:00,edge-gateway-9b2e1,edge-gateway,0,385.11,0.3761,0,
edge-gateway-9b2e1_52,2026-07-13T09:00:52+00:00,edge-gateway-9b2e1,edge-gateway,0,384.2,0.3752,0,
edge-gateway-9b2e1_53,2026-07-13T09:00:53+00:00,edge-gateway-9b2e1,edge-gateway,0,404.78,0.3953,0,
edge-gateway-9b2e1_54,2026-07-13T09:00:54+00:00,edge-gateway-9b2e1,edge-gateway,0,385.16,0.3761,0,
edge-gateway-9b2e1_55,2026-07-13T09:00:55+00:00,edge-gateway-9b2e1,edge-gateway,0,387.92,0.3788,0,
edge-gateway-9b2e1_56,2026-07-13T09:00:56+00:00,edge-gateway-9b2e1,edge-gateway,0,384.26,0.3753,0,
edge-gateway-9b2e1_57,2026-07-13T09:00:57+00:00,edge-gateway-9b2e1,edge-gateway,0,384.92,0.3759,0,
edge-gateway-9b2e1_58,2026-07-13T09:00:58+00:00,edge-gateway-9b2e1,edge-gateway,0,385.12,0.3761,0,
edge-gateway-9b2e1_59,2026-07-13T09:00:59+00:00,edge-gateway-9b2e1,edge-gateway,0,395.6,0.3863,0,
edge-gateway-9b2e1_60,2026-07-13T09:01:00+00:00,edge-gateway-9b2e1,edge-gateway,0,383.56,0.3746,0,
edge-gateway-9b2e1_61,2026-07-13T09:01:01+00:00,edge-gateway-9b2e1,edge-gateway,0,376.03,0.3672,0,
edge-gateway-9b2e1_62,2026-07-13T09:01:02+00:00,edge-gateway-9b2e1,edge-gateway,0,395.22,0.386,0,
edge-gateway-9b2e1_63,2026-07-13T09:01:03+00:00,edge-gateway-9b2e1,edge-gateway,0,385.28,0.3762,0,
edge-gateway-9b2e1_64,2026-07-13T09:01:04+00:00,edge-gateway-9b2e1,edge-gateway,0,380.39,0.3715,0,
edge-gateway-9b2e1_65,2026-07-13T09:01:05+00:00,edge-gateway-9b2e1,edge-gateway,0,386.36,0.3773,0,
edge-gateway-9b2e1_66,2026-07-13T09:01:06+00:00,edge-gateway-9b2e1,edge-gateway,0,383.82,0.3748,0,
edge-gateway-9b2e1_67,2026-07-13T09:01:07+00:00,edge-gateway-9b2e1,edge-gateway,0,388.9,0.3798,0,
edge-gateway-9b2e1_68,2026-07-13T09:01:08+00:00,edge-gateway-9b2e1,edge-gateway,0,378.15,0.3693,0,
edge-gateway-9b2e1_69,2026-07-13T09:01:09+00:00,edge-gateway-9b2e1,edge-gateway,0,402.96,0.3935,0,
edge-gateway-9b2e1_70,2026-07-13T09:01:10+00:00,edge-gateway-9b2e1,edge-gateway,0,386.64,0.3776,0,
edge-gateway-9b2e1_71,2026-07-13T09:01:11+00:00,edge-gateway-9b2e1,edge-gateway,0,395.1,0.3858,0,
edge-gateway-9b2e1_72,2026-07-13T09:01:12+00:00,edge-gateway-9b2e1,edge-gateway,0,403.1,0.3937,0,
edge-gateway-9b2e1_73,2026-07-13T09:01:13+00:00,edge-gateway-9b2e1,edge-gateway,0,396.91,0.3876,0,
edge-gateway-9b2e1_74,2026-07-13T09:01:14+00:00,edge-gateway-9b2e1,edge-gateway,0,382.34,0.3734,0,
edge-gateway-9b2e1_75,2026-07-13T09:01:15+00:00,edge-gateway-9b2e1,edge-gateway,0,398.26,0.3889,0,
edge-gateway-9b2e1_76,2026-07-13T09:01:16+00:00,edge-gateway-9b2e1,edge-gateway,0,386.93,0.3779,0,
edge-gateway-9b2e1_77,2026-07-13T09:01:17+00:00,edge-gateway-9b2e1,edge-gateway,0,400.76,0.3914,0,
edge-gateway-9b2e1_78,2026-07-13T09:01:18+00:00,edge-gateway-9b2e1,edge-gateway,0,385.25,0.3762,0,
edge-gateway-9b2e1_79,2026-07-13T09:01:19+00:00,edge-gateway-9b2e1,edge-gateway,0,378.41,0.3695,0,
edge-gateway-9b2e1_80,2026-07-13T09:01:20+00:00,edge-gateway-9b2e1,edge-gateway,0,390.29,0.3811,0,
edge-gateway-9b2e1_81,2026-07-13T09:01:21+00:00,edge-gateway-9b2e1,edge-gateway,0,377.88,0.369,0,
edge-gateway-9b2e1_82,2026-07-13T09:01:22+00:00,edge-gateway-9b2e1,edge-gateway,0,398.4,0.3891,0,
edge-gateway-9b2e1_83,2026-07-13T09:01:23+00:00,edge-gateway-9b2e1,edge-gateway,0,384.84,0.3758,0,
edge-gateway-9b2e1_84,2026-07-13T09:01:24+00:00,edge-gateway-9b2e1,edge-gateway,0,393.35,0.3841,0,
edge-gateway-9b2e1_85,2026-07-13T09:01:25+00:00,edge-gateway-9b2e1,edge-gateway,0,392.94,0.3837,0,
edge-gateway-9b2e1_86,2026-07-13T09:01:26+00:00,edge-gateway-9b2e1,edge-gateway,0,393.54,0.3843,0,
edge-gateway-9b2e1_87,2026-07-13T09:01:27+00:00,edge-gateway-9b2e1,edge-gateway,0,401.81,0.3924,0,
edge-gateway-9b2e1_88,2026-07-13T09:01:28+00:00,edge-gateway-9b2e1,edge-gateway,0,396.05,0.3868,0,
edge-gateway-9b2e1_89,2026-07-13T09:01:29+00:00,edge-gateway-9b2e1,edge-gateway,0,385.52,0.3765,0,
edge-gateway-9b2e1_90,2026-07-13T09:01:30+00:00,edge-gateway-9b2e1,edge-gateway,0,379.54,0.3706,0,
edge-gateway-9b2e1_91,2026-07-13T09:01:31+00:00,edge-gateway-9b2e1,edge-gateway,0,380.83,0.3719,0,
edge-gateway-9b2e1_92,2026-07-13T09:01:32+00:00,edge-gateway-9b2e1,edge-gateway,0,387.81,0.3787,0,
edge-gateway-9b2e1_93,2026-07-13T09:01:33+00:00,edge-gateway-9b2e1,edge-gateway,0,393.77,0.3845,0,
edge-gateway-9b2e1_94,2026-07-13T09:01:34+00:00,edge-gateway-9b2e1,edge-gateway,0,390.66,0.3815,0,
edge-gateway-9b2e1_95,2026-07-13T09:01:35+00:00,edge-gateway-9b2e1,edge-gateway,0,387.38,0.3783,0,
edge-gateway-9b2e1_96,2026-07-13T09:01:36+00:00,edge-gateway-9b2e1,edge-gateway,0,395.26,0.386,0,
edge-gateway-9b2e1_97,2026-07-13T09:01:37+00:00,edge-gateway-9b2e1,edge-gateway,0,397.13,0.3878,0,
edge-gateway-9b2e1_98,2026-07-13T09:01:38+00:00,edge-gateway-9b2e1,edge-gateway,0,390.18,0.381,0,
edge-gateway-9b2e1_99,2026-07-13T09:01:39+00:00,edge-gateway-9b2e1,edge-gateway,0,388.78,0.3797,0,
edge-gateway-9b2e1_100,2026-07-13T09:01:40+00:00,edge-gateway-9b2e1,edge-gateway,0,383.7,0.3747,0,
edge-gateway-9b2e1_101,2026-07-13T09:01:41+00:00,edge-gateway-9b2e1,edge-gateway,0,398.92,0.3896,0,
edge-gateway-9b2e1_102,2026-07-13T09:01:42+00:00,edge-gateway-9b2e1,edge-gateway,0,387.28,0.3782,0,
edge-gateway-9b2e1_103,2026-07-13T09:01:43+00:00,edge-gateway-9b2e1,edge-gateway,0,380.83,0.3719,0,
edge-gateway-9b2e1_104,2026-07-13T09:01:44+00:00,edge-gateway-9b2e1,edge-gateway,0,407.8,0.3982,0,
edge-gateway-9b2e1_105,2026-07-13T09:01:45+00:00,edge-gateway-9b2e1,edge-gateway,0,380.95,0.372,0,
edge-gateway-9b2e1_106,2026-07-13T09:01:46+00:00,edge-gateway-9b2e1,edge-gateway,0,388.15,0.3791,0,
edge-gateway-9b2e1_107,2026-07-13T09:01:47+00:00,edge-gateway-9b2e1,edge-gateway,0,383.46,0.3745,0,
edge-gateway-9b2e1_108,2026-07-13T09:01:48+00:00,edge-gateway-9b2e1,edge-gateway,0,379.74,0.3708,0,
edge-gateway-9b2e1_109,2026-07-13T09:01:49+00:00,edge-gateway-9b2e1,edge-gateway,0,395.51,0.3862,0,
edge-gateway-9b2e1_110,2026-07-13T09:01:50+00:00,edge-gateway-9b2e1,edge-gateway,0,395.46,0.3862,0,
edge-gateway-9b2e1_111,2026-07-13T09:01:51+00:00,edge-gateway-9b2e1,edge-gateway,0,374.67,0.3659,0,
edge-gateway-9b2e1_112,2026-07-13T09:01:52+00:00,edge-gateway-9b2e1,edge-gateway,0,392.15,0.383,0,
edge-gateway-9b2e1_113,2026-07-13T09:01:53+00:00,edge-gateway-9b2e1,edge-gateway,0,388.13,0.379,0,
edge-gateway-9b2e1_114,2026-07-13T09:01:54+00:00,edge-gateway-9b2e1,edge-gateway,0,381.19,0.3723,0,
edge-gateway-9b2e1_115,2026-07-13T09:01:55+00:00,edge-gateway-9b2e1,edge-gateway,0,395.32,0.3861,0,
edge-gateway-9b2e1_116,2026-07-13T09:01:56+00:00,edge-gateway-9b2e1,edge-gateway,0,388.01,0.3789,0,
edge-gateway-9b2e1_117,2026-07-13T09:01:57+00:00,edge-gateway-9b2e1,edge-gateway,0,392.54,0.3833,0,
edge-gateway-9b2e1_118,2026-07-13T09:01:58+00:00,edge-gateway-9b2e1,edge-gateway,0,386.08,0.377,0,
edge-gateway-9b2e1_119,2026-07-13T09:01:59+00:00,edge-gateway-9b2e1,edge-gateway,0,405.91,0.3964,0,
edge-gateway-9b2e1_120,2026-07-13T09:02:00+00:00,edge-gateway-9b2e1,edge-gateway,0,393.17,0.384,0,
edge-gateway-9b2e1_121,2026-07-13T09:02:01+00:00,edge-gateway-9b2e1,edge-gateway,0,394.1,0.3849,0,
edge-gateway-9b2e1_122,2026-07-13T09:02:02+00:00,edge-gateway-9b2e1,edge-gateway,0,390.73,0.3816,0,
edge-gateway-9b2e1_123,2026-07-13T09:02:03+00:00,edge-gateway-9b2e1,edge-gateway,0,380.24,0.3713,0,
edge-gateway-9b2e1_124,2026-07-13T09:02:04+00:00,edge-gateway-9b2e1,edge-gateway,0,378.7,0.3698,0,
edge-gateway-9b2e1_125,2026-07-13T09:02:05+00:00,edge-gateway-9b2e1,edge-gateway,0,380.63,0.3717,0,
edge-gateway-9b2e1_126,2026-07-13T09:02:06+00:00,edge-gateway-9b2e1,edge-gateway,0,386.64,0.3776,0,
edge-gateway-9b2e1_127,2026-07-13T09:02:07+00:00,edge-gateway-9b2e1,edge-gateway,0,395.35,0.3861,0,
edge-gateway-9b2e1_128,2026-07-13T09:02:08+00:00,edge-gateway-9b2e1,edge-gateway,0,378.75,0.3699,0,
edge-gateway-9b2e1_129,2026-07-13T09:02:09+00:00,edge-gateway-9b2e1,edge-gateway,0,399.72,0.3904,0,
edge-gateway-9b2e1_130,2026-07-13T09:02:10+00:00,edge-gateway-9b2e1,edge-gateway,0,396.53,0.3872,0,
edge-gateway-9b2e1_131,2026-07-13T09:02:11+00:00,edge-gateway-9b2e1,edge-gateway,0,390.39,0.3812,0,
edge-gateway-9b2e1_132,2026-07-13T09:02:12+00:00,edge-gateway-9b2e1,edge-gateway,0,389.16,0.38,0,
edge-gateway-9b2e1_133,2026-07-13T09:02:13+00:00,edge-gateway-9b2e1,edge-gateway,0,386.45,0.3774,0,
edge-gateway-9b2e1_134,2026-07-13T09:02:14+00:00,edge-gateway-9b2e1,edge-gateway,0,390.58,0.3814,0,
edge-gateway-9b2e1_135,2026-07-13T09:02:15+00:00,edge-gateway-9b2e1,edge-gateway,0,380.51,0.3716,0,
edge-gateway-9b2e1_136,2026-07-13T09:02:16+00:00,edge-gateway-9b2e1,edge-gateway,0,398.93,0.3896,0,
edge-gateway-9b2e1_137,2026-07-13T09:02:17+00:00,edge-gateway-9b2e1,edge-gateway,0,394.94,0.3857,0,
edge-gateway-9b2e1_138,2026-07-13T09:02:18+00:00,edge-gateway-9b2e1,edge-gateway,0,383.12,0.3741,0,
edge-gateway-9b2e1_139,2026-07-13T09:02:19+00:00,edge-gateway-9b2e1,edge-gateway,0,398.63,0.3893,0,
edge-gateway-9b2e1_140,2026-07-13T09:02:20+00:00,edge-gateway-9b2e1,edge-gateway,0,392.45,0.3833,0,
edge-gateway-9b2e1_141,2026-07-13T09:02:21+00:00,edge-gateway-9b2e1,edge-gateway,0,389.17,0.38,0,
edge-gateway-9b2e1_142,2026-07-13T09:02:22+00:00,edge-gateway-9b2e1,edge-gateway,0,386.04,0.377,0,
edge-gateway-9b2e1_143,2026-07-13T09:02:23+00:00,edge-gateway-9b2e1,edge-gateway,0,408.87,0.3993,0,
edge-gateway-9b2e1_144,2026-07-13T09:02:24+00:00,edge-gateway-9b2e1,edge-gateway,0,389.34,0.3802,0,
edge-gateway-9b2e1_145,2026-07-13T09:02:25+00:00,edge-gateway-9b2e1,edge-gateway,0,377.86,0.369,0,
edge-gateway-9b2e1_146,2026-07-13T09:02:26+00:00,edge-gateway-9b2e1,edge-gateway,0,394.56,0.3853,0,
edge-gateway-9b2e1_147,2026-07-13T09:02:27+00:00,edge-gateway-9b2e1,edge-gateway,0,384.4,0.3754,0,
edge-gateway-9b2e1_148,2026-07-13T09:02:28+00:00,edge-gateway-9b2e1,edge-gateway,0,373.11,0.3644,0,
edge-gateway-9b2e1_149,2026-07-13T09:02:29+00:00,edge-gateway-9b2e1,edge-gateway,0,382.53,0.3736,0,
edge-gateway-9b2e1_150,2026-07-13T09:02:30+00:00,edge-gateway-9b2e1,edge-gateway,0,379.65,0.3708,0,
edge-gateway-9b2e1_151,2026-07-13T09:02:31+00:00,edge-gateway-9b2e1,edge-gateway,0,399.88,0.3905,0,
edge-gateway-9b2e1_152,2026-07-13T09:02:32+00:00,edge-gateway-9b2e1,edge-gateway,0,387.16,0.3781,0,
edge-gateway-9b2e1_153,2026-07-13T09:02:33+00:00,edge-gateway-9b2e1,edge-gateway,0,386.26,0.3772,0,
edge-gateway-9b2e1_154,2026-07-13T09:02:34+00:00,edge-gateway-9b2e1,edge-gateway,0,393.58,0.3844,0,
edge-gateway-9b2e1_155,2026-07-13T09:02:35+00:00,edge-gateway-9b2e1,edge-gateway,0,390.96,0.3818,0,
edge-gateway-9b2e1_156,2026-07-13T09:02:36+00:00,edge-gateway-9b2e1,edge-gateway,0,384.78,0.3758,0,
edge-gateway-9b2e1_157,2026-07-13T09:02:37+00:00,edge-gateway-9b2e1,edge-gateway,0,390.03,0.3809,0,
edge-gateway-9b2e1_158,2026-07-13T09:02:38+00:00,edge-gateway-9b2e1,edge-gateway,0,393.47,0.3842,0,
edge-gateway-9b2e1_159,2026-07-13T09:02:39+00:00,edge-gateway-9b2e1,edge-gateway,0,386.34,0.3773,0,
edge-gateway-9b2e1_160,2026-07-13T09:02:40+00:00,edge-gateway-9b2e1,edge-gateway,0,384.66,0.3756,0,
edge-gateway-9b2e1_161,2026-07-13T09:02:41+00:00,edge-gateway-9b2e1,edge-gateway,0,399.14,0.3898,0,
edge-gateway-9b2e1_162,2026-07-13T09:02:42+00:00,edge-gateway-9b2e1,edge-gateway,0,400.83,0.3914,0,
edge-gateway-9b2e1_163,2026-07-13T09:02:43+00:00,edge-gateway-9b2e1,edge-gateway,0,388.36,0.3793,0,
edge-gateway-9b2e1_164,2026-07-13T09:02:44+00:00,edge-gateway-9b2e1,edge-gateway,0,380.44,0.3715,0,
edge-gateway-9b2e1_165,2026-07-13T09:02:45+00:00,edge-gateway-9b2e1,edge-gateway,0,385.2,0.3762,0,
edge-gateway-9b2e1_166,2026-07-13T09:02:46+00:00,edge-gateway-9b2e1,edge-gateway,0,386.75,0.3777,0,
edge-gateway-9b2e1_167,2026-07-13T09:02:47+00:00,edge-gateway-9b2e1,edge-gateway,0,403.84,0.3944,0,
edge-gateway-9b2e1_168,2026-07-13T09:02:48+00:00,edge-gateway-9b2e1,edge-gateway,0,398.74,0.3894,0,
edge-gateway-9b2e1_169,2026-07-13T09:02:49+00:00,edge-gateway-9b2e1,edge-gateway,0,391.86,0.3827,0,
edge-gateway-9b2e1_170,2026-07-13T09:02:50+00:00,edge-gateway-9b2e1,edge-gateway,0,395.21,0.3859,0,
edge-gateway-9b2e1_171,2026-07-13T09:02:51+00:00,edge-gateway-9b2e1,edge-gateway,0,408.85,0.3993,0,
edge-gateway-9b2e1_172,2026-07-13T09:02:52+00:00,edge-gateway-9b2e1,edge-gateway,0,392.29,0.3831,0,
edge-gateway-9b2e1_173,2026-07-13T09:02:53+00:00,edge-gateway-9b2e1,edge-gateway,0,398.35,0.389,0,
edge-gateway-9b2e1_174,2026-07-13T09:02:54+00:00,edge-gateway-9b2e1,edge-gateway,0,381.4,0.3725,0,
edge-gateway-9b2e1_175,2026-07-13T09:02:55+00:00,edge-gateway-9b2e1,edge-gateway,0,392.96,0.3837,0,
edge-gateway-9b2e1_176,2026-07-13T09:02:56+00:00,edge-gateway-9b2e1,edge-gateway,0,395.9,0.3866,0,
edge-gateway-9b2e1_177,2026-07-13T09:02:57+00:00,edge-gateway-9b2e1,edge-gateway,0,377.5,0.3687,0,
edge-gateway-9b2e1_178,2026-07-13T09:02:58+00:00,edge-gateway-9b2e1,edge-gateway,0,377.77,0.3689,0,
edge-gateway-9b2e1_179,2026-07-13T09:02:59+00:00,edge-gateway-9b2e1,edge-gateway,0,401.31,0.3919,0,
edge-gateway-9b2e1_180,2026-07-13T09:03:00+00:00,edge-gateway-9b2e1,edge-gateway,0,384.69,0.3757,0,
edge-gateway-9b2e1_181,2026-07-13T09:03:01+00:00,edge-gateway-9b2e1,edge-gateway,0,381.19,0.3723,0,
edge-gateway-9b2e1_182,2026-07-13T09:03:02+00:00,edge-gateway-9b2e1,edge-gateway,0,380.57,0.3717,0,
edge-gateway-9b2e1_183,2026-07-13T09:03:03+00:00,edge-gateway-9b2e1,edge-gateway,0,390.81,0.3817,0,
edge-gateway-9b2e1_184,2026-07-13T09:03:04+00:00,edge-gateway-9b2e1,edge-gateway,0,397.34,0.388,0,
edge-gateway-9b2e1_185,2026-07-13T09:03:05+00:00,edge-gateway-9b2e1,edge-gateway,0,392.48,0.3833,0,
edge-gateway-9b2e1_186,2026-07-13T09:03:06+00:00,edge-gateway-9b2e1,edge-gateway,0,399.71,0.3903,0,
edge-gateway-9b2e1_187,2026-07-13T09:03:07+00:00,edge-gateway-9b2e1,edge-gateway,0,401.08,0.3917,0,
edge-gateway-9b2e1_188,2026-07-13T09:03:08+00:00,edge-gateway-9b2e1,edge-gateway,0,391.96,0.3828,0,
edge-gateway-9b2e1_189,2026-07-13T09:03:09+00:00,edge-gateway-9b2e1,edge-gateway,0,387.36,0.3783,0,
edge-gateway-9b2e1_190,2026-07-13T09:03:10+00:00,edge-gateway-9b2e1,edge-gateway,0,395.55,0.3863,0,
edge-gateway-9b2e1_191,2026-07-13T09:03:11+00:00,edge-gateway-9b2e1,edge-gateway,0,385.55,0.3765,0,
edge-gateway-9b2e1_192,2026-07-13T09:03:12+00:00,edge-gateway-9b2e1,edge-gateway,0,378.64,0.3698,0,
edge-gateway-9b2e1_193,2026-07-13T09:03:13+00:00,edge-gateway-9b2e1,edge-gateway,0,383.71,0.3747,0,
edge-gateway-9b2e1_194,2026-07-13T09:03:14+00:00,edge-gateway-9b2e1,edge-gateway,0,393.31,0.3841,0,
edge-gateway-9b2e1_195,2026-07-13T09:03:15+00:00,edge-gateway-9b2e1,edge-gateway,0,399.42,0.3901,0,
edge-gateway-9b2e1_196,2026-07-13T09:03:16+00:00,edge-gateway-9b2e1,edge-gateway,0,395.33,0.3861,0,
edge-gateway-9b2e1_197,2026-07-13T09:03:17+00:00,edge-gateway-9b2e1,edge-gateway,0,397.26,0.3879,0,
edge-gateway-9b2e1_198,2026-07-13T09:03:18+00:00,edge-gateway-9b2e1,edge-gateway,0,402.12,0.3927,0,
edge-gateway-9b2e1_199,2026-07-13T09:03:19+00:00,edge-gateway-9b2e1,edge-gateway,0,405.2,0.3957,0,
edge-gateway-9b2e1_200,2026-07-13T09:03:20+00:00,edge-gateway-9b2e1,edge-gateway,0,398.37,0.389,0,
edge-gateway-9b2e1_201,2026-07-13T09:03:21+00:00,edge-gateway-9b2e1,edge-gateway,0,399.08,0.3897,0,
edge-gateway-9b2e1_202,2026-07-13T09:03:22+00:00,edge-gateway-9b2e1,edge-gateway,0,386.77,0.3777,0,
edge-gateway-9b2e1_203,2026-07-13T09:03:23+00:00,edge-gateway-9b2e1,edge-gateway,0,392.04,0.3829,0,
edge-gateway-9b2e1_204,2026-07-13T09:03:24+00:00,edge-gateway-9b2e1,edge-gateway,0,393.24,0.384,0,
edge-gateway-9b2e1_205,2026-07-13T09:03:25+00:00,edge-gateway-9b2e1,edge-gateway,0,382.05,0.3731,0,
edge-gateway-9b2e1_206,2026-07-13T09:03:26+00:00,edge-gateway-9b2e1,edge-gateway,0,395.93,0.3867,0,
edge-gateway-9b2e1_207,2026-07-13T09:03:27+00:00,edge-gateway-9b2e1,edge-gateway,0,377.55,0.3687,0,
edge-gateway-9b2e1_208,2026-07-13T09:03:28+00:00,edge-gateway-9b2e1,edge-gateway,0,395.38,0.3861,0,
edge-gateway-9b2e1_209,2026-07-13T09:03:29+00:00,edge-gateway-9b2e1,edge-gateway,0,385.36,0.3763,0,
edge-gateway-9b2e1_210,2026-07-13T09:03:30+00:00,edge-gateway-9b2e1,edge-gateway,0,400.92,0.3915,0,
edge-gateway-9b2e1_211,2026-07-13T09:03:31+00:00,edge-gateway-9b2e1,edge-gateway,0,384.33,0.3753,0,
edge-gateway-9b2e1_212,2026-07-13T09:03:32+00:00,edge-gateway-9b2e1,edge-gateway,0,394.52,0.3853,0,
edge-gateway-9b2e1_213,2026-07-13T09:03:33+00:00,edge-gateway-9b2e1,edge-gateway,0,388.57,0.3795,0,
edge-gateway-9b2e1_214,2026-07-13T09:03:34+00:00,edge-gateway-9b2e1,edge-gateway,0,390.32,0.3812,0,
edge-gateway-9b2e1_215,2026-07-13T09:03:35+00:00,edge-gateway-9b2e1,edge-gateway,0,397.36,0.388,0,
edge-gateway-9b2e1_216,2026-07-13T09:03:36+00:00,edge-gateway-9b2e1,edge-gateway,0,411.34,0.4017,0,
edge-gateway-9b2e1_217,2026-07-13T09:03:37+00:00,edge-gateway-9b2e1,edge-gateway,0,380.74,0.3718,0,
edge-gateway-9b2e1_218,2026-07-13T09:03:38+00:00,edge-gateway-9b2e1,edge-gateway,0,393.06,0.3838,0,
edge-gateway-9b2e1_219,2026-07-13T09:03:39+00:00,edge-gateway-9b2e1,edge-gateway,0,387.91,0.3788,0,
edge-gateway-9b2e1_220,2026-07-13T09:03:40+00:00,edge-gateway-9b2e1,edge-gateway,0,382.52,0.3736,0,
edge-gateway-9b2e1_221,2026-07-13T09:03:41+00:00,edge-gateway-9b2e1,edge-gateway,0,393.46,0.3842,0,
edge-gateway-9b2e1_222,2026-07-13T09:03:42+00:00,edge-gateway-9b2e1,edge-gateway,0,402.44,0.393,0,
edge-gateway-9b2e1_223,2026-07-13T09:03:43+00:00,edge-gateway-9b2e1,edge-gateway,0,399.52,0.3902,0,
edge-gateway-9b2e1_224,2026-07-13T09:03:44+00:00,edge-gateway-9b2e1,edge-gateway,0,390.41,0.3813,0,
edge-gateway-9b2e1_225,2026-07-13T09:03:45+00:00,edge-gateway-9b2e1,edge-gateway,0,393.75,0.3845,0,
edge-gateway-9b2e1_226,2026-07-13T09:03:46+00:00,edge-gateway-9b2e1,edge-gateway,0,392.38,0.3832,0,
edge-gateway-9b2e1_227,2026-07-13T09:03:47+00:00,edge-gateway-9b2e1,edge-gateway,0,397.36,0.388,0,
edge-gateway-9b2e1_228,2026-07-13T09:03:48+00:00,edge-gateway-9b2e1,edge-gateway,0,394.3,0.3851,0,
edge-gateway-9b2e1_229,2026-07-13T09:03:49+00:00,edge-gateway-9b2e1,edge-gateway,0,394.92,0.3857,0,
edge-gateway-9b2e1_230,2026-07-13T09:03:50+00:00,edge-gateway-9b2e1,edge-gateway,0,376.4,0.3676,0,
edge-gateway-9b2e1_231,2026-07-13T09:03:51+00:00,edge-gateway-9b2e1,edge-gateway,0,395.31,0.386,0,
edge-gateway-9b2e1_232,2026-07-13T09:03:52+00:00,edge-gateway-9b2e1,edge-gateway,0,374.93,0.3661,0,
edge-gateway-9b2e1_233,2026-07-13T09:03:53+00:00,edge-gateway-9b2e1,edge-gateway,0,392.32,0.3831,0,
edge-gateway-9b2e1_234,2026-07-13T09:03:54+00:00,edge-gateway-9b2e1,edge-gateway,0,397.08,0.3878,0,
edge-gateway-9b2e1_235,2026-07-13T09:03:55+00:00,edge-gateway-9b2e1,edge-gateway,0,395.53,0.3863,0,
edge-gateway-9b2e1_236,2026-07-13T09:03:56+00:00,edge-gateway-9b2e1,edge-gateway,0,402.4,0.393,0,
edge-gateway-9b2e1_237,2026-07-13T09:03:57+00:00,edge-gateway-9b2e1,edge-gateway,0,402.17,0.3927,0,
edge-gateway-9b2e1_238,2026-07-13T09:03:58+00:00,edge-gateway-9b2e1,edge-gateway,0,384.71,0.3757,0,
edge-gateway-9b2e1_239,2026-07-13T09:03:59+00:00,edge-gateway-9b2e1,edge-gateway,0,392.51,0.3833,0,
edge-gateway-9b2e1_240,2026-07-13T09:04:00+00:00,edge-gateway-9b2e1,edge-gateway,0,386.32,0.3773,0,
edge-gateway-9b2e1_241,2026-07-13T09:04:01+00:00,edge-gateway-9b2e1,edge-gateway,0,398.7,0.3894,0,
edge-gateway-9b2e1_242,2026-07-13T09:04:02+00:00,edge-gateway-9b2e1,edge-gateway,0,379.0,0.3701,0,
edge-gateway-9b2e1_243,2026-07-13T09:04:03+00:00,edge-gateway-9b2e1,edge-gateway,0,380.24,0.3713,0,
edge-gateway-9b2e1_244,2026-07-13T09:04:04+00:00,edge-gateway-9b2e1,edge-gateway,0,393.01,0.3838,0,
edge-gateway-9b2e1_245,2026-07-13T09:04:05+00:00,edge-gateway-9b2e1,edge-gateway,0,394.6,0.3854,0,
edge-gateway-9b2e1_246,2026-07-13T09:04:06+00:00,edge-gateway-9b2e1,edge-gateway,0,394.01,0.3848,0,
edge-gateway-9b2e1_247,2026-07-13T09:04:07+00:00,edge-gateway-9b2e1,edge-gateway,0,387.79,0.3787,0,
edge-gateway-9b2e1_248,2026-07-13T09:04:08+00:00,edge-gateway-9b2e1,edge-gateway,0,376.83,0.368,0,
edge-gateway-9b2e1_249,2026-07-13T09:04:09+00:00,edge-gateway-9b2e1,edge-gateway,0,394.79,0.3855,0,
edge-gateway-9b2e1_250,2026-07-13T09:04:10+00:00,edge-gateway-9b2e1,edge-gateway,0,398.87,0.3895,0,
edge-gateway-9b2e1_251,2026-07-13T09:04:11+00:00,edge-gateway-9b2e1,edge-gateway,0,379.71,0.3708,0,
edge-gateway-9b2e1_252,2026-07-13T09:04:12+00:00,edge-gateway-9b2e1,edge-gateway,0,384.53,0.3755,0,
edge-gateway-9b2e1_253,2026-07-13T09:04:13+00:00,edge-gateway-9b2e1,edge-gateway,0,394.07,0.3848,0,
edge-gateway-9b2e1_254,2026-07-13T09:04:14+00:00,edge-gateway-9b2e1,edge-gateway,0,387.29,0.3782,0,
edge-gateway-9b2e1_255,2026-07-13T09:04:15+00:00,edge-gateway-9b2e1,edge-gateway,0,373.78,0.365,0,
edge-gateway-9b2e1_256,2026-07-13T09:04:16+00:00,edge-gateway-9b2e1,edge-gateway,0,393.73,0.3845,0,
edge-gateway-9b2e1_257,2026-07-13T09:04:17+00:00,edge-gateway-9b2e1,edge-gateway,0,383.83,0.3748,0,
edge-gateway-9b2e1_258,2026-07-13T09:04:18+00:00,edge-gateway-9b2e1,edge-gateway,0,406.03,0.3965,0,
edge-gateway-9b2e1_259,2026-07-13T09:04:19+00:00,edge-gateway-9b2e1,edge-gateway,0,383.6,0.3746,0,
edge-gateway-9b2e1_260,2026-07-13T09:04:20+00:00,edge-gateway-9b2e1,edge-gateway,0,404.65,0.3952,0,
edge-gateway-9b2e1_261,2026-07-13T09:04:21+00:00,edge-gateway-9b2e1,edge-gateway,0,394.86,0.3856,0,
edge-gateway-9b2e1_262,2026-07-13T09:04:22+00:00,edge-gateway-9b2e1,edge-gateway,0,390.03,0.3809,0,
edge-gateway-9b2e1_263,2026-07-13T09:04:23+00:00,edge-gateway-9b2e1,edge-gateway,0,392.41,0.3832,0,
edge-gateway-9b2e1_264,2026-07-13T09:04:24+00:00,edge-gateway-9b2e1,edge-gateway,0,383.44,0.3745,0,
edge-gateway-9b2e1_265,2026-07-13T09:04:25+00:00,edge-gateway-9b2e1,edge-gateway,0,391.05,0.3819,0,
edge-gateway-9b2e1_266,2026-07-13T09:04:26+00:00,edge-gateway-9b2e1,edge-gateway,0,387.74,0.3787,0,
edge-gateway-9b2e1_267,2026-07-13T09:04:27+00:00,edge-gateway-9b2e1,edge-gateway,0,388.73,0.3796,0,
edge-gateway-9b2e1_268,2026-07-13T09:04:28+00:00,edge-gateway-9b2e1,edge-gateway,0,388.2,0.3791,0,
edge-gateway-9b2e1_269,2026-07-13T09:04:29+00:00,edge-gateway-9b2e1,edge-gateway,0,390.81,0.3817,0,
edge-gateway-9b2e1_270,2026-07-13T09:04:30+00:00,edge-gateway-9b2e1,edge-gateway,0,390.91,0.3817,0,
edge-gateway-9b2e1_271,2026-07-13T09:04:31+00:00,edge-gateway-9b2e1,edge-gateway,0,382.69,0.3737,0,
edge-gateway-9b2e1_272,2026-07-13T09:04:32+00:00,edge-gateway-9b2e1,edge-gateway,0,395.65,0.3864,0,
edge-gateway-9b2e1_273,2026-07-13T09:04:33+00:00,edge-gateway-9b2e1,edge-gateway,0,378.11,0.3692,0,
edge-gateway-9b2e1_274,2026-07-13T09:04:34+00:00,edge-gateway-9b2e1,edge-gateway,0,383.58,0.3746,0,
edge-gateway-9b2e1_275,2026-07-13T09:04:35+00:00,edge-gateway-9b2e1,edge-gateway,0,387.2,0.3781,0,
edge-gateway-9b2e1_276,2026-07-13T09:04:36+00:00,edge-gateway-9b2e1,edge-gateway,0,385.78,0.3767,0,
edge-gateway-9b2e1_277,2026-07-13T09:04:37+00:00,edge-gateway-9b2e1,edge-gateway,0,381.98,0.373,0,
edge-gateway-9b2e1_278,2026-07-13T09:04:38+00:00,edge-gateway-9b2e1,edge-gateway,0,404.71,0.3952,0,
edge-gateway-9b2e1_279,2026-07-13T09:04:39+00:00,edge-gateway-9b2e1,edge-gateway,0,383.69,0.3747,0,
edge-gateway-9b2e1_280,2026-07-13T09:04:40+00:00,edge-gateway-9b2e1,edge-gateway,0,392.61,0.3834,0,
edge-gateway-9b2e1_281,2026-07-13T09:04:41+00:00,edge-gateway-9b2e1,edge-gateway,0,394.52,0.3853,0,
edge-gateway-9b2e1_282,2026-07-13T09:04:42+00:00,edge-gateway-9b2e1,edge-gateway,0,381.64,0.3727,0,
edge-gateway-9b2e1_283,2026-07-13T09:04:43+00:00,edge-gateway-9b2e1,edge-gateway,0,389.36,0.3802,0,
edge-gateway-9b2e1_284,2026-07-13T09:04:44+00:00,edge-gateway-9b2e1,edge-gateway,0,392.05,0.3829,0,
edge-gateway-9b2e1_285,2026-07-13T09:04:45+00:00,edge-gateway-9b2e1,edge-gateway,0,393.98,0.3847,0,
edge-gateway-9b2e1_286,2026-07-13T09:04:46+00:00,edge-gateway-9b2e1,edge-gateway,0,387.74,0.3787,0,
edge-gateway-9b2e1_287,2026-07-13T09:04:47+00:00,edge-gateway-9b2e1,edge-gateway,0,391.19,0.382,0,
edge-gateway-9b2e1_288,2026-07-13T09:04:48+00:00,edge-gateway-9b2e1,edge-gateway,0,392.32,0.3831,0,
edge-gateway-9b2e1_289,2026-07-13T09:04:49+00:00,edge-gateway-9b2e1,edge-gateway,0,379.87,0.371,0,
edge-gateway-9b2e1_290,2026-07-13T09:04:50+00:00,edge-gateway-9b2e1,edge-gateway,0,388.94,0.3798,0,
edge-gateway-9b2e1_291,2026-07-13T09:04:51+00:00,edge-gateway-9b2e1,edge-gateway,0,386.33,0.3773,0,
edge-gateway-9b2e1_292,2026-07-13T09:04:52+00:00,edge-gateway-9b2e1,edge-gateway,0,382.87,0.3739,0,
edge-gateway-9b2e1_293,2026-07-13T09:04:53+00:00,edge-gateway-9b2e1,edge-gateway,0,394.49,0.3852,0,
edge-gateway-9b2e1_294,2026-07-13T09:04:54+00:00,edge-gateway-9b2e1,edge-gateway,0,382.26,0.3733,0,
edge-gateway-9b2e1_295,2026-07-13T09:04:55+00:00,edge-gateway-9b2e1,edge-gateway,0,386.57,0.3775,0,
edge-gateway-9b2e1_296,2026-07-13T09:04:56+00:00,edge-gateway-9b2e1,edge-gateway,0,386.96,0.3779,0,
edge-gateway-9b2e1_297,2026-07-13T09:04:57+00:00,edge-gateway-9b2e1,edge-gateway,0,391.91,0.3827,0,
edge-gateway-9b2e1_298,2026-07-13T09:04:58+00:00,edge-gateway-9b2e1,edge-gateway,0,403.26,0.3938,0,
edge-gateway-9b2e1_299,2026-07-13T09:04:59+00:00,edge-gateway-9b2e1,edge-gateway,0,389.77,0.3806,0,
edge-gateway-9b2e1_300,2026-07-13T09:05:00+00:00,edge-gateway-9b2e1,edge-gateway,0,403.56,0.3941,0,
edge-gateway-9b2e1_301,2026-07-13T09:05:01+00:00,edge-gateway-9b2e1,edge-gateway,0,405.45,0.3959,0,
edge-gateway-9b2e1_302,2026-07-13T09:05:02+00:00,edge-gateway-9b2e1,edge-gateway,0,390.97,0.3818,0,
edge-gateway-9b2e1_303,2026-07-13T09:05:03+00:00,edge-gateway-9b2e1,edge-gateway,0,397.67,0.3883,0,
edge-gateway-9b2e1_304,2026-07-13T09:05:04+00:00,edge-gateway-9b2e1,edge-gateway,0,402.97,0.3935,0,
edge-gateway-9b2e1_305,2026-07-13T09:05:05+00:00,edge-gateway-9b2e1,edge-gateway,0,401.88,0.3925,0,
edge-gateway-9b2e1_306,2026-07-13T09:05:06+00:00,edge-gateway-9b2e1,edge-gateway,0,396.0,0.3867,0,
edge-gateway-9b2e1_307,2026-07-13T09:05:07+00:00,edge-gateway-9b2e1,edge-gateway,0,394.19,0.385,0,
edge-gateway-9b2e1_308,2026-07-13T09:05:08+00:00,edge-gateway-9b2e1,edge-gateway,0,389.39,0.3803,0,
edge-gateway-9b2e1_309,2026-07-13T09:05:09+00:00,edge-gateway-9b2e1,edge-gateway,0,393.87,0.3846,0,
edge-gateway-9b2e1_310,2026-07-13T09:05:10+00:00,edge-gateway-9b2e1,edge-gateway,0,394.15,0.3849,0,
edge-gateway-9b2e1_311,2026-07-13T09:05:11+00:00,edge-gateway-9b2e1,edge-gateway,0,402.85,0.3934,0,
edge-gateway-9b2e1_312,2026-07-13T09:05:12+00:00,edge-gateway-9b2e1,edge-gateway,0,389.78,0.3806,0,
edge-gateway-9b2e1_313,2026-07-13T09:05:13+00:00,edge-gateway-9b2e1,edge-gateway,0,379.3,0.3704,0,
edge-gateway-9b2e1_314,2026-07-13T09:05:14+00:00,edge-gateway-9b2e1,edge-gateway,0,387.83,0.3787,0,
edge-gateway-9b2e1_315,2026-07-13T09:05:15+00:00,edge-gateway-9b2e1,edge-gateway,0,409.96,0.4004,0,
edge-gateway-9b2e1_316,2026-07-13T09:05:16+00:00,edge-gateway-9b2e1,edge-gateway,0,392.19,0.383,0,
edge-gateway-9b2e1_317,2026-07-13T09:05:17+00:00,edge-gateway-9b2e1,edge-gateway,0,383.17,0.3742,0,
edge-gateway-9b2e1_318,2026-07-13T09:05:18+00:00,edge-gateway-9b2e1,edge-gateway,0,406.07,0.3966,0,
edge-gateway-9b2e1_319,2026-07-13T09:05:19+00:00,edge-gateway-9b2e1,edge-gateway,0,393.07,0.3839,0,
edge-gateway-9b2e1_320,2026-07-13T09:05:20+00:00,edge-gateway-9b2e1,edge-gateway,0,396.61,0.3873,0,
edge-gateway-9b2e1_321,2026-07-13T09:05:21+00:00,edge-gateway-9b2e1,edge-gateway,0,387.55,0.3785,0,
edge-gateway-9b2e1_322,2026-07-13T09:05:22+00:00,edge-gateway-9b2e1,edge-gateway,0,389.77,0.3806,0,
edge-gateway-9b2e1_323,2026-07-13T09:05:23+00:00,edge-gateway-9b2e1,edge-gateway,0,386.42,0.3774,0,
edge-gateway-9b2e1_324,2026-07-13T09:05:24+00:00,edge-gateway-9b2e1,edge-gateway,0,406.01,0.3965,0,
edge-gateway-9b2e1_325,2026-07-13T09:05:25+00:00,edge-gateway-9b2e1,edge-gateway,0,391.06,0.3819,0,
edge-gateway-9b2e1_326,2026-07-13T09:05:26+00:00,edge-gateway-9b2e1,edge-gateway,0,386.0,0.377,0,
edge-gateway-9b2e1_327,2026-07-13T09:05:27+00:00,edge-gateway-9b2e1,edge-gateway,0,381.12,0.3722,0,
edge-gateway-9b2e1_328,2026-07-13T09:05:28+00:00,edge-gateway-9b2e1,edge-gateway,0,396.0,0.3867,0,
edge-gateway-9b2e1_329,2026-07-13T09:05:29+00:00,edge-gateway-9b2e1,edge-gateway,0,383.64,0.3746,0,
edge-gateway-9b2e1_330,2026-07-13T09:05:30+00:00,edge-gateway-9b2e1,edge-gateway,0,393.55,0.3843,0,
edge-gateway-9b2e1_331,2026-07-13T09:05:31+00:00,edge-gateway-9b2e1,edge-gateway,0,382.09,0.3731,0,
edge-gateway-9b2e1_332,2026-07-13T09:05:32+00:00,edge-gateway-9b2e1,edge-gateway,0,381.81,0.3729,0,
edge-gateway-9b2e1_333,2026-07-13T09:05:33+00:00,edge-gateway-9b2e1,edge-gateway,0,397.83,0.3885,0,
edge-gateway-9b2e1_334,2026-07-13T09:05:34+00:00,edge-gateway-9b2e1,edge-gateway,0,393.39,0.3842,0,
edge-gateway-9b2e1_335,2026-07-13T09:05:35+00:00,edge-gateway-9b2e1,edge-gateway,0,379.17,0.3703,0,
edge-gateway-9b2e1_336,2026-07-13T09:05:36+00:00,edge-gateway-9b2e1,edge-gateway,0,387.02,0.3779,0,
edge-gateway-9b2e1_337,2026-07-13T09:05:37+00:00,edge-gateway-9b2e1,edge-gateway,0,378.99,0.3701,0,
edge-gateway-9b2e1_338,2026-07-13T09:05:38+00:00,edge-gateway-9b2e1,edge-gateway,0,387.06,0.378,0,
edge-gateway-9b2e1_339,2026-07-13T09:05:39+00:00,edge-gateway-9b2e1,edge-gateway,0,390.67,0.3815,0,
edge-gateway-9b2e1_340,2026-07-13T09:05:40+00:00,edge-gateway-9b2e1,edge-gateway,0,385.38,0.3763,0,
edge-gateway-9b2e1_341,2026-07-13T09:05:41+00:00,edge-gateway-9b2e1,edge-gateway,0,381.54,0.3726,0,
edge-gateway-9b2e1_342,2026-07-13T09:05:42+00:00,edge-gateway-9b2e1,edge-gateway,0,403.87,0.3944,0,
edge-gateway-9b2e1_343,2026-07-13T09:05:43+00:00,edge-gateway-9b2e1,edge-gateway,0,397.97,0.3886,0,
edge-gateway-9b2e1_344,2026-07-13T09:05:44+00:00,edge-gateway-9b2e1,edge-gateway,0,374.08,0.3653,0,
edge-gateway-9b2e1_345,2026-07-13T09:05:45+00:00,edge-gateway-9b2e1,edge-gateway,0,388.03,0.3789,0,
edge-gateway-9b2e1_346,2026-07-13T09:05:46+00:00,edge-gateway-9b2e1,edge-gateway,0,385.71,0.3767,0,
edge-gateway-9b2e1_347,2026-07-13T09:05:47+00:00,edge-gateway-9b2e1,edge-gateway,0,387.64,0.3786,0,
edge-gateway-9b2e1_348,2026-07-13T09:05:48+00:00,edge-gateway-9b2e1,edge-gateway,0,389.96,0.3808,0,
edge-gateway-9b2e1_349,2026-07-13T09:05:49+00:00,edge-gateway-9b2e1,edge-gateway,0,391.85,0.3827,0,
edge-gateway-9b2e1_350,2026-07-13T09:05:50+00:00,edge-gateway-9b2e1,edge-gateway,0,385.68,0.3766,0,
edge-gateway-9b2e1_351,2026-07-13T09:05:51+00:00,edge-gateway-9b2e1,edge-gateway,0,384.22,0.3752,0,
edge-gateway-9b2e1_352,2026-07-13T09:05:52+00:00,edge-gateway-9b2e1,edge-gateway,0,383.32,0.3743,0,
edge-gateway-9b2e1_353,2026-07-13T09:05:53+00:00,edge-gateway-9b2e1,edge-gateway,0,383.77,0.3748,0,
edge-gateway-9b2e1_354,2026-07-13T09:05:54+00:00,edge-gateway-9b2e1,edge-gateway,0,388.78,0.3797,0,
edge-gateway-9b2e1_355,2026-07-13T09:05:55+00:00,edge-gateway-9b2e1,edge-gateway,0,374.91,0.3661,0,
edge-gateway-9b2e1_356,2026-07-13T09:05:56+00:00,edge-gateway-9b2e1,edge-gateway,0,380.0,0.3711,0,
edge-gateway-9b2e1_357,2026-07-13T09:05:57+00:00,edge-gateway-9b2e1,edge-gateway,0,392.36,0.3832,0,
edge-gateway-9b2e1_358,2026-07-13T09:05:58+00:00,edge-gateway-9b2e1,edge-gateway,0,398.85,0.3895,0,
edge-gateway-9b2e1_359,2026-07-13T09:05:59+00:00,edge-gateway-9b2e1,edge-gateway,0,403.86,0.3944,0,
edge-gateway-9b2e1_360,2026-07-13T09:06:00+00:00,edge-gateway-9b2e1,edge-gateway,0,390.0,0.3809,0,
edge-gateway-9b2e1_361,2026-07-13T09:06:01+00:00,edge-gateway-9b2e1,edge-gateway,0,392.97,0.3838,0,
edge-gateway-9b2e1_362,2026-07-13T09:06:02+00:00,edge-gateway-9b2e1,edge-gateway,0,398.96,0.3896,0,
edge-gateway-9b2e1_363,2026-07-13T09:06:03+00:00,edge-gateway-9b2e1,edge-gateway,0,389.21,0.3801,0,
edge-gateway-9b2e1_364,2026-07-13T09:06:04+00:00,edge-gateway-9b2e1,edge-gateway,0,385.76,0.3767,0,
edge-gateway-9b2e1_365,2026-07-13T09:06:05+00:00,edge-gateway-9b2e1,edge-gateway,0,378.89,0.37,0,
edge-gateway-9b2e1_366,2026-07-13T09:06:06+00:00,edge-gateway-9b2e1,edge-gateway,0,390.35,0.3812,0,
edge-gateway-9b2e1_367,2026-07-13T09:06:07+00:00,edge-gateway-9b2e1,edge-gateway,0,399.45,0.3901,0,
edge-gateway-9b2e1_368,2026-07-13T09:06:08+00:00,edge-gateway-9b2e1,edge-gateway,0,398.4,0.3891,0,
edge-gateway-9b2e1_369,2026-07-13T09:06:09+00:00,edge-gateway-9b2e1,edge-gateway,0,391.37,0.3822,0,
edge-gateway-9b2e1_370,2026-07-13T09:06:10+00:00,edge-gateway-9b2e1,edge-gateway,0,391.21,0.382,0,
edge-gateway-9b2e1_371,2026-07-13T09:06:11+00:00,edge-gateway-9b2e1,edge-gateway,0,392.41,0.3832,0,
edge-gateway-9b2e1_372,2026-07-13T09:06:12+00:00,edge-gateway-9b2e1,edge-gateway,0,395.1,0.3858,0,
edge-gateway-9b2e1_373,2026-07-13T09:06:13+00:00,edge-gateway-9b2e1,edge-gateway,0,397.69,0.3884,0,
edge-gateway-9b2e1_374,2026-07-13T09:06:14+00:00,edge-gateway-9b2e1,edge-gateway,0,386.48,0.3774,0,
edge-gateway-9b2e1_375,2026-07-13T09:06:15+00:00,edge-gateway-9b2e1,edge-gateway,0,394.85,0.3856,0,
edge-gateway-9b2e1_376,2026-07-13T09:06:16+00:00,edge-gateway-9b2e1,edge-gateway,0,381.39,0.3725,0,
edge-gateway-9b2e1_377,2026-07-13T09:06:17+00:00,edge-gateway-9b2e1,edge-gateway,0,378.38,0.3695,0,
edge-gateway-9b2e1_378,2026-07-13T09:06:18+00:00,edge-gateway-9b2e1,edge-gateway,0,397.1,0.3878,0,
edge-gateway-9b2e1_379,2026-07-13T09:06:19+00:00,edge-gateway-9b2e1,edge-gateway,0,384.8,0.3758,0,
edge-gateway-9b2e1_380,2026-07-13T09:06:20+00:00,edge-gateway-9b2e1,edge-gateway,0,398.71,0.3894,0,
edge-gateway-9b2e1_381,2026-07-13T09:06:21+00:00,edge-gateway-9b2e1,edge-gateway,0,402.75,0.3933,0,
edge-gateway-9b2e1_382,2026-07-13T09:06:22+00:00,edge-gateway-9b2e1,edge-gateway,0,394.22,0.385,0,
edge-gateway-9b2e1_383,2026-07-13T09:06:23+00:00,edge-gateway-9b2e1,edge-gateway,0,392.64,0.3834,0,
edge-gateway-9b2e1_384,2026-07-13T09:06:24+00:00,edge-gateway-9b2e1,edge-gateway,0,387.48,0.3784,0,
edge-gateway-9b2e1_385,2026-07-13T09:06:25+00:00,edge-gateway-9b2e1,edge-gateway,0,390.02,0.3809,0,
edge-gateway-9b2e1_386,2026-07-13T09:06:26+00:00,edge-gateway-9b2e1,edge-gateway,0,388.79,0.3797,0,
edge-gateway-9b2e1_387,2026-07-13T09:06:27+00:00,edge-gateway-9b2e1,edge-gateway,0,393.06,0.3838,0,
edge-gateway-9b2e1_388,2026-07-13T09:06:28+00:00,edge-gateway-9b2e1,edge-gateway,0,380.73,0.3718,0,
edge-gateway-9b2e1_389,2026-07-13T09:06:29+00:00,edge-gateway-9b2e1,edge-gateway,0,371.95,0.3632,0,
edge-gateway-9b2e1_390,2026-07-13T09:06:30+00:00,edge-gateway-9b2e1,edge-gateway,0,398.21,0.3889,0,
edge-gateway-9b2e1_391,2026-07-13T09:06:31+00:00,edge-gateway-9b2e1,edge-gateway,0,393.98,0.3847,0,
edge-gateway-9b2e1_392,2026-07-13T09:06:32+00:00,edge-gateway-9b2e1,edge-gateway,0,386.22,0.3772,0,
edge-gateway-9b2e1_393,2026-07-13T09:06:33+00:00,edge-gateway-9b2e1,edge-gateway,0,395.18,0.3859,0,
edge-gateway-9b2e1_394,2026-07-13T09:06:34+00:00,edge-gateway-9b2e1,edge-gateway,0,391.31,0.3821,0,
edge-gateway-9b2e1_395,2026-07-13T09:06:35+00:00,edge-gateway-9b2e1,edge-gateway,0,385.94,0.3769,0,
edge-gateway-9b2e1_396,2026-07-13T09:06:36+00:00,edge-gateway-9b2e1,edge-gateway,0,382.58,0.3736,0,
edge-gateway-9b2e1_397,2026-07-13T09:06:37+00:00,edge-gateway-9b2e1,edge-gateway,0,391.52,0.3823,0,
edge-gateway-9b2e1_398,2026-07-13T09:06:38+00:00,edge-gateway-9b2e1,edge-gateway,0,388.82,0.3797,0,
edge-gateway-9b2e1_399,2026-07-13T09:06:39+00:00,edge-gateway-9b2e1,edge-gateway,0,380.72,0.3718,0,
edge-gateway-9b2e1_400,2026-07-13T09:06:40+00:00,edge-gateway-9b2e1,edge-gateway,0,391.56,0.3824,0,
edge-gateway-9b2e1_401,2026-07-13T09:06:41+00:00,edge-gateway-9b2e1,edge-gateway,0,389.45,0.3803,0,
edge-gateway-9b2e1_402,2026-07-13T09:06:42+00:00,edge-gateway-9b2e1,edge-gateway,0,385.22,0.3762,0,
edge-gateway-9b2e1_403,2026-07-13T09:06:43+00:00,edge-gateway-9b2e1,edge-gateway,0,388.07,0.379,0,
edge-gateway-9b2e1_404,2026-07-13T09:06:44+00:00,edge-gateway-9b2e1,edge-gateway,0,373.44,0.3647,0,
edge-gateway-9b2e1_405,2026-07-13T09:06:45+00:00,edge-gateway-9b2e1,edge-gateway,0,389.4,0.3803,0,
edge-gateway-9b2e1_406,2026-07-13T09:06:46+00:00,edge-gateway-9b2e1,edge-gateway,0,386.54,0.3775,0,
edge-gateway-9b2e1_407,2026-07-13T09:06:47+00:00,edge-gateway-9b2e1,edge-gateway,0,400.04,0.3907,0,
edge-gateway-9b2e1_408,2026-07-13T09:06:48+00:00,edge-gateway-9b2e1,edge-gateway,0,400.29,0.3909,0,
edge-gateway-9b2e1_409,2026-07-13T09:06:49+00:00,edge-gateway-9b2e1,edge-gateway,0,389.93,0.3808,0,
edge-gateway-9b2e1_410,2026-07-13T09:06:50+00:00,edge-gateway-9b2e1,edge-gateway,0,404.79,0.3953,0,
edge-gateway-9b2e1_411,2026-07-13T09:06:51+00:00,edge-gateway-9b2e1,edge-gateway,0,389.99,0.3808,0,
edge-gateway-9b2e1_412,2026-07-13T09:06:52+00:00,edge-gateway-9b2e1,edge-gateway,0,394.98,0.3857,0,
edge-gateway-9b2e1_413,2026-07-13T09:06:53+00:00,edge-gateway-9b2e1,edge-gateway,0,384.49,0.3755,0,
edge-gateway-9b2e1_414,2026-07-13T09:06:54+00:00,edge-gateway-9b2e1,edge-gateway,0,388.36,0.3793,0,
edge-gateway-9b2e1_415,2026-07-13T09:06:55+00:00,edge-gateway-9b2e1,edge-gateway,0,386.03,0.377,0,
edge-gateway-9b2e1_416,2026-07-13T09:06:56+00:00,edge-gateway-9b2e1,edge-gateway,0,388.09,0.379,0,
edge-gateway-9b2e1_417,2026-07-13T09:06:57+00:00,edge-gateway-9b2e1,edge-gateway,0,384.58,0.3756,0,
edge-gateway-9b2e1_418,2026-07-13T09:06:58+00:00,edge-gateway-9b2e1,edge-gateway,0,389.87,0.3807,0,
edge-gateway-9b2e1_419,2026-07-13T09:06:59+00:00,edge-gateway-9b2e1,edge-gateway,0,383.96,0.375,0,
edge-gateway-9b2e1_420,2026-07-13T09:07:00+00:00,edge-gateway-9b2e1,edge-gateway,0,396.12,0.3868,0,
edge-gateway-9b2e1_421,2026-07-13T09:07:01+00:00,edge-gateway-9b2e1,edge-gateway,0,374.63,0.3658,0,
edge-gateway-9b2e1_422,2026-07-13T09:07:02+00:00,edge-gateway-9b2e1,edge-gateway,0,365.9,0.3573,0,
edge-gateway-9b2e1_423,2026-07-13T09:07:03+00:00,edge-gateway-9b2e1,edge-gateway,0,395.99,0.3867,0,
edge-gateway-9b2e1_424,2026-07-13T09:07:04+00:00,edge-gateway-9b2e1,edge-gateway,0,401.34,0.3919,0,
edge-gateway-9b2e1_425,2026-07-13T09:07:05+00:00,edge-gateway-9b2e1,edge-gateway,0,384.69,0.3757,0,
edge-gateway-9b2e1_426,2026-07-13T09:07:06+00:00,edge-gateway-9b2e1,edge-gateway,0,385.92,0.3769,0,
edge-gateway-9b2e1_427,2026-07-13T09:07:07+00:00,edge-gateway-9b2e1,edge-gateway,0,382.96,0.374,0,
edge-gateway-9b2e1_428,2026-07-13T09:07:08+00:00,edge-gateway-9b2e1,edge-gateway,0,401.07,0.3917,0,
edge-gateway-9b2e1_429,2026-07-13T09:07:09+00:00,edge-gateway-9b2e1,edge-gateway,0,395.06,0.3858,0,
edge-gateway-9b2e1_430,2026-07-13T09:07:10+00:00,edge-gateway-9b2e1,edge-gateway,0,409.26,0.3997,0,
edge-gateway-9b2e1_431,2026-07-13T09:07:11+00:00,edge-gateway-9b2e1,edge-gateway,0,391.0,0.3818,0,
edge-gateway-9b2e1_432,2026-07-13T09:07:12+00:00,edge-gateway-9b2e1,edge-gateway,0,393.75,0.3845,0,
edge-gateway-9b2e1_433,2026-07-13T09:07:13+00:00,edge-gateway-9b2e1,edge-gateway,0,384.04,0.375,0,
edge-gateway-9b2e1_434,2026-07-13T09:07:14+00:00,edge-gateway-9b2e1,edge-gateway,0,396.78,0.3875,0,
edge-gateway-9b2e1_435,2026-07-13T09:07:15+00:00,edge-gateway-9b2e1,edge-gateway,0,399.03,0.3897,0,
edge-gateway-9b2e1_436,2026-07-13T09:07:16+00:00,edge-gateway-9b2e1,edge-gateway,0,382.66,0.3737,0,
edge-gateway-9b2e1_437,2026-07-13T09:07:17+00:00,edge-gateway-9b2e1,edge-gateway,0,382.6,0.3736,0,
edge-gateway-9b2e1_438,2026-07-13T09:07:18+00:00,edge-gateway-9b2e1,edge-gateway,0,380.17,0.3713,0,
edge-gateway-9b2e1_439,2026-07-13T09:07:19+00:00,edge-gateway-9b2e1,edge-gateway,0,395.66,0.3864,0,
edge-gateway-9b2e1_440,2026-07-13T09:07:20+00:00,edge-gateway-9b2e1,edge-gateway,0,401.03,0.3916,0,
edge-gateway-9b2e1_441,2026-07-13T09:07:21+00:00,edge-gateway-9b2e1,edge-gateway,0,401.5,0.3921,0,
edge-gateway-9b2e1_442,2026-07-13T09:07:22+00:00,edge-gateway-9b2e1,edge-gateway,0,389.4,0.3803,0,
edge-gateway-9b2e1_443,2026-07-13T09:07:23+00:00,edge-gateway-9b2e1,edge-gateway,0,392.66,0.3835,0,
edge-gateway-9b2e1_444,2026-07-13T09:07:24+00:00,edge-gateway-9b2e1,edge-gateway,0,408.0,0.3984,0,
edge-gateway-9b2e1_445,2026-07-13T09:07:25+00:00,edge-gateway-9b2e1,edge-gateway,0,386.44,0.3774,0,
edge-gateway-9b2e1_446,2026-07-13T09:07:26+00:00,edge-gateway-9b2e1,edge-gateway,0,384.19,0.3752,0,
edge-gateway-9b2e1_447,2026-07-13T09:07:27+00:00,edge-gateway-9b2e1,edge-gateway,0,389.73,0.3806,0,
edge-gateway-9b2e1_448,2026-07-13T09:07:28+00:00,edge-gateway-9b2e1,edge-gateway,0,401.35,0.3919,0,
edge-gateway-9b2e1_449,2026-07-13T09:07:29+00:00,edge-gateway-9b2e1,edge-gateway,0,390.6,0.3814,0,
edge-gateway-9b2e1_450,2026-07-13T09:07:30+00:00,edge-gateway-9b2e1,edge-gateway,0,393.66,0.3844,0,
edge-gateway-9b2e1_451,2026-07-13T09:07:31+00:00,edge-gateway-9b2e1,edge-gateway,0,384.53,0.3755,0,
edge-gateway-9b2e1_452,2026-07-13T09:07:32+00:00,edge-gateway-9b2e1,edge-gateway,0,392.65,0.3834,0,
edge-gateway-9b2e1_453,2026-07-13T09:07:33+00:00,edge-gateway-9b2e1,edge-gateway,0,382.64,0.3737,0,
edge-gateway-9b2e1_454,2026-07-13T09:07:34+00:00,edge-gateway-9b2e1,edge-gateway,0,378.72,0.3698,0,
edge-gateway-9b2e1_455,2026-07-13T09:07:35+00:00,edge-gateway-9b2e1,edge-gateway,0,401.66,0.3922,0,
edge-gateway-9b2e1_456,2026-07-13T09:07:36+00:00,edge-gateway-9b2e1,edge-gateway,0,404.61,0.3951,0,
edge-gateway-9b2e1_457,2026-07-13T09:07:37+00:00,edge-gateway-9b2e1,edge-gateway,0,382.04,0.3731,0,
edge-gateway-9b2e1_458,2026-07-13T09:07:38+00:00,edge-gateway-9b2e1,edge-gateway,0,381.51,0.3726,0,
edge-gateway-9b2e1_459,2026-07-13T09:07:39+00:00,edge-gateway-9b2e1,edge-gateway,0,390.41,0.3813,0,
edge-gateway-9b2e1_460,2026-07-13T09:07:40+00:00,edge-gateway-9b2e1,edge-gateway,0,377.55,0.3687,0,
edge-gateway-9b2e1_461,2026-07-13T09:07:41+00:00,edge-gateway-9b2e1,edge-gateway,0,386.71,0.3776,0,
edge-gateway-9b2e1_462,2026-07-13T09:07:42+00:00,edge-gateway-9b2e1,edge-gateway,0,377.07,0.3682,0,
edge-gateway-9b2e1_463,2026-07-13T09:07:43+00:00,edge-gateway-9b2e1,edge-gateway,0,399.39,0.39,0,
edge-gateway-9b2e1_464,2026-07-13T09:07:44+00:00,edge-gateway-9b2e1,edge-gateway,0,387.04,0.378,0,
edge-gateway-9b2e1_465,2026-07-13T09:07:45+00:00,edge-gateway-9b2e1,edge-gateway,0,382.67,0.3737,0,
edge-gateway-9b2e1_466,2026-07-13T09:07:46+00:00,edge-gateway-9b2e1,edge-gateway,0,393.39,0.3842,0,
edge-gateway-9b2e1_467,2026-07-13T09:07:47+00:00,edge-gateway-9b2e1,edge-gateway,0,404.22,0.3947,0,
edge-gateway-9b2e1_468,2026-07-13T09:07:48+00:00,edge-gateway-9b2e1,edge-gateway,0,387.82,0.3787,0,
edge-gateway-9b2e1_469,2026-07-13T09:07:49+00:00,edge-gateway-9b2e1,edge-gateway,0,398.9,0.3896,0,
edge-gateway-9b2e1_470,2026-07-13T09:07:50+00:00,edge-gateway-9b2e1,edge-gateway,0,396.02,0.3867,0,
edge-gateway-9b2e1_471,2026-07-13T09:07:51+00:00,edge-gateway-9b2e1,edge-gateway,0,385.52,0.3765,0,
edge-gateway-9b2e1_472,2026-07-13T09:07:52+00:00,edge-gateway-9b2e1,edge-gateway,0,398.2,0.3889,0,
edge-gateway-9b2e1_473,2026-07-13T09:07:53+00:00,edge-gateway-9b2e1,edge-gateway,0,379.64,0.3707,0,
edge-gateway-9b2e1_474,2026-07-13T09:07:54+00:00,edge-gateway-9b2e1,edge-gateway,0,382.57,0.3736,0,
edge-gateway-9b2e1_475,2026-07-13T09:07:55+00:00,edge-gateway-9b2e1,edge-gateway,0,393.17,0.384,0,
edge-gateway-9b2e1_476,2026-07-13T09:07:56+00:00,edge-gateway-9b2e1,edge-gateway,0,389.28,0.3802,0,
edge-gateway-9b2e1_477,2026-07-13T09:07:57+00:00,edge-gateway-9b2e1,edge-gateway,0,389.86,0.3807,0,
edge-gateway-9b2e1_478,2026-07-13T09:07:58+00:00,edge-gateway-9b2e1,edge-gateway,0,396.18,0.3869,0,
edge-gateway-9b2e1_479,2026-07-13T09:07:59+00:00,edge-gateway-9b2e1,edge-gateway,0,387.68,0.3786,0,
edge-gateway-9b2e1_480,2026-07-13T09:08:00+00:00,edge-gateway-9b2e1,edge-gateway,0,384.18,0.3752,0,
edge-gateway-9b2e1_481,2026-07-13T09:08:01+00:00,edge-gateway-9b2e1,edge-gateway,0,381.8,0.3729,0,
edge-gateway-9b2e1_482,2026-07-13T09:08:02+00:00,edge-gateway-9b2e1,edge-gateway,0,380.2,0.3713,0,
edge-gateway-9b2e1_483,2026-07-13T09:08:03+00:00,edge-gateway-9b2e1,edge-gateway,0,385.66,0.3766,0,
edge-gateway-9b2e1_484,2026-07-13T09:08:04+00:00,edge-gateway-9b2e1,edge-gateway,0,394.46,0.3852,0,
edge-gateway-9b2e1_485,2026-07-13T09:08:05+00:00,edge-gateway-9b2e1,edge-gateway,0,383.76,0.3748,0,
edge-gateway-9b2e1_486,2026-07-13T09:08:06+00:00,edge-gateway-9b2e1,edge-gateway,0,384.13,0.3751,0,
edge-gateway-9b2e1_487,2026-07-13T09:08:07+00:00,edge-gateway-9b2e1,edge-gateway,0,386.94,0.3779,0,
edge-gateway-9b2e1_488,2026-07-13T09:08:08+00:00,edge-gateway-9b2e1,edge-gateway,0,385.49,0.3765,0,
edge-gateway-9b2e1_489,2026-07-13T09:08:09+00:00,edge-gateway-9b2e1,edge-gateway,0,380.24,0.3713,0,
edge-gateway-9b2e1_490,2026-07-13T09:08:10+00:00,edge-gateway-9b2e1,edge-gateway,0,388.98,0.3799,0,
edge-gateway-9b2e1_491,2026-07-13T09:08:11+00:00,edge-gateway-9b2e1,edge-gateway,0,393.46,0.3842,0,
edge-gateway-9b2e1_492,2026-07-13T09:08:12+00:00,edge-gateway-9b2e1,edge-gateway,0,392.03,0.3828,0,
edge-gateway-9b2e1_493,2026-07-13T09:08:13+00:00,edge-gateway-9b2e1,edge-gateway,0,385.08,0.3761,0,
edge-gateway-9b2e1_494,2026-07-13T09:08:14+00:00,edge-gateway-9b2e1,edge-gateway,0,398.5,0.3892,0,
edge-gateway-9b2e1_495,2026-07-13T09:08:15+00:00,edge-gateway-9b2e1,edge-gateway,0,408.65,0.3991,0,
edge-gateway-9b2e1_496,2026-07-13T09:08:16+00:00,edge-gateway-9b2e1,edge-gateway,0,391.28,0.3821,0,
edge-gateway-9b2e1_497,2026-07-13T09:08:17+00:00,edge-gateway-9b2e1,edge-gateway,0,389.3,0.3802,0,
edge-gateway-9b2e1_498,2026-07-13T09:08:18+00:00,edge-gateway-9b2e1,edge-gateway,0,385.58,0.3765,0,
edge-gateway-9b2e1_499,2026-07-13T09:08:19+00:00,edge-gateway-9b2e1,edge-gateway,0,394.86,0.3856,0,
edge-gateway-9b2e1_500,2026-07-13T09:08:20+00:00,edge-gateway-9b2e1,edge-gateway,0,389.89,0.3808,0,
edge-gateway-9b2e1_501,2026-07-13T09:08:21+00:00,edge-gateway-9b2e1,edge-gateway,0,389.04,0.3799,0,
edge-gateway-9b2e1_502,2026-07-13T09:08:22+00:00,edge-gateway-9b2e1,edge-gateway,0,370.51,0.3618,0,
edge-gateway-9b2e1_503,2026-07-13T09:08:23+00:00,edge-gateway-9b2e1,edge-gateway,0,378.91,0.37,0,
edge-gateway-9b2e1_504,2026-07-13T09:08:24+00:00,edge-gateway-9b2e1,edge-gateway,0,404.71,0.3952,0,
edge-gateway-9b2e1_505,2026-07-13T09:08:25+00:00,edge-gateway-9b2e1,edge-gateway,0,393.74,0.3845,0,
edge-gateway-9b2e1_506,2026-07-13T09:08:26+00:00,edge-gateway-9b2e1,edge-gateway,0,372.99,0.3642,0,
edge-gateway-9b2e1_507,2026-07-13T09:08:27+00:00,edge-gateway-9b2e1,edge-gateway,0,390.83,0.3817,0,
edge-gateway-9b2e1_508,2026-07-13T09:08:28+00:00,edge-gateway-9b2e1,edge-gateway,0,387.24,0.3782,0,
edge-gateway-9b2e1_509,2026-07-13T09:08:29+00:00,edge-gateway-9b2e1,edge-gateway,0,389.44,0.3803,0,
edge-gateway-9b2e1_510,2026-07-13T09:08:30+00:00,edge-gateway-9b2e1,edge-gateway,0,382.52,0.3736,0,
edge-gateway-9b2e1_511,2026-07-13T09:08:31+00:00,edge-gateway-9b2e1,edge-gateway,0,389.31,0.3802,0,
edge-gateway-9b2e1_512,2026-07-13T09:08:32+00:00,edge-gateway-9b2e1,edge-gateway,0,390.01,0.3809,0,
edge-gateway-9b2e1_513,2026-07-13T09:08:33+00:00,edge-gateway-9b2e1,edge-gateway,0,404.99,0.3955,0,
edge-gateway-9b2e1_514,2026-07-13T09:08:34+00:00,edge-gateway-9b2e1,edge-gateway,0,385.06,0.376,0,
edge-gateway-9b2e1_515,2026-07-13T09:08:35+00:00,edge-gateway-9b2e1,edge-gateway,0,381.41,0.3725,0,
edge-gateway-9b2e1_516,2026-07-13T09:08:36+00:00,edge-gateway-9b2e1,edge-gateway,0,391.26,0.3821,0,
edge-gateway-9b2e1_517,2026-07-13T09:08:37+00:00,edge-gateway-9b2e1,edge-gateway,0,384.49,0.3755,0,
edge-gateway-9b2e1_518,2026-07-13T09:08:38+00:00,edge-gateway-9b2e1,edge-gateway,0,377.07,0.3682,0,
edge-gateway-9b2e1_519,2026-07-13T09:08:39+00:00,edge-gateway-9b2e1,edge-gateway,0,391.82,0.3826,0,
edge-gateway-9b2e1_520,2026-07-13T09:08:40+00:00,edge-gateway-9b2e1,edge-gateway,0,395.83,0.3866,0,
edge-gateway-9b2e1_521,2026-07-13T09:08:41+00:00,edge-gateway-9b2e1,edge-gateway,0,392.42,0.3832,0,
edge-gateway-9b2e1_522,2026-07-13T09:08:42+00:00,edge-gateway-9b2e1,edge-gateway,0,389.0,0.3799,0,
edge-gateway-9b2e1_523,2026-07-13T09:08:43+00:00,edge-gateway-9b2e1,edge-gateway,0,385.32,0.3763,0,
edge-gateway-9b2e1_524,2026-07-13T09:08:44+00:00,edge-gateway-9b2e1,edge-gateway,0,406.48,0.397,0,
edge-gateway-9b2e1_525,2026-07-13T09:08:45+00:00,edge-gateway-9b2e1,edge-gateway,0,399.95,0.3906,0,
edge-gateway-9b2e1_526,2026-07-13T09:08:46+00:00,edge-gateway-9b2e1,edge-gateway,0,389.34,0.3802,0,
edge-gateway-9b2e1_527,2026-07-13T09:08:47+00:00,edge-gateway-9b2e1,edge-gateway,0,391.09,0.3819,0,
edge-gateway-9b2e1_528,2026-07-13T09:08:48+00:00,edge-gateway-9b2e1,edge-gateway,0,394.51,0.3853,0,
edge-gateway-9b2e1_529,2026-07-13T09:08:49+00:00,edge-gateway-9b2e1,edge-gateway,0,380.9,0.372,0,
edge-gateway-9b2e1_530,2026-07-13T09:08:50+00:00,edge-gateway-9b2e1,edge-gateway,0,382.68,0.3737,0,
edge-gateway-9b2e1_531,2026-07-13T09:08:51+00:00,edge-gateway-9b2e1,edge-gateway,0,390.76,0.3816,0,
edge-gateway-9b2e1_532,2026-07-13T09:08:52+00:00,edge-gateway-9b2e1,edge-gateway,0,392.57,0.3834,0,
edge-gateway-9b2e1_533,2026-07-13T09:08:53+00:00,edge-gateway-9b2e1,edge-gateway,0,387.6,0.3785,0,
edge-gateway-9b2e1_534,2026-07-13T09:08:54+00:00,edge-gateway-9b2e1,edge-gateway,0,374.31,0.3655,0,
edge-gateway-9b2e1_535,2026-07-13T09:08:55+00:00,edge-gateway-9b2e1,edge-gateway,0,390.99,0.3818,0,
edge-gateway-9b2e1_536,2026-07-13T09:08:56+00:00,edge-gateway-9b2e1,edge-gateway,0,392.69,0.3835,0,
edge-gateway-9b2e1_537,2026-07-13T09:08:57+00:00,edge-gateway-9b2e1,edge-gateway,0,388.55,0.3794,0,
edge-gateway-9b2e1_538,2026-07-13T09:08:58+00:00,edge-gateway-9b2e1,edge-gateway,0,391.35,0.3822,0,
edge-gateway-9b2e1_539,2026-07-13T09:08:59+00:00,edge-gateway-9b2e1,edge-gateway,0,397.23,0.3879,0,
edge-gateway-9b2e1_540,2026-07-13T09:09:00+00:00,edge-gateway-9b2e1,edge-gateway,0,384.83,0.3758,0,
edge-gateway-9b2e1_541,2026-07-13T09:09:01+00:00,edge-gateway-9b2e1,edge-gateway,0,387.02,0.3779,0,
edge-gateway-9b2e1_542,2026-07-13T09:09:02+00:00,edge-gateway-9b2e1,edge-gateway,0,382.71,0.3737,0,
edge-gateway-9b2e1_543,2026-07-13T09:09:03+00:00,edge-gateway-9b2e1,edge-gateway,0,381.92,0.373,0,
edge-gateway-9b2e1_544,2026-07-13T09:09:04+00:00,edge-gateway-9b2e1,edge-gateway,0,408.27,0.3987,0,
edge-gateway-9b2e1_545,2026-07-13T09:09:05+00:00,edge-gateway-9b2e1,edge-gateway,0,398.6,0.3893,0,
edge-gateway-9b2e1_546,2026-07-13T09:09:06+00:00,edge-gateway-9b2e1,edge-gateway,0,378.94,0.3701,0,
edge-gateway-9b2e1_547,2026-07-13T09:09:07+00:00,edge-gateway-9b2e1,edge-gateway,0,392.26,0.3831,0,
edge-gateway-9b2e1_548,2026-07-13T09:09:08+00:00,edge-gateway-9b2e1,edge-gateway,0,380.32,0.3714,0,
edge-gateway-9b2e1_549,2026-07-13T09:09:09+00:00,edge-gateway-9b2e1,edge-gateway,0,389.93,0.3808,0,
edge-gateway-9b2e1_550,2026-07-13T09:09:10+00:00,edge-gateway-9b2e1,edge-gateway,0,403.6,0.3941,0,
edge-gateway-9b2e1_551,2026-07-13T09:09:11+00:00,edge-gateway-9b2e1,edge-gateway,0,384.48,0.3755,0,
edge-gateway-9b2e1_552,2026-07-13T09:09:12+00:00,edge-gateway-9b2e1,edge-gateway,0,413.47,0.4038,0,
edge-gateway-9b2e1_553,2026-07-13T09:09:13+00:00,edge-gateway-9b2e1,edge-gateway,0,400.33,0.3909,0,
edge-gateway-9b2e1_554,2026-07-13T09:09:14+00:00,edge-gateway-9b2e1,edge-gateway,0,390.43,0.3813,0,
edge-gateway-9b2e1_555,2026-07-13T09:09:15+00:00,edge-gateway-9b2e1,edge-gateway,0,399.05,0.3897,0,
edge-gateway-9b2e1_556,2026-07-13T09:09:16+00:00,edge-gateway-9b2e1,edge-gateway,0,380.73,0.3718,0,
edge-gateway-9b2e1_557,2026-07-13T09:09:17+00:00,edge-gateway-9b2e1,edge-gateway,0,394.99,0.3857,0,
edge-gateway-9b2e1_558,2026-07-13T09:09:18+00:00,edge-gateway-9b2e1,edge-gateway,0,385.95,0.3769,0,
edge-gateway-9b2e1_559,2026-07-13T09:09:19+00:00,edge-gateway-9b2e1,edge-gateway,0,388.22,0.3791,0,
edge-gateway-9b2e1_560,2026-07-13T09:09:20+00:00,edge-gateway-9b2e1,edge-gateway,0,393.16,0.3839,0,
edge-gateway-9b2e1_561,2026-07-13T09:09:21+00:00,edge-gateway-9b2e1,edge-gateway,0,393.06,0.3838,0,
edge-gateway-9b2e1_562,2026-07-13T09:09:22+00:00,edge-gateway-9b2e1,edge-gateway,0,389.84,0.3807,0,
edge-gateway-9b2e1_563,2026-07-13T09:09:23+00:00,edge-gateway-9b2e1,edge-gateway,0,398.31,0.389,0,
edge-gateway-9b2e1_564,2026-07-13T09:09:24+00:00,edge-gateway-9b2e1,edge-gateway,0,381.79,0.3728,0,
edge-gateway-9b2e1_565,2026-07-13T09:09:25+00:00,edge-gateway-9b2e1,edge-gateway,0,393.88,0.3846,0,
edge-gateway-9b2e1_566,2026-07-13T09:09:26+00:00,edge-gateway-9b2e1,edge-gateway,0,381.73,0.3728,0,
edge-gateway-9b2e1_567,2026-07-13T09:09:27+00:00,edge-gateway-9b2e1,edge-gateway,0,399.33,0.39,0,
edge-gateway-9b2e1_568,2026-07-13T09:09:28+00:00,edge-gateway-9b2e1,edge-gateway,0,385.76,0.3767,0,
edge-gateway-9b2e1_569,2026-07-13T09:09:29+00:00,edge-gateway-9b2e1,edge-gateway,0,376.7,0.3679,0,
edge-gateway-9b2e1_570,2026-07-13T09:09:30+00:00,edge-gateway-9b2e1,edge-gateway,0,400.74,0.3913,0,
edge-gateway-9b2e1_571,2026-07-13T09:09:31+00:00,edge-gateway-9b2e1,edge-gateway,0,378.66,0.3698,0,
edge-gateway-9b2e1_572,2026-07-13T09:09:32+00:00,edge-gateway-9b2e1,edge-gateway,0,384.92,0.3759,0,
edge-gateway-9b2e1_573,2026-07-13T09:09:33+00:00,edge-gateway-9b2e1,edge-gateway,0,405.96,0.3964,0,
edge-gateway-9b2e1_574,2026-07-13T09:09:34+00:00,edge-gateway-9b2e1,edge-gateway,0,391.4,0.3822,0,
edge-gateway-9b2e1_575,2026-07-13T09:09:35+00:00,edge-gateway-9b2e1,edge-gateway,0,391.33,0.3822,0,
edge-gateway-9b2e1_576,2026-07-13T09:09:36+00:00,edge-gateway-9b2e1,edge-gateway,0,387.68,0.3786,0,
edge-gateway-9b2e1_577,2026-07-13T09:09:37+00:00,edge-gateway-9b2e1,edge-gateway,0,386.47,0.3774,0,
edge-gateway-9b2e1_578,2026-07-13T09:09:38+00:00,edge-gateway-9b2e1,edge-gateway,0,396.66,0.3874,0,
edge-gateway-9b2e1_579,2026-07-13T09:09:39+00:00,edge-gateway-9b2e1,edge-gateway,0,390.65,0.3815,0,
edge-gateway-9b2e1_580,2026-07-13T09:09:40+00:00,edge-gateway-9b2e1,edge-gateway,0,376.32,0.3675,0,
edge-gateway-9b2e1_581,2026-07-13T09:09:41+00:00,edge-gateway-9b2e1,edge-gateway,0,390.72,0.3816,0,
edge-gateway-9b2e1_582,2026-07-13T09:09:42+00:00,edge-gateway-9b2e1,edge-gateway,0,395.14,0.3859,0,
edge-gateway-9b2e1_583,2026-07-13T09:09:43+00:00,edge-gateway-9b2e1,edge-gateway,0,384.77,0.3758,0,
edge-gateway-9b2e1_584,2026-07-13T09:09:44+00:00,edge-gateway-9b2e1,edge-gateway,0,374.19,0.3654,0,
edge-gateway-9b2e1_585,2026-07-13T09:09:45+00:00,edge-gateway-9b2e1,edge-gateway,0,390.29,0.3811,0,
edge-gateway-9b2e1_586,2026-07-13T09:09:46+00:00,edge-gateway-9b2e1,edge-gateway,0,393.09,0.3839,0,
edge-gateway-9b2e1_587,2026-07-13T09:09:47+00:00,edge-gateway-9b2e1,edge-gateway,0,387.75,0.3787,0,
edge-gateway-9b2e1_588,2026-07-13T09:09:48+00:00,edge-gateway-9b2e1,edge-gateway,0,395.25,0.386,0,
edge-gateway-9b2e1_589,2026-07-13T09:09:49+00:00,edge-gateway-9b2e1,edge-gateway,0,394.49,0.3852,0,
edge-gateway-9b2e1_590,2026-07-13T09:09:50+00:00,edge-gateway-9b2e1,edge-gateway,0,395.86,0.3866,0,
edge-gateway-9b2e1_591,2026-07-13T09:09:51+00:00,edge-gateway-9b2e1,edge-gateway,0,393.15,0.3839,0,
edge-gateway-9b2e1_592,2026-07-13T09:09:52+00:00,edge-gateway-9b2e1,edge-gateway,0,389.1,0.38,0,
edge-gateway-9b2e1_593,2026-07-13T09:09:53+00:00,edge-gateway-9b2e1,edge-gateway,0,383.71,0.3747,0,
edge-gateway-9b2e1_594,2026-07-13T09:09:54+00:00,edge-gateway-9b2e1,edge-gateway,0,376.93,0.3681,0,
edge-gateway-9b2e1_595,2026-07-13T09:09:55+00:00,edge-gateway-9b2e1,edge-gateway,0,389.22,0.3801,0,
edge-gateway-9b2e1_596,2026-07-13T09:09:56+00:00,edge-gateway-9b2e1,edge-gateway,0,390.28,0.3811,0,
edge-gateway-9b2e1_597,2026-07-13T09:09:57+00:00,edge-gateway-9b2e1,edge-gateway,0,401.64,0.3922,0,
edge-gateway-9b2e1_598,2026-07-13T09:09:58+00:00,edge-gateway-9b2e1,edge-gateway,0,389.3,0.3802,0,
edge-gateway-9b2e1_599,2026-07-13T09:09:59+00:00,edge-gateway-9b2e1,edge-gateway,0,399.94,0.3906,0,
edge-gateway-9b2e1_600,2026-07-13T09:10:00+00:00,edge-gateway-9b2e1,edge-gateway,0,388.83,0.3797,0,
edge-gateway-9b2e1_601,2026-07-13T09:10:01+00:00,edge-gateway-9b2e1,edge-gateway,0,392.43,0.3832,0,
edge-gateway-9b2e1_602,2026-07-13T09:10:02+00:00,edge-gateway-9b2e1,edge-gateway,0,381.01,0.3721,0,
edge-gateway-9b2e1_603,2026-07-13T09:10:03+00:00,edge-gateway-9b2e1,edge-gateway,0,385.09,0.3761,0,
edge-gateway-9b2e1_604,2026-07-13T09:10:04+00:00,edge-gateway-9b2e1,edge-gateway,0,378.59,0.3697,0,
edge-gateway-9b2e1_605,2026-07-13T09:10:05+00:00,edge-gateway-9b2e1,edge-gateway,0,391.4,0.3822,0,
edge-gateway-9b2e1_606,2026-07-13T09:10:06+00:00,edge-gateway-9b2e1,edge-gateway,0,387.77,0.3787,0,
edge-gateway-9b2e1_607,2026-07-13T09:10:07+00:00,edge-gateway-9b2e1,edge-gateway,0,397.01,0.3877,0,
edge-gateway-9b2e1_608,2026-07-13T09:10:08+00:00,edge-gateway-9b2e1,edge-gateway,0,398.21,0.3889,0,
edge-gateway-9b2e1_609,2026-07-13T09:10:09+00:00,edge-gateway-9b2e1,edge-gateway,0,392.59,0.3834,0,
edge-gateway-9b2e1_610,2026-07-13T09:10:10+00:00,edge-gateway-9b2e1,edge-gateway,0,383.15,0.3742,0,
edge-gateway-9b2e1_611,2026-07-13T09:10:11+00:00,edge-gateway-9b2e1,edge-gateway,0,399.78,0.3904,0,
edge-gateway-9b2e1_612,2026-07-13T09:10:12+00:00,edge-gateway-9b2e1,edge-gateway,0,383.58,0.3746,0,
edge-gateway-9b2e1_613,2026-07-13T09:10:13+00:00,edge-gateway-9b2e1,edge-gateway,0,383.76,0.3748,0,
edge-gateway-9b2e1_614,2026-07-13T09:10:14+00:00,edge-gateway-9b2e1,edge-gateway,0,385.23,0.3762,0,
edge-gateway-9b2e1_615,2026-07-13T09:10:15+00:00,edge-gateway-9b2e1,edge-gateway,0,398.55,0.3892,0,
edge-gateway-9b2e1_616,2026-07-13T09:10:16+00:00,edge-gateway-9b2e1,edge-gateway,0,384.83,0.3758,0,
edge-gateway-9b2e1_617,2026-07-13T09:10:17+00:00,edge-gateway-9b2e1,edge-gateway,0,374.28,0.3655,0,
edge-gateway-9b2e1_618,2026-07-13T09:10:18+00:00,edge-gateway-9b2e1,edge-gateway,0,388.38,0.3793,0,
edge-gateway-9b2e1_619,2026-07-13T09:10:19+00:00,edge-gateway-9b2e1,edge-gateway,0,408.75,0.3992,0,
edge-gateway-9b2e1_620,2026-07-13T09:10:20+00:00,edge-gateway-9b2e1,edge-gateway,0,391.07,0.3819,0,
edge-gateway-9b2e1_621,2026-07-13T09:10:21+00:00,edge-gateway-9b2e1,edge-gateway,0,407.91,0.3983,0,
edge-gateway-9b2e1_622,2026-07-13T09:10:22+00:00,edge-gateway-9b2e1,edge-gateway,0,391.63,0.3825,0,
edge-gateway-9b2e1_623,2026-07-13T09:10:23+00:00,edge-gateway-9b2e1,edge-gateway,0,386.8,0.3777,0,
edge-gateway-9b2e1_624,2026-07-13T09:10:24+00:00,edge-gateway-9b2e1,edge-gateway,0,399.69,0.3903,0,
edge-gateway-9b2e1_625,2026-07-13T09:10:25+00:00,edge-gateway-9b2e1,edge-gateway,0,397.01,0.3877,0,
edge-gateway-9b2e1_626,2026-07-13T09:10:26+00:00,edge-gateway-9b2e1,edge-gateway,0,395.3,0.386,0,
edge-gateway-9b2e1_627,2026-07-13T09:10:27+00:00,edge-gateway-9b2e1,edge-gateway,0,387.18,0.3781,0,
edge-gateway-9b2e1_628,2026-07-13T09:10:28+00:00,edge-gateway-9b2e1,edge-gateway,0,401.31,0.3919,0,
edge-gateway-9b2e1_629,2026-07-13T09:10:29+00:00,edge-gateway-9b2e1,edge-gateway,0,379.96,0.3711,0,
edge-gateway-9b2e1_630,2026-07-13T09:10:30+00:00,edge-gateway-9b2e1,edge-gateway,0,397.33,0.388,0,
edge-gateway-9b2e1_631,2026-07-13T09:10:31+00:00,edge-gateway-9b2e1,edge-gateway,0,392.92,0.3837,0,
edge-gateway-9b2e1_632,2026-07-13T09:10:32+00:00,edge-gateway-9b2e1,edge-gateway,0,391.75,0.3826,0,
edge-gateway-9b2e1_633,2026-07-13T09:10:33+00:00,edge-gateway-9b2e1,edge-gateway,0,396.45,0.3872,0,
edge-gateway-9b2e1_634,2026-07-13T09:10:34+00:00,edge-gateway-9b2e1,edge-gateway,0,385.87,0.3768,0,
edge-gateway-9b2e1_635,2026-07-13T09:10:35+00:00,edge-gateway-9b2e1,edge-gateway,0,397.24,0.3879,0,
edge-gateway-9b2e1_636,2026-07-13T09:10:36+00:00,edge-gateway-9b2e1,edge-gateway,0,402.76,0.3933,0,
edge-gateway-9b2e1_637,2026-07-13T09:10:37+00:00,edge-gateway-9b2e1,edge-gateway,0,392.83,0.3836,0,
edge-gateway-9b2e1_638,2026-07-13T09:10:38+00:00,edge-gateway-9b2e1,edge-gateway,0,381.74,0.3728,0,
edge-gateway-9b2e1_639,2026-07-13T09:10:39+00:00,edge-gateway-9b2e1,edge-gateway,0,389.12,0.38,0,
edge-gateway-9b2e1_640,2026-07-13T09:10:40+00:00,edge-gateway-9b2e1,edge-gateway,0,397.31,0.388,0,
edge-gateway-9b2e1_641,2026-07-13T09:10:41+00:00,edge-gateway-9b2e1,edge-gateway,0,397.19,0.3879,0,
edge-gateway-9b2e1_642,2026-07-13T09:10:42+00:00,edge-gateway-9b2e1,edge-gateway,0,391.96,0.3828,0,
edge-gateway-9b2e1_643,2026-07-13T09:10:43+00:00,edge-gateway-9b2e1,edge-gateway,0,396.89,0.3876,0,
edge-gateway-9b2e1_644,2026-07-13T09:10:44+00:00,edge-gateway-9b2e1,edge-gateway,0,403.04,0.3936,0,
edge-gateway-9b2e1_645,2026-07-13T09:10:45+00:00,edge-gateway-9b2e1,edge-gateway,0,394.76,0.3855,0,
edge-gateway-9b2e1_646,2026-07-13T09:10:46+00:00,edge-gateway-9b2e1,edge-gateway,0,382.87,0.3739,0,
edge-gateway-9b2e1_647,2026-07-13T09:10:47+00:00,edge-gateway-9b2e1,edge-gateway,0,383.01,0.374,0,
edge-gateway-9b2e1_648,2026-07-13T09:10:48+00:00,edge-gateway-9b2e1,edge-gateway,0,392.32,0.3831,0,
edge-gateway-9b2e1_649,2026-07-13T09:10:49+00:00,edge-gateway-9b2e1,edge-gateway,0,393.14,0.3839,0,
edge-gateway-9b2e1_650,2026-07-13T09:10:50+00:00,edge-gateway-9b2e1,edge-gateway,0,382.93,0.374,0,
edge-gateway-9b2e1_651,2026-07-13T09:10:51+00:00,edge-gateway-9b2e1,edge-gateway,0,382.81,0.3738,0,
edge-gateway-9b2e1_652,2026-07-13T09:10:52+00:00,edge-gateway-9b2e1,edge-gateway,0,370.68,0.362,0,
edge-gateway-9b2e1_653,2026-07-13T09:10:53+00:00,edge-gateway-9b2e1,edge-gateway,0,373.68,0.3649,0,
edge-gateway-9b2e1_654,2026-07-13T09:10:54+00:00,edge-gateway-9b2e1,edge-gateway,0,397.38,0.3881,0,
edge-gateway-9b2e1_655,2026-07-13T09:10:55+00:00,edge-gateway-9b2e1,edge-gateway,0,391.86,0.3827,0,
edge-gateway-9b2e1_656,2026-07-13T09:10:56+00:00,edge-gateway-9b2e1,edge-gateway,0,386.44,0.3774,0,
edge-gateway-9b2e1_657,2026-07-13T09:10:57+00:00,edge-gateway-9b2e1,edge-gateway,0,371.8,0.3631,0,
edge-gateway-9b2e1_658,2026-07-13T09:10:58+00:00,edge-gateway-9b2e1,edge-gateway,0,378.21,0.3693,0,
edge-gateway-9b2e1_659,2026-07-13T09:10:59+00:00,edge-gateway-9b2e1,edge-gateway,0,391.84,0.3827,0,
edge-gateway-9b2e1_660,2026-07-13T09:11:00+00:00,edge-gateway-9b2e1,edge-gateway,0,379.08,0.3702,0,
edge-gateway-9b2e1_661,2026-07-13T09:11:01+00:00,edge-gateway-9b2e1,edge-gateway,0,377.63,0.3688,0,
edge-gateway-9b2e1_662,2026-07-13T09:11:02+00:00,edge-gateway-9b2e1,edge-gateway,0,397.79,0.3885,0,
edge-gateway-9b2e1_663,2026-07-13T09:11:03+00:00,edge-gateway-9b2e1,edge-gateway,0,391.12,0.382,0,
edge-gateway-9b2e1_664,2026-07-13T09:11:04+00:00,edge-gateway-9b2e1,edge-gateway,0,381.9,0.3729,0,
edge-gateway-9b2e1_665,2026-07-13T09:11:05+00:00,edge-gateway-9b2e1,edge-gateway,0,395.7,0.3864,0,
edge-gateway-9b2e1_666,2026-07-13T09:11:06+00:00,edge-gateway-9b2e1,edge-gateway,0,400.07,0.3907,0,
edge-gateway-9b2e1_667,2026-07-13T09:11:07+00:00,edge-gateway-9b2e1,edge-gateway,0,392.32,0.3831,0,
edge-gateway-9b2e1_668,2026-07-13T09:11:08+00:00,edge-gateway-9b2e1,edge-gateway,0,401.31,0.3919,0,
edge-gateway-9b2e1_669,2026-07-13T09:11:09+00:00,edge-gateway-9b2e1,edge-gateway,0,389.98,0.3808,0,
edge-gateway-9b2e1_670,2026-07-13T09:11:10+00:00,edge-gateway-9b2e1,edge-gateway,0,396.93,0.3876,0,
edge-gateway-9b2e1_671,2026-07-13T09:11:11+00:00,edge-gateway-9b2e1,edge-gateway,0,399.27,0.3899,0,
edge-gateway-9b2e1_672,2026-07-13T09:11:12+00:00,edge-gateway-9b2e1,edge-gateway,0,392.35,0.3832,0,
edge-gateway-9b2e1_673,2026-07-13T09:11:13+00:00,edge-gateway-9b2e1,edge-gateway,0,390.21,0.3811,0,
edge-gateway-9b2e1_674,2026-07-13T09:11:14+00:00,edge-gateway-9b2e1,edge-gateway,0,400.05,0.3907,0,
edge-gateway-9b2e1_675,2026-07-13T09:11:15+00:00,edge-gateway-9b2e1,edge-gateway,0,392.97,0.3838,0,
edge-gateway-9b2e1_676,2026-07-13T09:11:16+00:00,edge-gateway-9b2e1,edge-gateway,0,386.6,0.3775,0,
edge-gateway-9b2e1_677,2026-07-13T09:11:17+00:00,edge-gateway-9b2e1,edge-gateway,0,380.5,0.3716,0,
edge-gateway-9b2e1_678,2026-07-13T09:11:18+00:00,edge-gateway-9b2e1,edge-gateway,0,374.05,0.3653,0,
edge-gateway-9b2e1_679,2026-07-13T09:11:19+00:00,edge-gateway-9b2e1,edge-gateway,0,401.02,0.3916,0,
edge-gateway-9b2e1_680,2026-07-13T09:11:20+00:00,edge-gateway-9b2e1,edge-gateway,0,398.86,0.3895,0,
edge-gateway-9b2e1_681,2026-07-13T09:11:21+00:00,edge-gateway-9b2e1,edge-gateway,0,402.19,0.3928,0,
edge-gateway-9b2e1_682,2026-07-13T09:11:22+00:00,edge-gateway-9b2e1,edge-gateway,0,386.27,0.3772,0,
edge-gateway-9b2e1_683,2026-07-13T09:11:23+00:00,edge-gateway-9b2e1,edge-gateway,0,377.4,0.3686,0,
edge-gateway-9b2e1_684,2026-07-13T09:11:24+00:00,edge-gateway-9b2e1,edge-gateway,0,380.02,0.3711,0,
edge-gateway-9b2e1_685,2026-07-13T09:11:25+00:00,edge-gateway-9b2e1,edge-gateway,0,399.67,0.3903,0,
edge-gateway-9b2e1_686,2026-07-13T09:11:26+00:00,edge-gateway-9b2e1,edge-gateway,0,374.05,0.3653,0,
edge-gateway-9b2e1_687,2026-07-13T09:11:27+00:00,edge-gateway-9b2e1,edge-gateway,0,391.21,0.382,0,
edge-gateway-9b2e1_688,2026-07-13T09:11:28+00:00,edge-gateway-9b2e1,edge-gateway,0,397.22,0.3879,0,
edge-gateway-9b2e1_689,2026-07-13T09:11:29+00:00,edge-gateway-9b2e1,edge-gateway,0,398.38,0.389,0,
edge-gateway-9b2e1_690,2026-07-13T09:11:30+00:00,edge-gateway-9b2e1,edge-gateway,0,385.64,0.3766,0,
edge-gateway-9b2e1_691,2026-07-13T09:11:31+00:00,edge-gateway-9b2e1,edge-gateway,0,390.01,0.3809,0,
edge-gateway-9b2e1_692,2026-07-13T09:11:32+00:00,edge-gateway-9b2e1,edge-gateway,0,395.65,0.3864,0,
edge-gateway-9b2e1_693,2026-07-13T09:11:33+00:00,edge-gateway-9b2e1,edge-gateway,0,403.56,0.3941,0,
edge-gateway-9b2e1_694,2026-07-13T09:11:34+00:00,edge-gateway-9b2e1,edge-gateway,0,385.83,0.3768,0,
edge-gateway-9b2e1_695,2026-07-13T09:11:35+00:00,edge-gateway-9b2e1,edge-gateway,0,404.29,0.3948,0,
edge-gateway-9b2e1_696,2026-07-13T09:11:36+00:00,edge-gateway-9b2e1,edge-gateway,0,384.98,0.376,0,
edge-gateway-9b2e1_697,2026-07-13T09:11:37+00:00,edge-gateway-9b2e1,edge-gateway,0,395.39,0.3861,0,
edge-gateway-9b2e1_698,2026-07-13T09:11:38+00:00,edge-gateway-9b2e1,edge-gateway,0,392.51,0.3833,0,
edge-gateway-9b2e1_699,2026-07-13T09:11:39+00:00,edge-gateway-9b2e1,edge-gateway,0,384.64,0.3756,0,
edge-gateway-9b2e1_700,2026-07-13T09:11:40+00:00,edge-gateway-9b2e1,edge-gateway,0,389.76,0.3806,0,
edge-gateway-9b2e1_701,2026-07-13T09:11:41+00:00,edge-gateway-9b2e1,edge-gateway,0,387.82,0.3787,0,
edge-gateway-9b2e1_702,2026-07-13T09:11:42+00:00,edge-gateway-9b2e1,edge-gateway,0,395.16,0.3859,0,
edge-gateway-9b2e1_703,2026-07-13T09:11:43+00:00,edge-gateway-9b2e1,edge-gateway,0,404.4,0.3949,0,
edge-gateway-9b2e1_704,2026-07-13T09:11:44+00:00,edge-gateway-9b2e1,edge-gateway,0,400.91,0.3915,0,
edge-gateway-9b2e1_705,2026-07-13T09:11:45+00:00,edge-gateway-9b2e1,edge-gateway,0,394.19,0.385,0,
edge-gateway-9b2e1_706,2026-07-13T09:11:46+00:00,edge-gateway-9b2e1,edge-gateway,0,400.09,0.3907,0,
edge-gateway-9b2e1_707,2026-07-13T09:11:47+00:00,edge-gateway-9b2e1,edge-gateway,0,392.37,0.3832,0,
edge-gateway-9b2e1_708,2026-07-13T09:11:48+00:00,edge-gateway-9b2e1,edge-gateway,0,379.81,0.3709,0,
edge-gateway-9b2e1_709,2026-07-13T09:11:49+00:00,edge-gateway-9b2e1,edge-gateway,0,377.22,0.3684,0,
edge-gateway-9b2e1_710,2026-07-13T09:11:50+00:00,edge-gateway-9b2e1,edge-gateway,0,394.79,0.3855,0,
edge-gateway-9b2e1_711,2026-07-13T09:11:51+00:00,edge-gateway-9b2e1,edge-gateway,0,396.02,0.3867,0,
edge-gateway-9b2e1_712,2026-07-13T09:11:52+00:00,edge-gateway-9b2e1,edge-gateway,0,403.88,0.3944,0,
edge-gateway-9b2e1_713,2026-07-13T09:11:53+00:00,edge-gateway-9b2e1,edge-gateway,0,392.74,0.3835,0,
edge-gateway-9b2e1_714,2026-07-13T09:11:54+00:00,edge-gateway-9b2e1,edge-gateway,0,388.38,0.3793,0,
edge-gateway-9b2e1_715,2026-07-13T09:11:55+00:00,edge-gateway-9b2e1,edge-gateway,0,395.95,0.3867,0,
edge-gateway-9b2e1_716,2026-07-13T09:11:56+00:00,edge-gateway-9b2e1,edge-gateway,0,402.26,0.3928,0,
edge-gateway-9b2e1_717,2026-07-13T09:11:57+00:00,edge-gateway-9b2e1,edge-gateway,0,388.59,0.3795,0,
edge-gateway-9b2e1_718,2026-07-13T09:11:58+00:00,edge-gateway-9b2e1,edge-gateway,0,390.93,0.3818,0,
edge-gateway-9b2e1_719,2026-07-13T09:11:59+00:00,edge-gateway-9b2e1,edge-gateway,0,388.99,0.3799,0,
edge-gateway-9b2e1_720,2026-07-13T09:12:00+00:00,edge-gateway-9b2e1,edge-gateway,0,396.65,0.3874,0,
edge-gateway-9b2e1_721,2026-07-13T09:12:01+00:00,edge-gateway-9b2e1,edge-gateway,0,386.43,0.3774,0,
edge-gateway-9b2e1_722,2026-07-13T09:12:02+00:00,edge-gateway-9b2e1,edge-gateway,0,386.22,0.3772,0,
edge-gateway-9b2e1_723,2026-07-13T09:12:03+00:00,edge-gateway-9b2e1,edge-gateway,0,401.43,0.392,0,
edge-gateway-9b2e1_724,2026-07-13T09:12:04+00:00,edge-gateway-9b2e1,edge-gateway,0,400.6,0.3912,0,
edge-gateway-9b2e1_725,2026-07-13T09:12:05+00:00,edge-gateway-9b2e1,edge-gateway,0,388.64,0.3795,0,
edge-gateway-9b2e1_726,2026-07-13T09:12:06+00:00,edge-gateway-9b2e1,edge-gateway,0,389.07,0.38,0,
edge-gateway-9b2e1_727,2026-07-13T09:12:07+00:00,edge-gateway-9b2e1,edge-gateway,0,400.43,0.391,0,
edge-gateway-9b2e1_728,2026-07-13T09:12:08+00:00,edge-gateway-9b2e1,edge-gateway,0,400.22,0.3908,0,
edge-gateway-9b2e1_729,2026-07-13T09:12:09+00:00,edge-gateway-9b2e1,edge-gateway,0,401.61,0.3922,0,
edge-gateway-9b2e1_730,2026-07-13T09:12:10+00:00,edge-gateway-9b2e1,edge-gateway,0,376.2,0.3674,0,
edge-gateway-9b2e1_731,2026-07-13T09:12:11+00:00,edge-gateway-9b2e1,edge-gateway,0,400.26,0.3909,0,
edge-gateway-9b2e1_732,2026-07-13T09:12:12+00:00,edge-gateway-9b2e1,edge-gateway,0,397.62,0.3883,0,
edge-gateway-9b2e1_733,2026-07-13T09:12:13+00:00,edge-gateway-9b2e1,edge-gateway,0,379.29,0.3704,0,
edge-gateway-9b2e1_734,2026-07-13T09:12:14+00:00,edge-gateway-9b2e1,edge-gateway,0,388.33,0.3792,0,
edge-gateway-9b2e1_735,2026-07-13T09:12:15+00:00,edge-gateway-9b2e1,edge-gateway,0,401.6,0.3922,0,
edge-gateway-9b2e1_736,2026-07-13T09:12:16+00:00,edge-gateway-9b2e1,edge-gateway,0,384.29,0.3753,0,
edge-gateway-9b2e1_737,2026-07-13T09:12:17+00:00,edge-gateway-9b2e1,edge-gateway,0,387.22,0.3781,0,
edge-gateway-9b2e1_738,2026-07-13T09:12:18+00:00,edge-gateway-9b2e1,edge-gateway,0,398.52,0.3892,0,
edge-gateway-9b2e1_739,2026-07-13T09:12:19+00:00,edge-gateway-9b2e1,edge-gateway,0,392.82,0.3836,0,
edge-gateway-9b2e1_740,2026-07-13T09:12:20+00:00,edge-gateway-9b2e1,edge-gateway,0,386.17,0.3771,0,
edge-gateway-9b2e1_741,2026-07-13T09:12:21+00:00,edge-gateway-9b2e1,edge-gateway,0,386.56,0.3775,0,
edge-gateway-9b2e1_742,2026-07-13T09:12:22+00:00,edge-gateway-9b2e1,edge-gateway,0,405.78,0.3963,0,
edge-gateway-9b2e1_743,2026-07-13T09:12:23+00:00,edge-gateway-9b2e1,edge-gateway,0,397.91,0.3886,0,
edge-gateway-9b2e1_744,2026-07-13T09:12:24+00:00,edge-gateway-9b2e1,edge-gateway,0,382.99,0.374,0,
edge-gateway-9b2e1_745,2026-07-13T09:12:25+00:00,edge-gateway-9b2e1,edge-gateway,0,398.02,0.3887,0,
edge-gateway-9b2e1_746,2026-07-13T09:12:26+00:00,edge-gateway-9b2e1,edge-gateway,0,388.86,0.3797,0,
edge-gateway-9b2e1_747,2026-07-13T09:12:27+00:00,edge-gateway-9b2e1,edge-gateway,0,409.07,0.3995,0,
edge-gateway-9b2e1_748,2026-07-13T09:12:28+00:00,edge-gateway-9b2e1,edge-gateway,0,396.61,0.3873,0,
edge-gateway-9b2e1_749,2026-07-13T09:12:29+00:00,edge-gateway-9b2e1,edge-gateway,0,382.41,0.3734,0,
edge-gateway-9b2e1_750,2026-07-13T09:12:30+00:00,edge-gateway-9b2e1,edge-gateway,0,379.41,0.3705,0,
edge-gateway-9b2e1_751,2026-07-13T09:12:31+00:00,edge-gateway-9b2e1,edge-gateway,0,385.53,0.3765,0,
edge-gateway-9b2e1_752,2026-07-13T09:12:32+00:00,edge-gateway-9b2e1,edge-gateway,0,384.89,0.3759,0,
edge-gateway-9b2e1_753,2026-07-13T09:12:33+00:00,edge-gateway-9b2e1,edge-gateway,0,399.55,0.3902,0,
edge-gateway-9b2e1_754,2026-07-13T09:12:34+00:00,edge-gateway-9b2e1,edge-gateway,0,385.4,0.3764,0,
edge-gateway-9b2e1_755,2026-07-13T09:12:35+00:00,edge-gateway-9b2e1,edge-gateway,0,390.4,0.3812,0,
edge-gateway-9b2e1_756,2026-07-13T09:12:36+00:00,edge-gateway-9b2e1,edge-gateway,0,391.23,0.3821,0,
edge-gateway-9b2e1_757,2026-07-13T09:12:37+00:00,edge-gateway-9b2e1,edge-gateway,0,386.03,0.377,0,
edge-gateway-9b2e1_758,2026-07-13T09:12:38+00:00,edge-gateway-9b2e1,edge-gateway,0,387.08,0.378,0,
edge-gateway-9b2e1_759,2026-07-13T09:12:39+00:00,edge-gateway-9b2e1,edge-gateway,0,393.22,0.384,0,
edge-gateway-9b2e1_760,2026-07-13T09:12:40+00:00,edge-gateway-9b2e1,edge-gateway,0,399.27,0.3899,0,
edge-gateway-9b2e1_761,2026-07-13T09:12:41+00:00,edge-gateway-9b2e1,edge-gateway,0,393.09,0.3839,0,
edge-gateway-9b2e1_762,2026-07-13T09:12:42+00:00,edge-gateway-9b2e1,edge-gateway,0,386.41,0.3774,0,
edge-gateway-9b2e1_763,2026-07-13T09:12:43+00:00,edge-gateway-9b2e1,edge-gateway,0,386.68,0.3776,0,
edge-gateway-9b2e1_764,2026-07-13T09:12:44+00:00,edge-gateway-9b2e1,edge-gateway,0,401.96,0.3925,0,
edge-gateway-9b2e1_765,2026-07-13T09:12:45+00:00,edge-gateway-9b2e1,edge-gateway,0,406.26,0.3967,0,
edge-gateway-9b2e1_766,2026-07-13T09:12:46+00:00,edge-gateway-9b2e1,edge-gateway,0,394.37,0.3851,0,
edge-gateway-9b2e1_767,2026-07-13T09:12:47+00:00,edge-gateway-9b2e1,edge-gateway,0,394.8,0.3855,0,
edge-gateway-9b2e1_768,2026-07-13T09:12:48+00:00,edge-gateway-9b2e1,edge-gateway,0,401.42,0.392,0,
edge-gateway-9b2e1_769,2026-07-13T09:12:49+00:00,edge-gateway-9b2e1,edge-gateway,0,405.96,0.3964,0,
edge-gateway-9b2e1_770,2026-07-13T09:12:50+00:00,edge-gateway-9b2e1,edge-gateway,0,385.36,0.3763,0,
edge-gateway-9b2e1_771,2026-07-13T09:12:51+00:00,edge-gateway-9b2e1,edge-gateway,0,392.93,0.3837,0,
edge-gateway-9b2e1_772,2026-07-13T09:12:52+00:00,edge-gateway-9b2e1,edge-gateway,0,385.28,0.3762,0,
edge-gateway-9b2e1_773,2026-07-13T09:12:53+00:00,edge-gateway-9b2e1,edge-gateway,0,383.87,0.3749,0,
edge-gateway-9b2e1_774,2026-07-13T09:12:54+00:00,edge-gateway-9b2e1,edge-gateway,0,392.68,0.3835,0,
edge-gateway-9b2e1_775,2026-07-13T09:12:55+00:00,edge-gateway-9b2e1,edge-gateway,0,380.9,0.372,0,
edge-gateway-9b2e1_776,2026-07-13T09:12:56+00:00,edge-gateway-9b2e1,edge-gateway,0,385.2,0.3762,0,
edge-gateway-9b2e1_777,2026-07-13T09:12:57+00:00,edge-gateway-9b2e1,edge-gateway,0,392.39,0.3832,0,
edge-gateway-9b2e1_778,2026-07-13T09:12:58+00:00,edge-gateway-9b2e1,edge-gateway,0,386.2,0.3771,0,
edge-gateway-9b2e1_779,2026-07-13T09:12:59+00:00,edge-gateway-9b2e1,edge-gateway,0,401.48,0.3921,0,
edge-gateway-9b2e1_780,2026-07-13T09:13:00+00:00,edge-gateway-9b2e1,edge-gateway,0,385.11,0.3761,0,
edge-gateway-9b2e1_781,2026-07-13T09:13:01+00:00,edge-gateway-9b2e1,edge-gateway,0,379.97,0.3711,0,
edge-gateway-9b2e1_782,2026-07-13T09:13:02+00:00,edge-gateway-9b2e1,edge-gateway,0,410.4,0.4008,0,
edge-gateway-9b2e1_783,2026-07-13T09:13:03+00:00,edge-gateway-9b2e1,edge-gateway,0,395.2,0.3859,0,
edge-gateway-9b2e1_784,2026-07-13T09:13:04+00:00,edge-gateway-9b2e1,edge-gateway,0,380.78,0.3719,0,
edge-gateway-9b2e1_785,2026-07-13T09:13:05+00:00,edge-gateway-9b2e1,edge-gateway,0,394.01,0.3848,0,
edge-gateway-9b2e1_786,2026-07-13T09:13:06+00:00,edge-gateway-9b2e1,edge-gateway,0,387.73,0.3786,0,
edge-gateway-9b2e1_787,2026-07-13T09:13:07+00:00,edge-gateway-9b2e1,edge-gateway,0,386.66,0.3776,0,
edge-gateway-9b2e1_788,2026-07-13T09:13:08+00:00,edge-gateway-9b2e1,edge-gateway,0,384.61,0.3756,0,
edge-gateway-9b2e1_789,2026-07-13T09:13:09+00:00,edge-gateway-9b2e1,edge-gateway,0,397.52,0.3882,0,
edge-gateway-9b2e1_790,2026-07-13T09:13:10+00:00,edge-gateway-9b2e1,edge-gateway,0,405.53,0.396,0,
edge-gateway-9b2e1_791,2026-07-13T09:13:11+00:00,edge-gateway-9b2e1,edge-gateway,0,385.76,0.3767,0,
edge-gateway-9b2e1_792,2026-07-13T09:13:12+00:00,edge-gateway-9b2e1,edge-gateway,0,379.1,0.3702,0,
edge-gateway-9b2e1_793,2026-07-13T09:13:13+00:00,edge-gateway-9b2e1,edge-gateway,0,383.44,0.3745,0,
edge-gateway-9b2e1_794,2026-07-13T09:13:14+00:00,edge-gateway-9b2e1,edge-gateway,0,388.17,0.3791,0,
edge-gateway-9b2e1_795,2026-07-13T09:13:15+00:00,edge-gateway-9b2e1,edge-gateway,0,398.31,0.389,0,
edge-gateway-9b2e1_796,2026-07-13T09:13:16+00:00,edge-gateway-9b2e1,edge-gateway,0,391.98,0.3828,0,
edge-gateway-9b2e1_797,2026-07-13T09:13:17+00:00,edge-gateway-9b2e1,edge-gateway,0,387.63,0.3785,0,
edge-gateway-9b2e1_798,2026-07-13T09:13:18+00:00,edge-gateway-9b2e1,edge-gateway,0,384.17,0.3752,0,
edge-gateway-9b2e1_799,2026-07-13T09:13:19+00:00,edge-gateway-9b2e1,edge-gateway,0,386.8,0.3777,0,
edge-gateway-9b2e1_800,2026-07-13T09:13:20+00:00,edge-gateway-9b2e1,edge-gateway,0,391.84,0.3827,0,
edge-gateway-9b2e1_801,2026-07-13T09:13:21+00:00,edge-gateway-9b2e1,edge-gateway,0,386.59,0.3775,0,
edge-gateway-9b2e1_802,2026-07-13T09:13:22+00:00,edge-gateway-9b2e1,edge-gateway,0,378.51,0.3696,0,
edge-gateway-9b2e1_803,2026-07-13T09:13:23+00:00,edge-gateway-9b2e1,edge-gateway,0,379.94,0.371,0,
edge-gateway-9b2e1_804,2026-07-13T09:13:24+00:00,edge-gateway-9b2e1,edge-gateway,0,386.16,0.3771,0,
edge-gateway-9b2e1_805,2026-07-13T09:13:25+00:00,edge-gateway-9b2e1,edge-gateway,0,391.09,0.3819,0,
edge-gateway-9b2e1_806,2026-07-13T09:13:26+00:00,edge-gateway-9b2e1,edge-gateway,0,400.85,0.3915,0,
edge-gateway-9b2e1_807,2026-07-13T09:13:27+00:00,edge-gateway-9b2e1,edge-gateway,0,392.81,0.3836,0,
edge-gateway-9b2e1_808,2026-07-13T09:13:28+00:00,edge-gateway-9b2e1,edge-gateway,0,384.43,0.3754,0,
edge-gateway-9b2e1_809,2026-07-13T09:13:29+00:00,edge-gateway-9b2e1,edge-gateway,0,392.89,0.3837,0,
edge-gateway-9b2e1_810,2026-07-13T09:13:30+00:00,edge-gateway-9b2e1,edge-gateway,0,404.13,0.3947,0,
edge-gateway-9b2e1_811,2026-07-13T09:13:31+00:00,edge-gateway-9b2e1,edge-gateway,0,387.67,0.3786,0,
edge-gateway-9b2e1_812,2026-07-13T09:13:32+00:00,edge-gateway-9b2e1,edge-gateway,0,392.1,0.3829,0,
edge-gateway-9b2e1_813,2026-07-13T09:13:33+00:00,edge-gateway-9b2e1,edge-gateway,0,393.26,0.384,0,
edge-gateway-9b2e1_814,2026-07-13T09:13:34+00:00,edge-gateway-9b2e1,edge-gateway,0,396.19,0.3869,0,
edge-gateway-9b2e1_815,2026-07-13T09:13:35+00:00,edge-gateway-9b2e1,edge-gateway,0,372.6,0.3639,0,
edge-gateway-9b2e1_816,2026-07-13T09:13:36+00:00,edge-gateway-9b2e1,edge-gateway,0,389.94,0.3808,0,
edge-gateway-9b2e1_817,2026-07-13T09:13:37+00:00,edge-gateway-9b2e1,edge-gateway,0,391.11,0.3819,0,
edge-gateway-9b2e1_818,2026-07-13T09:13:38+00:00,edge-gateway-9b2e1,edge-gateway,0,387.47,0.3784,0,
edge-gateway-9b2e1_819,2026-07-13T09:13:39+00:00,edge-gateway-9b2e1,edge-gateway,0,374.3,0.3655,0,
edge-gateway-9b2e1_820,2026-07-13T09:13:40+00:00,edge-gateway-9b2e1,edge-gateway,0,396.99,0.3877,0,
edge-gateway-9b2e1_821,2026-07-13T09:13:41+00:00,edge-gateway-9b2e1,edge-gateway,0,387.6,0.3785,0,
edge-gateway-9b2e1_822,2026-07-13T09:13:42+00:00,edge-gateway-9b2e1,edge-gateway,0,377.71,0.3689,0,
edge-gateway-9b2e1_823,2026-07-13T09:13:43+00:00,edge-gateway-9b2e1,edge-gateway,0,390.47,0.3813,0,
edge-gateway-9b2e1_824,2026-07-13T09:13:44+00:00,edge-gateway-9b2e1,edge-gateway,0,386.61,0.3775,0,
edge-gateway-9b2e1_825,2026-07-13T09:13:45+00:00,edge-gateway-9b2e1,edge-gateway,0,400.83,0.3914,0,
edge-gateway-9b2e1_826,2026-07-13T09:13:46+00:00,edge-gateway-9b2e1,edge-gateway,0,385.06,0.376,0,
edge-gateway-9b2e1_827,2026-07-13T09:13:47+00:00,edge-gateway-9b2e1,edge-gateway,0,379.74,0.3708,0,
edge-gateway-9b2e1_828,2026-07-13T09:13:48+00:00,edge-gateway-9b2e1,edge-gateway,0,391.92,0.3827,0,
edge-gateway-9b2e1_829,2026-07-13T09:13:49+00:00,edge-gateway-9b2e1,edge-gateway,0,389.37,0.3802,0,
edge-gateway-9b2e1_830,2026-07-13T09:13:50+00:00,edge-gateway-9b2e1,edge-gateway,0,395.62,0.3863,0,
edge-gateway-9b2e1_831,2026-07-13T09:13:51+00:00,edge-gateway-9b2e1,edge-gateway,0,394.61,0.3854,0,
edge-gateway-9b2e1_832,2026-07-13T09:13:52+00:00,edge-gateway-9b2e1,edge-gateway,0,392.22,0.383,0,
edge-gateway-9b2e1_833,2026-07-13T09:13:53+00:00,edge-gateway-9b2e1,edge-gateway,0,390.62,0.3815,0,
edge-gateway-9b2e1_834,2026-07-13T09:13:54+00:00,edge-gateway-9b2e1,edge-gateway,0,393.59,0.3844,0,
edge-gateway-9b2e1_835,2026-07-13T09:13:55+00:00,edge-gateway-9b2e1,edge-gateway,0,378.4,0.3695,0,
edge-gateway-9b2e1_836,2026-07-13T09:13:56+00:00,edge-gateway-9b2e1,edge-gateway,0,396.27,0.387,0,
edge-gateway-9b2e1_837,2026-07-13T09:13:57+00:00,edge-gateway-9b2e1,edge-gateway,0,395.82,0.3865,0,
edge-gateway-9b2e1_838,2026-07-13T09:13:58+00:00,edge-gateway-9b2e1,edge-gateway,0,389.86,0.3807,0,
edge-gateway-9b2e1_839,2026-07-13T09:13:59+00:00,edge-gateway-9b2e1,edge-gateway,0,389.94,0.3808,0,
edge-gateway-9b2e1_840,2026-07-13T09:14:00+00:00,edge-gateway-9b2e1,edge-gateway,0,388.1,0.379,0,
edge-gateway-9b2e1_841,2026-07-13T09:14:01+00:00,edge-gateway-9b2e1,edge-gateway,0,397.23,0.3879,0,
edge-gateway-9b2e1_842,2026-07-13T09:14:02+00:00,edge-gateway-9b2e1,edge-gateway,0,394.54,0.3853,0,
edge-gateway-9b2e1_843,2026-07-13T09:14:03+00:00,edge-gateway-9b2e1,edge-gateway,0,392.21,0.383,0,
edge-gateway-9b2e1_844,2026-07-13T09:14:04+00:00,edge-gateway-9b2e1,edge-gateway,0,385.29,0.3763,0,
edge-gateway-9b2e1_845,2026-07-13T09:14:05+00:00,edge-gateway-9b2e1,edge-gateway,0,396.34,0.3871,0,
edge-gateway-9b2e1_846,2026-07-13T09:14:06+00:00,edge-gateway-9b2e1,edge-gateway,0,378.81,0.3699,0,
edge-gateway-9b2e1_847,2026-07-13T09:14:07+00:00,edge-gateway-9b2e1,edge-gateway,0,380.39,0.3715,0,
edge-gateway-9b2e1_848,2026-07-13T09:14:08+00:00,edge-gateway-9b2e1,edge-gateway,0,381.1,0.3722,0,
edge-gateway-9b2e1_849,2026-07-13T09:14:09+00:00,edge-gateway-9b2e1,edge-gateway,0,385.35,0.3763,0,
edge-gateway-9b2e1_850,2026-07-13T09:14:10+00:00,edge-gateway-9b2e1,edge-gateway,0,387.22,0.3781,0,
edge-gateway-9b2e1_851,2026-07-13T09:14:11+00:00,edge-gateway-9b2e1,edge-gateway,0,380.22,0.3713,0,
edge-gateway-9b2e1_852,2026-07-13T09:14:12+00:00,edge-gateway-9b2e1,edge-gateway,0,409.56,0.4,0,
edge-gateway-9b2e1_853,2026-07-13T09:14:13+00:00,edge-gateway-9b2e1,edge-gateway,0,389.39,0.3803,0,
edge-gateway-9b2e1_854,2026-07-13T09:14:14+00:00,edge-gateway-9b2e1,edge-gateway,0,389.87,0.3807,0,
edge-gateway-9b2e1_855,2026-07-13T09:14:15+00:00,edge-gateway-9b2e1,edge-gateway,0,387.64,0.3786,0,
edge-gateway-9b2e1_856,2026-07-13T09:14:16+00:00,edge-gateway-9b2e1,edge-gateway,0,393.57,0.3843,0,
edge-gateway-9b2e1_857,2026-07-13T09:14:17+00:00,edge-gateway-9b2e1,edge-gateway,0,390.84,0.3817,0,
edge-gateway-9b2e1_858,2026-07-13T09:14:18+00:00,edge-gateway-9b2e1,edge-gateway,0,377.9,0.369,0,
edge-gateway-9b2e1_859,2026-07-13T09:14:19+00:00,edge-gateway-9b2e1,edge-gateway,0,389.58,0.3804,0,
edge-gateway-9b2e1_860,2026-07-13T09:14:20+00:00,edge-gateway-9b2e1,edge-gateway,0,394.08,0.3848,0,
edge-gateway-9b2e1_861,2026-07-13T09:14:21+00:00,edge-gateway-9b2e1,edge-gateway,0,396.25,0.387,0,
edge-gateway-9b2e1_862,2026-07-13T09:14:22+00:00,edge-gateway-9b2e1,edge-gateway,0,393.66,0.3844,0,
edge-gateway-9b2e1_863,2026-07-13T09:14:23+00:00,edge-gateway-9b2e1,edge-gateway,0,382.57,0.3736,0,
edge-gateway-9b2e1_864,2026-07-13T09:14:24+00:00,edge-gateway-9b2e1,edge-gateway,0,390.88,0.3817,0,
edge-gateway-9b2e1_865,2026-07-13T09:14:25+00:00,edge-gateway-9b2e1,edge-gateway,0,394.64,0.3854,0,
edge-gateway-9b2e1_866,2026-07-13T09:14:26+00:00,edge-gateway-9b2e1,edge-gateway,0,391.72,0.3825,0,
edge-gateway-9b2e1_867,2026-07-13T09:14:27+00:00,edge-gateway-9b2e1,edge-gateway,0,384.86,0.3758,0,
edge-gateway-9b2e1_868,2026-07-13T09:14:28+00:00,edge-gateway-9b2e1,edge-gateway,0,387.56,0.3785,0,
edge-gateway-9b2e1_869,2026-07-13T09:14:29+00:00,edge-gateway-9b2e1,edge-gateway,0,386.91,0.3778,0,
order-worker-8a3c1_30,2026-07-13T09:00:30+00:00,order-worker-8a3c1,order-worker,0,358.99,0.4007,0,
order-worker-8a3c1_31,2026-07-13T09:00:31+00:00,order-worker-8a3c1,order-worker,0,363.56,0.4058,0,
order-worker-8a3c1_32,2026-07-13T09:00:32+00:00,order-worker-8a3c1,order-worker,0,360.76,0.4026,0,
order-worker-8a3c1_33,2026-07-13T09:00:33+00:00,order-worker-8a3c1,order-worker,0,357.73,0.3993,0,
order-worker-8a3c1_34,2026-07-13T09:00:34+00:00,order-worker-8a3c1,order-worker,0,354.89,0.3961,0,
order-worker-8a3c1_35,2026-07-13T09:00:35+00:00,order-worker-8a3c1,order-worker,0,346.46,0.3867,0,
order-worker-8a3c1_36,2026-07-13T09:00:36+00:00,order-worker-8a3c1,order-worker,0,365.1,0.4075,0,
order-worker-8a3c1_37,2026-07-13T09:00:37+00:00,order-worker-8a3c1,order-worker,0,349.58,0.3902,0,
order-worker-8a3c1_38,2026-07-13T09:00:38+00:00,order-worker-8a3c1,order-worker,0,353.77,0.3948,0,
order-worker-8a3c1_39,2026-07-13T09:00:39+00:00,order-worker-8a3c1,order-worker,0,347.59,0.3879,0,
order-worker-8a3c1_40,2026-07-13T09:00:40+00:00,order-worker-8a3c1,order-worker,0,346.49,0.3867,0,
order-worker-8a3c1_41,2026-07-13T09:00:41+00:00,order-worker-8a3c1,order-worker,0,370.56,0.4136,0,
order-worker-8a3c1_42,2026-07-13T09:00:42+00:00,order-worker-8a3c1,order-worker,0,369.56,0.4125,0,
order-worker-8a3c1_43,2026-07-13T09:00:43+00:00,order-worker-8a3c1,order-worker,0,350.66,0.3914,0,
order-worker-8a3c1_44,2026-07-13T09:00:44+00:00,order-worker-8a3c1,order-worker,0,375.03,0.4186,0,
order-worker-8a3c1_45,2026-07-13T09:00:45+00:00,order-worker-8a3c1,order-worker,0,366.11,0.4086,0,
order-worker-8a3c1_46,2026-07-13T09:00:46+00:00,order-worker-8a3c1,order-worker,0,375.27,0.4188,0,
order-worker-8a3c1_47,2026-07-13T09:00:47+00:00,order-worker-8a3c1,order-worker,0,366.63,0.4092,0,
order-worker-8a3c1_48,2026-07-13T09:00:48+00:00,order-worker-8a3c1,order-worker,0,370.94,0.414,0,
order-worker-8a3c1_49,2026-07-13T09:00:49+00:00,order-worker-8a3c1,order-worker,0,357.26,0.3987,0,
order-worker-8a3c1_50,2026-07-13T09:00:50+00:00,order-worker-8a3c1,order-worker,0,368.33,0.4111,0,
order-worker-8a3c1_51,2026-07-13T09:00:51+00:00,order-worker-8a3c1,order-worker,0,356.57,0.398,0,
order-worker-8a3c1_52,2026-07-13T09:00:52+00:00,order-worker-8a3c1,order-worker,0,364.98,0.4073,0,
order-worker-8a3c1_53,2026-07-13T09:00:53+00:00,order-worker-8a3c1,order-worker,0,358.97,0.4006,0,
order-worker-8a3c1_54,2026-07-13T09:00:54+00:00,order-worker-8a3c1,order-worker,0,378.27,0.4222,0,
order-worker-8a3c1_55,2026-07-13T09:00:55+00:00,order-worker-8a3c1,order-worker,0,364.58,0.4069,0,
order-worker-8a3c1_56,2026-07-13T09:00:56+00:00,order-worker-8a3c1,order-worker,0,359.14,0.4008,0,
order-worker-8a3c1_57,2026-07-13T09:00:57+00:00,order-worker-8a3c1,order-worker,0,362.96,0.4051,0,
order-worker-8a3c1_58,2026-07-13T09:00:58+00:00,order-worker-8a3c1,order-worker,0,368.84,0.4117,0,
order-worker-8a3c1_59,2026-07-13T09:00:59+00:00,order-worker-8a3c1,order-worker,0,355.07,0.3963,0,
order-worker-8a3c1_60,2026-07-13T09:01:00+00:00,order-worker-8a3c1,order-worker,0,350.51,0.3912,0,
order-worker-8a3c1_61,2026-07-13T09:01:01+00:00,order-worker-8a3c1,order-worker,0,355.36,0.3966,0,
order-worker-8a3c1_62,2026-07-13T09:01:02+00:00,order-worker-8a3c1,order-worker,0,357.48,0.399,0,
order-worker-8a3c1_63,2026-07-13T09:01:03+00:00,order-worker-8a3c1,order-worker,0,346.52,0.3867,0,
order-worker-8a3c1_64,2026-07-13T09:01:04+00:00,order-worker-8a3c1,order-worker,0,372.93,0.4162,0,
order-worker-8a3c1_65,2026-07-13T09:01:05+00:00,order-worker-8a3c1,order-worker,0,361.08,0.403,0,
order-worker-8a3c1_66,2026-07-13T09:01:06+00:00,order-worker-8a3c1,order-worker,0,366.17,0.4087,0,
order-worker-8a3c1_67,2026-07-13T09:01:07+00:00,order-worker-8a3c1,order-worker,0,363.62,0.4058,0,
order-worker-8a3c1_68,2026-07-13T09:01:08+00:00,order-worker-8a3c1,order-worker,0,363.29,0.4055,0,
order-worker-8a3c1_69,2026-07-13T09:01:09+00:00,order-worker-8a3c1,order-worker,0,361.36,0.4033,0,
order-worker-8a3c1_70,2026-07-13T09:01:10+00:00,order-worker-8a3c1,order-worker,0,368.46,0.4112,0,
order-worker-8a3c1_71,2026-07-13T09:01:11+00:00,order-worker-8a3c1,order-worker,0,355.55,0.3968,0,
order-worker-8a3c1_72,2026-07-13T09:01:12+00:00,order-worker-8a3c1,order-worker,0,362.58,0.4047,0,
order-worker-8a3c1_73,2026-07-13T09:01:13+00:00,order-worker-8a3c1,order-worker,0,353.21,0.3942,0,
order-worker-8a3c1_74,2026-07-13T09:01:14+00:00,order-worker-8a3c1,order-worker,0,357.44,0.3989,0,
order-worker-8a3c1_75,2026-07-13T09:01:15+00:00,order-worker-8a3c1,order-worker,0,359.71,0.4015,0,
order-worker-8a3c1_76,2026-07-13T09:01:16+00:00,order-worker-8a3c1,order-worker,0,359.98,0.4018,0,
order-worker-8a3c1_77,2026-07-13T09:01:17+00:00,order-worker-8a3c1,order-worker,0,353.98,0.3951,0,
order-worker-8a3c1_78,2026-07-13T09:01:18+00:00,order-worker-8a3c1,order-worker,0,363.58,0.4058,0,
order-worker-8a3c1_79,2026-07-13T09:01:19+00:00,order-worker-8a3c1,order-worker,0,354.75,0.3959,0,
order-worker-8a3c1_80,2026-07-13T09:01:20+00:00,order-worker-8a3c1,order-worker,0,364.81,0.4072,0,
order-worker-8a3c1_81,2026-07-13T09:01:21+00:00,order-worker-8a3c1,order-worker,0,366.66,0.4092,0,
order-worker-8a3c1_82,2026-07-13T09:01:22+00:00,order-worker-8a3c1,order-worker,0,340.84,0.3804,0,
order-worker-8a3c1_83,2026-07-13T09:01:23+00:00,order-worker-8a3c1,order-worker,0,364.92,0.4073,0,
order-worker-8a3c1_84,2026-07-13T09:01:24+00:00,order-worker-8a3c1,order-worker,0,360.54,0.4024,0,
order-worker-8a3c1_85,2026-07-13T09:01:25+00:00,order-worker-8a3c1,order-worker,0,353.98,0.3951,0,
order-worker-8a3c1_86,2026-07-13T09:01:26+00:00,order-worker-8a3c1,order-worker,0,369.48,0.4124,0,
order-worker-8a3c1_87,2026-07-13T09:01:27+00:00,order-worker-8a3c1,order-worker,0,371.82,0.415,0,
order-worker-8a3c1_88,2026-07-13T09:01:28+00:00,order-worker-8a3c1,order-worker,0,369.7,0.4126,0,
order-worker-8a3c1_89,2026-07-13T09:01:29+00:00,order-worker-8a3c1,order-worker,0,367.73,0.4104,0,
order-worker-8a3c1_90,2026-07-13T09:01:30+00:00,order-worker-8a3c1,order-worker,0,364.43,0.4067,0,
order-worker-8a3c1_91,2026-07-13T09:01:31+00:00,order-worker-8a3c1,order-worker,0,367.55,0.4102,0,
order-worker-8a3c1_92,2026-07-13T09:01:32+00:00,order-worker-8a3c1,order-worker,0,365.44,0.4079,0,
order-worker-8a3c1_93,2026-07-13T09:01:33+00:00,order-worker-8a3c1,order-worker,0,355.28,0.3965,0,
order-worker-8a3c1_94,2026-07-13T09:01:34+00:00,order-worker-8a3c1,order-worker,0,365.16,0.4075,0,
order-worker-8a3c1_95,2026-07-13T09:01:35+00:00,order-worker-8a3c1,order-worker,0,354.45,0.3956,0,
order-worker-8a3c1_96,2026-07-13T09:01:36+00:00,order-worker-8a3c1,order-worker,0,360.99,0.4029,0,
order-worker-8a3c1_97,2026-07-13T09:01:37+00:00,order-worker-8a3c1,order-worker,0,344.77,0.3848,0,
order-worker-8a3c1_98,2026-07-13T09:01:38+00:00,order-worker-8a3c1,order-worker,0,340.12,0.3796,0,
order-worker-8a3c1_99,2026-07-13T09:01:39+00:00,order-worker-8a3c1,order-worker,0,369.73,0.4126,0,
order-worker-8a3c1_100,2026-07-13T09:01:40+00:00,order-worker-8a3c1,order-worker,0,366.85,0.4094,0,
order-worker-8a3c1_101,2026-07-13T09:01:41+00:00,order-worker-8a3c1,order-worker,0,375.99,0.4196,0,
order-worker-8a3c1_102,2026-07-13T09:01:42+00:00,order-worker-8a3c1,order-worker,0,368.86,0.4117,0,
order-worker-8a3c1_103,2026-07-13T09:01:43+00:00,order-worker-8a3c1,order-worker,0,355.3,0.3965,0,
order-worker-8a3c1_104,2026-07-13T09:01:44+00:00,order-worker-8a3c1,order-worker,0,366.55,0.4091,0,
order-worker-8a3c1_105,2026-07-13T09:01:45+00:00,order-worker-8a3c1,order-worker,0,357.4,0.3989,0,
order-worker-8a3c1_106,2026-07-13T09:01:46+00:00,order-worker-8a3c1,order-worker,0,366.29,0.4088,0,
order-worker-8a3c1_107,2026-07-13T09:01:47+00:00,order-worker-8a3c1,order-worker,0,363.04,0.4052,0,
order-worker-8a3c1_108,2026-07-13T09:01:48+00:00,order-worker-8a3c1,order-worker,0,368.49,0.4113,0,
order-worker-8a3c1_109,2026-07-13T09:01:49+00:00,order-worker-8a3c1,order-worker,0,362.41,0.4045,0,
order-worker-8a3c1_110,2026-07-13T09:01:50+00:00,order-worker-8a3c1,order-worker,0,363.71,0.4059,0,
order-worker-8a3c1_111,2026-07-13T09:01:51+00:00,order-worker-8a3c1,order-worker,0,364.39,0.4067,0,
order-worker-8a3c1_112,2026-07-13T09:01:52+00:00,order-worker-8a3c1,order-worker,0,359.32,0.401,0,
order-worker-8a3c1_113,2026-07-13T09:01:53+00:00,order-worker-8a3c1,order-worker,0,368.43,0.4112,0,
order-worker-8a3c1_114,2026-07-13T09:01:54+00:00,order-worker-8a3c1,order-worker,0,365.13,0.4075,0,
order-worker-8a3c1_115,2026-07-13T09:01:55+00:00,order-worker-8a3c1,order-worker,0,349.18,0.3897,0,
order-worker-8a3c1_116,2026-07-13T09:01:56+00:00,order-worker-8a3c1,order-worker,0,344.19,0.3841,0,
order-worker-8a3c1_117,2026-07-13T09:01:57+00:00,order-worker-8a3c1,order-worker,0,352.31,0.3932,0,
order-worker-8a3c1_118,2026-07-13T09:01:58+00:00,order-worker-8a3c1,order-worker,0,361.02,0.4029,0,
order-worker-8a3c1_119,2026-07-13T09:01:59+00:00,order-worker-8a3c1,order-worker,0,356.57,0.398,0,
order-worker-8a3c1_120,2026-07-13T09:02:00+00:00,order-worker-8a3c1,order-worker,0,356.25,0.3976,0,
order-worker-8a3c1_121,2026-07-13T09:02:01+00:00,order-worker-8a3c1,order-worker,0,352.72,0.3937,0,
order-worker-8a3c1_122,2026-07-13T09:02:02+00:00,order-worker-8a3c1,order-worker,0,359.9,0.4017,0,
order-worker-8a3c1_123,2026-07-13T09:02:03+00:00,order-worker-8a3c1,order-worker,0,369.25,0.4121,0,
order-worker-8a3c1_124,2026-07-13T09:02:04+00:00,order-worker-8a3c1,order-worker,0,356.96,0.3984,0,
order-worker-8a3c1_125,2026-07-13T09:02:05+00:00,order-worker-8a3c1,order-worker,0,361.95,0.404,0,
order-worker-8a3c1_126,2026-07-13T09:02:06+00:00,order-worker-8a3c1,order-worker,0,338.33,0.3776,0,
order-worker-8a3c1_127,2026-07-13T09:02:07+00:00,order-worker-8a3c1,order-worker,0,368.71,0.4115,0,
order-worker-8a3c1_128,2026-07-13T09:02:08+00:00,order-worker-8a3c1,order-worker,0,363.4,0.4056,0,
order-worker-8a3c1_129,2026-07-13T09:02:09+00:00,order-worker-8a3c1,order-worker,0,355.49,0.3968,0,
order-worker-8a3c1_130,2026-07-13T09:02:10+00:00,order-worker-8a3c1,order-worker,0,367.02,0.4096,0,
order-worker-8a3c1_131,2026-07-13T09:02:11+00:00,order-worker-8a3c1,order-worker,0,363.88,0.4061,0,
order-worker-8a3c1_132,2026-07-13T09:02:12+00:00,order-worker-8a3c1,order-worker,0,366.94,0.4095,0,
order-worker-8a3c1_133,2026-07-13T09:02:13+00:00,order-worker-8a3c1,order-worker,0,373.99,0.4174,0,
order-worker-8a3c1_134,2026-07-13T09:02:14+00:00,order-worker-8a3c1,order-worker,0,359.42,0.4011,0,
order-worker-8a3c1_135,2026-07-13T09:02:15+00:00,order-worker-8a3c1,order-worker,0,348.1,0.3885,0,
order-worker-8a3c1_136,2026-07-13T09:02:16+00:00,order-worker-8a3c1,order-worker,0,368.56,0.4113,0,
order-worker-8a3c1_137,2026-07-13T09:02:17+00:00,order-worker-8a3c1,order-worker,0,362.95,0.4051,0,
order-worker-8a3c1_138,2026-07-13T09:02:18+00:00,order-worker-8a3c1,order-worker,0,351.51,0.3923,0,
order-worker-8a3c1_139,2026-07-13T09:02:19+00:00,order-worker-8a3c1,order-worker,0,370.24,0.4132,0,
order-worker-8a3c1_140,2026-07-13T09:02:20+00:00,order-worker-8a3c1,order-worker,0,369.85,0.4128,0,
order-worker-8a3c1_141,2026-07-13T09:02:21+00:00,order-worker-8a3c1,order-worker,0,363.93,0.4062,0,
order-worker-8a3c1_142,2026-07-13T09:02:22+00:00,order-worker-8a3c1,order-worker,0,363.67,0.4059,0,
order-worker-8a3c1_143,2026-07-13T09:02:23+00:00,order-worker-8a3c1,order-worker,0,364.35,0.4066,0,
order-worker-8a3c1_144,2026-07-13T09:02:24+00:00,order-worker-8a3c1,order-worker,0,361.03,0.4029,0,
order-worker-8a3c1_145,2026-07-13T09:02:25+00:00,order-worker-8a3c1,order-worker,0,361.71,0.4037,0,
order-worker-8a3c1_146,2026-07-13T09:02:26+00:00,order-worker-8a3c1,order-worker,0,362.29,0.4043,0,
order-worker-8a3c1_147,2026-07-13T09:02:27+00:00,order-worker-8a3c1,order-worker,0,365.18,0.4076,0,
order-worker-8a3c1_148,2026-07-13T09:02:28+00:00,order-worker-8a3c1,order-worker,0,367.15,0.4098,0,
order-worker-8a3c1_149,2026-07-13T09:02:29+00:00,order-worker-8a3c1,order-worker,0,366.79,0.4094,0,
order-worker-8a3c1_150,2026-07-13T09:02:30+00:00,order-worker-8a3c1,order-worker,0,572.18,0.6386,0,
order-worker-8a3c1_151,2026-07-13T09:02:31+00:00,order-worker-8a3c1,order-worker,0,534.08,0.5961,0,
order-worker-8a3c1_152,2026-07-13T09:02:32+00:00,order-worker-8a3c1,order-worker,0,566.8,0.6326,0,
order-worker-8a3c1_153,2026-07-13T09:02:33+00:00,order-worker-8a3c1,order-worker,0,528.31,0.5896,0,
order-worker-8a3c1_154,2026-07-13T09:02:34+00:00,order-worker-8a3c1,order-worker,0,486.19,0.5426,0,
order-worker-8a3c1_155,2026-07-13T09:02:35+00:00,order-worker-8a3c1,order-worker,0,528.15,0.5895,0,
order-worker-8a3c1_156,2026-07-13T09:02:36+00:00,order-worker-8a3c1,order-worker,0,559.4,0.6243,0,
order-worker-8a3c1_157,2026-07-13T09:02:37+00:00,order-worker-8a3c1,order-worker,0,525.86,0.5869,0,
order-worker-8a3c1_158,2026-07-13T09:02:38+00:00,order-worker-8a3c1,order-worker,0,515.53,0.5754,0,
order-worker-8a3c1_159,2026-07-13T09:02:39+00:00,order-worker-8a3c1,order-worker,0,519.64,0.58,0,
order-worker-8a3c1_160,2026-07-13T09:02:40+00:00,order-worker-8a3c1,order-worker,0,586.9,0.655,0,
order-worker-8a3c1_161,2026-07-13T09:02:41+00:00,order-worker-8a3c1,order-worker,0,534.47,0.5965,0,
order-worker-8a3c1_162,2026-07-13T09:02:42+00:00,order-worker-8a3c1,order-worker,0,534.32,0.5963,0,
order-worker-8a3c1_163,2026-07-13T09:02:43+00:00,order-worker-8a3c1,order-worker,0,484.03,0.5402,0,
order-worker-8a3c1_164,2026-07-13T09:02:44+00:00,order-worker-8a3c1,order-worker,0,539.18,0.6018,0,
order-worker-8a3c1_165,2026-07-13T09:02:45+00:00,order-worker-8a3c1,order-worker,0,526.52,0.5876,0,
order-worker-8a3c1_166,2026-07-13T09:02:46+00:00,order-worker-8a3c1,order-worker,0,548.39,0.612,0,
order-worker-8a3c1_167,2026-07-13T09:02:47+00:00,order-worker-8a3c1,order-worker,0,519.63,0.5799,0,
order-worker-8a3c1_168,2026-07-13T09:02:48+00:00,order-worker-8a3c1,order-worker,0,550.81,0.6147,0,
order-worker-8a3c1_169,2026-07-13T09:02:49+00:00,order-worker-8a3c1,order-worker,0,549.03,0.6128,0,
order-worker-8a3c1_170,2026-07-13T09:02:50+00:00,order-worker-8a3c1,order-worker,0,582.39,0.65,0,
order-worker-8a3c1_171,2026-07-13T09:02:51+00:00,order-worker-8a3c1,order-worker,0,527.94,0.5892,0,
order-worker-8a3c1_172,2026-07-13T09:02:52+00:00,order-worker-8a3c1,order-worker,0,542.87,0.6059,0,
order-worker-8a3c1_173,2026-07-13T09:02:53+00:00,order-worker-8a3c1,order-worker,0,514.78,0.5745,0,
order-worker-8a3c1_174,2026-07-13T09:02:54+00:00,order-worker-8a3c1,order-worker,0,527.52,0.5887,0,
order-worker-8a3c1_175,2026-07-13T09:02:55+00:00,order-worker-8a3c1,order-worker,0,547.85,0.6114,0,
order-worker-8a3c1_176,2026-07-13T09:02:56+00:00,order-worker-8a3c1,order-worker,0,509.77,0.5689,0,
order-worker-8a3c1_177,2026-07-13T09:02:57+00:00,order-worker-8a3c1,order-worker,0,550.66,0.6146,0,
order-worker-8a3c1_178,2026-07-13T09:02:58+00:00,order-worker-8a3c1,order-worker,0,549.32,0.6131,0,
order-worker-8a3c1_179,2026-07-13T09:02:59+00:00,order-worker-8a3c1,order-worker,0,547.92,0.6115,0,
order-worker-8a3c1_180,2026-07-13T09:03:00+00:00,order-worker-8a3c1,order-worker,0,496.19,0.5538,0,
order-worker-8a3c1_181,2026-07-13T09:03:01+00:00,order-worker-8a3c1,order-worker,0,534.88,0.597,0,
order-worker-8a3c1_182,2026-07-13T09:03:02+00:00,order-worker-8a3c1,order-worker,0,508.37,0.5674,0,
order-worker-8a3c1_183,2026-07-13T09:03:03+00:00,order-worker-8a3c1,order-worker,0,558.55,0.6234,0,
order-worker-8a3c1_184,2026-07-13T09:03:04+00:00,order-worker-8a3c1,order-worker,0,519.03,0.5793,0,
order-worker-8a3c1_185,2026-07-13T09:03:05+00:00,order-worker-8a3c1,order-worker,0,535.01,0.5971,0,
order-worker-8a3c1_186,2026-07-13T09:03:06+00:00,order-worker-8a3c1,order-worker,0,535.94,0.5981,0,
order-worker-8a3c1_187,2026-07-13T09:03:07+00:00,order-worker-8a3c1,order-worker,0,545.76,0.6091,0,
order-worker-8a3c1_188,2026-07-13T09:03:08+00:00,order-worker-8a3c1,order-worker,0,565.33,0.6309,0,
order-worker-8a3c1_189,2026-07-13T09:03:09+00:00,order-worker-8a3c1,order-worker,0,506.62,0.5654,0,
order-worker-8a3c1_190,2026-07-13T09:03:10+00:00,order-worker-8a3c1,order-worker,0,564.67,0.6302,0,
order-worker-8a3c1_191,2026-07-13T09:03:11+00:00,order-worker-8a3c1,order-worker,0,543.08,0.6061,0,
order-worker-8a3c1_192,2026-07-13T09:03:12+00:00,order-worker-8a3c1,order-worker,0,521.52,0.5821,0,
order-worker-8a3c1_193,2026-07-13T09:03:13+00:00,order-worker-8a3c1,order-worker,0,542.91,0.6059,0,
order-worker-8a3c1_194,2026-07-13T09:03:14+00:00,order-worker-8a3c1,order-worker,0,512.09,0.5715,0,
order-worker-8a3c1_195,2026-07-13T09:03:15+00:00,order-worker-8a3c1,order-worker,0,565.01,0.6306,0,
order-worker-8a3c1_196,2026-07-13T09:03:16+00:00,order-worker-8a3c1,order-worker,0,548.9,0.6126,0,
order-worker-8a3c1_197,2026-07-13T09:03:17+00:00,order-worker-8a3c1,order-worker,0,496.55,0.5542,0,
order-worker-8a3c1_198,2026-07-13T09:03:18+00:00,order-worker-8a3c1,order-worker,0,567.91,0.6338,0,
order-worker-8a3c1_199,2026-07-13T09:03:19+00:00,order-worker-8a3c1,order-worker,0,562.69,0.628,0,
order-worker-8a3c1_200,2026-07-13T09:03:20+00:00,order-worker-8a3c1,order-worker,0,538.58,0.6011,0,
order-worker-8a3c1_201,2026-07-13T09:03:21+00:00,order-worker-8a3c1,order-worker,0,556.79,0.6214,0,
order-worker-8a3c1_202,2026-07-13T09:03:22+00:00,order-worker-8a3c1,order-worker,0,526.82,0.588,0,
order-worker-8a3c1_203,2026-07-13T09:03:23+00:00,order-worker-8a3c1,order-worker,0,529.94,0.5915,0,
order-worker-8a3c1_204,2026-07-13T09:03:24+00:00,order-worker-8a3c1,order-worker,0,553.7,0.618,0,
order-worker-8a3c1_205,2026-07-13T09:03:25+00:00,order-worker-8a3c1,order-worker,0,531.55,0.5932,0,
order-worker-8a3c1_206,2026-07-13T09:03:26+00:00,order-worker-8a3c1,order-worker,0,539.32,0.6019,0,
order-worker-8a3c1_207,2026-07-13T09:03:27+00:00,order-worker-8a3c1,order-worker,0,545.36,0.6087,0,
order-worker-8a3c1_208,2026-07-13T09:03:28+00:00,order-worker-8a3c1,order-worker,0,540.18,0.6029,0,
order-worker-8a3c1_209,2026-07-13T09:03:29+00:00,order-worker-8a3c1,order-worker,0,540.24,0.6029,0,
order-worker-8a3c1_210,2026-07-13T09:03:30+00:00,order-worker-8a3c1,order-worker,0,563.53,0.6289,0,
order-worker-8a3c1_211,2026-07-13T09:03:31+00:00,order-worker-8a3c1,order-worker,0,583.64,0.6514,0,
order-worker-8a3c1_212,2026-07-13T09:03:32+00:00,order-worker-8a3c1,order-worker,0,550.41,0.6143,0,
order-worker-8a3c1_213,2026-07-13T09:03:33+00:00,order-worker-8a3c1,order-worker,0,549.68,0.6135,0,
order-worker-8a3c1_214,2026-07-13T09:03:34+00:00,order-worker-8a3c1,order-worker,0,528.94,0.5903,0,
order-worker-8a3c1_215,2026-07-13T09:03:35+00:00,order-worker-8a3c1,order-worker,0,512.16,0.5716,0,
order-worker-8a3c1_216,2026-07-13T09:03:36+00:00,order-worker-8a3c1,order-worker,0,546.8,0.6103,0,
order-worker-8a3c1_217,2026-07-13T09:03:37+00:00,order-worker-8a3c1,order-worker,0,528.91,0.5903,0,
order-worker-8a3c1_218,2026-07-13T09:03:38+00:00,order-worker-8a3c1,order-worker,0,546.77,0.6102,0,
order-worker-8a3c1_219,2026-07-13T09:03:39+00:00,order-worker-8a3c1,order-worker,0,523.62,0.5844,0,
order-worker-8a3c1_220,2026-07-13T09:03:40+00:00,order-worker-8a3c1,order-worker,0,559.88,0.6249,0,
order-worker-8a3c1_221,2026-07-13T09:03:41+00:00,order-worker-8a3c1,order-worker,0,552.75,0.6169,0,
order-worker-8a3c1_222,2026-07-13T09:03:42+00:00,order-worker-8a3c1,order-worker,0,536.29,0.5985,0,
order-worker-8a3c1_223,2026-07-13T09:03:43+00:00,order-worker-8a3c1,order-worker,0,553.67,0.6179,0,
order-worker-8a3c1_224,2026-07-13T09:03:44+00:00,order-worker-8a3c1,order-worker,0,541.93,0.6048,0,
order-worker-8a3c1_225,2026-07-13T09:03:45+00:00,order-worker-8a3c1,order-worker,0,513.87,0.5735,0,
order-worker-8a3c1_226,2026-07-13T09:03:46+00:00,order-worker-8a3c1,order-worker,0,563.16,0.6285,0,
order-worker-8a3c1_227,2026-07-13T09:03:47+00:00,order-worker-8a3c1,order-worker,0,489.19,0.546,0,
order-worker-8a3c1_228,2026-07-13T09:03:48+00:00,order-worker-8a3c1,order-worker,0,534.55,0.5966,0,
order-worker-8a3c1_229,2026-07-13T09:03:49+00:00,order-worker-8a3c1,order-worker,0,574.31,0.641,0,
order-worker-8a3c1_230,2026-07-13T09:03:50+00:00,order-worker-8a3c1,order-worker,0,549.17,0.6129,0,
order-worker-8a3c1_231,2026-07-13T09:03:51+00:00,order-worker-8a3c1,order-worker,0,362.73,0.4048,0,
order-worker-8a3c1_232,2026-07-13T09:03:52+00:00,order-worker-8a3c1,order-worker,0,352.17,0.393,0,
order-worker-8a3c1_233,2026-07-13T09:03:53+00:00,order-worker-8a3c1,order-worker,0,368.54,0.4113,0,
order-worker-8a3c1_234,2026-07-13T09:03:54+00:00,order-worker-8a3c1,order-worker,0,365.22,0.4076,0,
order-worker-8a3c1_235,2026-07-13T09:03:55+00:00,order-worker-8a3c1,order-worker,0,357.06,0.3985,0,
order-worker-8a3c1_236,2026-07-13T09:03:56+00:00,order-worker-8a3c1,order-worker,0,358.42,0.4,0,
order-worker-8a3c1_237,2026-07-13T09:03:57+00:00,order-worker-8a3c1,order-worker,0,360.11,0.4019,0,
order-worker-8a3c1_238,2026-07-13T09:03:58+00:00,order-worker-8a3c1,order-worker,0,365.28,0.4077,0,
order-worker-8a3c1_239,2026-07-13T09:03:59+00:00,order-worker-8a3c1,order-worker,0,361.42,0.4034,0,
order-worker-8a3c1_240,2026-07-13T09:04:00+00:00,order-worker-8a3c1,order-worker,0,351.89,0.3927,0,
order-worker-8a3c1_241,2026-07-13T09:04:01+00:00,order-worker-8a3c1,order-worker,0,352.42,0.3933,0,
order-worker-8a3c1_242,2026-07-13T09:04:02+00:00,order-worker-8a3c1,order-worker,0,341.41,0.381,0,
order-worker-8a3c1_243,2026-07-13T09:04:03+00:00,order-worker-8a3c1,order-worker,0,349.52,0.3901,0,
order-worker-8a3c1_244,2026-07-13T09:04:04+00:00,order-worker-8a3c1,order-worker,0,351.13,0.3919,0,
order-worker-8a3c1_245,2026-07-13T09:04:05+00:00,order-worker-8a3c1,order-worker,0,367.68,0.4104,0,
order-worker-8a3c1_246,2026-07-13T09:04:06+00:00,order-worker-8a3c1,order-worker,0,368.97,0.4118,0,
order-worker-8a3c1_247,2026-07-13T09:04:07+00:00,order-worker-8a3c1,order-worker,0,351.55,0.3924,0,
order-worker-8a3c1_248,2026-07-13T09:04:08+00:00,order-worker-8a3c1,order-worker,0,359.94,0.4017,0,
order-worker-8a3c1_249,2026-07-13T09:04:09+00:00,order-worker-8a3c1,order-worker,0,358.84,0.4005,0,
order-worker-8a3c1_250,2026-07-13T09:04:10+00:00,order-worker-8a3c1,order-worker,0,367.7,0.4104,0,
order-worker-8a3c1_251,2026-07-13T09:04:11+00:00,order-worker-8a3c1,order-worker,0,371.27,0.4144,0,
order-worker-8a3c1_252,2026-07-13T09:04:12+00:00,order-worker-8a3c1,order-worker,0,381.67,0.426,0,
order-worker-8a3c1_253,2026-07-13T09:04:13+00:00,order-worker-8a3c1,order-worker,0,355.86,0.3972,0,
order-worker-8a3c1_254,2026-07-13T09:04:14+00:00,order-worker-8a3c1,order-worker,0,344.69,0.3847,0,
order-worker-8a3c1_255,2026-07-13T09:04:15+00:00,order-worker-8a3c1,order-worker,0,360.4,0.4022,0,
order-worker-8a3c1_256,2026-07-13T09:04:16+00:00,order-worker-8a3c1,order-worker,0,358.97,0.4006,0,
order-worker-8a3c1_257,2026-07-13T09:04:17+00:00,order-worker-8a3c1,order-worker,0,353.07,0.3941,0,
order-worker-8a3c1_258,2026-07-13T09:04:18+00:00,order-worker-8a3c1,order-worker,0,349.98,0.3906,0,
order-worker-8a3c1_259,2026-07-13T09:04:19+00:00,order-worker-8a3c1,order-worker,0,352.11,0.393,0,
order-worker-8a3c1_260,2026-07-13T09:04:20+00:00,order-worker-8a3c1,order-worker,0,365.76,0.4082,0,
order-worker-8a3c1_261,2026-07-13T09:04:21+00:00,order-worker-8a3c1,order-worker,0,373.13,0.4164,0,
order-worker-8a3c1_262,2026-07-13T09:04:22+00:00,order-worker-8a3c1,order-worker,0,353.68,0.3947,0,
order-worker-8a3c1_263,2026-07-13T09:04:23+00:00,order-worker-8a3c1,order-worker,0,345.92,0.3861,0,
order-worker-8a3c1_264,2026-07-13T09:04:24+00:00,order-worker-8a3c1,order-worker,0,359.09,0.4008,0,
order-worker-8a3c1_265,2026-07-13T09:04:25+00:00,order-worker-8a3c1,order-worker,0,355.83,0.3971,0,
order-worker-8a3c1_266,2026-07-13T09:04:26+00:00,order-worker-8a3c1,order-worker,0,363.56,0.4058,0,
order-worker-8a3c1_267,2026-07-13T09:04:27+00:00,order-worker-8a3c1,order-worker,0,353.61,0.3947,0,
order-worker-8a3c1_268,2026-07-13T09:04:28+00:00,order-worker-8a3c1,order-worker,0,364.14,0.4064,0,
order-worker-8a3c1_269,2026-07-13T09:04:29+00:00,order-worker-8a3c1,order-worker,0,361.97,0.404,0,
order-worker-8a3c1_270,2026-07-13T09:04:30+00:00,order-worker-8a3c1,order-worker,0,353.65,0.3947,0,
order-worker-8a3c1_271,2026-07-13T09:04:31+00:00,order-worker-8a3c1,order-worker,0,306.57,0.3422,0,
order-worker-8a3c1_272,2026-07-13T09:04:32+00:00,order-worker-8a3c1,order-worker,0,308.45,0.3443,0,
order-worker-8a3c1_273,2026-07-13T09:04:33+00:00,order-worker-8a3c1,order-worker,0,298.72,0.3334,0,
order-worker-8a3c1_274,2026-07-13T09:04:34+00:00,order-worker-8a3c1,order-worker,0,306.04,0.3416,0,
order-worker-8a3c1_275,2026-07-13T09:04:35+00:00,order-worker-8a3c1,order-worker,0,297.32,0.3318,0,
order-worker-8a3c1_276,2026-07-13T09:04:36+00:00,order-worker-8a3c1,order-worker,0,293.39,0.3274,0,
order-worker-8a3c1_277,2026-07-13T09:04:37+00:00,order-worker-8a3c1,order-worker,0,317.69,0.3546,0,
order-worker-8a3c1_278,2026-07-13T09:04:38+00:00,order-worker-8a3c1,order-worker,0,290.1,0.3238,0,
order-worker-8a3c1_279,2026-07-13T09:04:39+00:00,order-worker-8a3c1,order-worker,0,319.85,0.357,0,
order-worker-8a3c1_280,2026-07-13T09:04:40+00:00,order-worker-8a3c1,order-worker,0,294.46,0.3286,0,
order-worker-8a3c1_281,2026-07-13T09:04:41+00:00,order-worker-8a3c1,order-worker,0,311.33,0.3475,0,
order-worker-8a3c1_282,2026-07-13T09:04:42+00:00,order-worker-8a3c1,order-worker,0,302.3,0.3374,0,
order-worker-8a3c1_283,2026-07-13T09:04:43+00:00,order-worker-8a3c1,order-worker,0,293.12,0.3271,0,
order-worker-8a3c1_284,2026-07-13T09:04:44+00:00,order-worker-8a3c1,order-worker,0,297.03,0.3315,0,
order-worker-8a3c1_285,2026-07-13T09:04:45+00:00,order-worker-8a3c1,order-worker,0,303.02,0.3382,0,
order-worker-8a3c1_286,2026-07-13T09:04:46+00:00,order-worker-8a3c1,order-worker,0,297.6,0.3321,0,
order-worker-8a3c1_287,2026-07-13T09:04:47+00:00,order-worker-8a3c1,order-worker,0,293.82,0.3279,0,
order-worker-8a3c1_288,2026-07-13T09:04:48+00:00,order-worker-8a3c1,order-worker,0,300.49,0.3354,0,
order-worker-8a3c1_289,2026-07-13T09:04:49+00:00,order-worker-8a3c1,order-worker,0,297.23,0.3317,0,
order-worker-8a3c1_290,2026-07-13T09:04:50+00:00,order-worker-8a3c1,order-worker,0,295.43,0.3297,0,
order-worker-8a3c1_291,2026-07-13T09:04:51+00:00,order-worker-8a3c1,order-worker,0,299.76,0.3346,0,
order-worker-8a3c1_292,2026-07-13T09:04:52+00:00,order-worker-8a3c1,order-worker,0,303.17,0.3384,0,
order-worker-8a3c1_293,2026-07-13T09:04:53+00:00,order-worker-8a3c1,order-worker,0,290.38,0.3241,0,
order-worker-8a3c1_294,2026-07-13T09:04:54+00:00,order-worker-8a3c1,order-worker,0,293.85,0.328,0,
order-worker-8a3c1_295,2026-07-13T09:04:55+00:00,order-worker-8a3c1,order-worker,0,301.65,0.3367,0,
order-worker-8a3c1_296,2026-07-13T09:04:56+00:00,order-worker-8a3c1,order-worker,0,305.85,0.3414,0,
order-worker-8a3c1_297,2026-07-13T09:04:57+00:00,order-worker-8a3c1,order-worker,0,303.28,0.3385,0,
order-worker-8a3c1_298,2026-07-13T09:04:58+00:00,order-worker-8a3c1,order-worker,0,297.78,0.3323,0,
order-worker-8a3c1_299,2026-07-13T09:04:59+00:00,order-worker-8a3c1,order-worker,0,304.62,0.34,0,
order-worker-8a3c1_300,2026-07-13T09:05:00+00:00,order-worker-8a3c1,order-worker,0,293.43,0.3275,0,
order-worker-8a3c1_301,2026-07-13T09:05:01+00:00,order-worker-8a3c1,order-worker,0,304.34,0.3397,0,
order-worker-8a3c1_302,2026-07-13T09:05:02+00:00,order-worker-8a3c1,order-worker,0,306.55,0.3421,0,
order-worker-8a3c1_303,2026-07-13T09:05:03+00:00,order-worker-8a3c1,order-worker,0,300.33,0.3352,0,
order-worker-8a3c1_304,2026-07-13T09:05:04+00:00,order-worker-8a3c1,order-worker,0,297.11,0.3316,0,
order-worker-8a3c1_305,2026-07-13T09:05:05+00:00,order-worker-8a3c1,order-worker,0,289.96,0.3236,0,
order-worker-8a3c1_306,2026-07-13T09:05:06+00:00,order-worker-8a3c1,order-worker,0,293.45,0.3275,0,
order-worker-8a3c1_307,2026-07-13T09:05:07+00:00,order-worker-8a3c1,order-worker,0,315.7,0.3523,0,
order-worker-8a3c1_308,2026-07-13T09:05:08+00:00,order-worker-8a3c1,order-worker,0,301.53,0.3365,0,
order-worker-8a3c1_309,2026-07-13T09:05:09+00:00,order-worker-8a3c1,order-worker,0,289.69,0.3233,0,
order-worker-8a3c1_310,2026-07-13T09:05:10+00:00,order-worker-8a3c1,order-worker,0,297.69,0.3322,0,
order-worker-8a3c1_311,2026-07-13T09:05:11+00:00,order-worker-8a3c1,order-worker,0,313.34,0.3497,0,
order-worker-8a3c1_312,2026-07-13T09:05:12+00:00,order-worker-8a3c1,order-worker,0,312.32,0.3486,0,
order-worker-8a3c1_313,2026-07-13T09:05:13+00:00,order-worker-8a3c1,order-worker,0,301.96,0.337,0,
order-worker-8a3c1_314,2026-07-13T09:05:14+00:00,order-worker-8a3c1,order-worker,0,288.92,0.3225,0,
order-worker-8a3c1_315,2026-07-13T09:05:15+00:00,order-worker-8a3c1,order-worker,0,287.56,0.3209,0,
order-worker-8a3c1_316,2026-07-13T09:05:16+00:00,order-worker-8a3c1,order-worker,0,291.78,0.3256,0,
order-worker-8a3c1_317,2026-07-13T09:05:17+00:00,order-worker-8a3c1,order-worker,0,293.61,0.3277,0,
order-worker-8a3c1_318,2026-07-13T09:05:18+00:00,order-worker-8a3c1,order-worker,0,297.46,0.332,0,
order-worker-8a3c1_319,2026-07-13T09:05:19+00:00,order-worker-8a3c1,order-worker,0,299.43,0.3342,0,
order-worker-8a3c1_320,2026-07-13T09:05:20+00:00,order-worker-8a3c1,order-worker,0,300.84,0.3358,0,
order-worker-8a3c1_321,2026-07-13T09:05:21+00:00,order-worker-8a3c1,order-worker,0,294.92,0.3292,0,
order-worker-8a3c1_322,2026-07-13T09:05:22+00:00,order-worker-8a3c1,order-worker,0,283.41,0.3163,0,
order-worker-8a3c1_323,2026-07-13T09:05:23+00:00,order-worker-8a3c1,order-worker,0,313.7,0.3501,0,
order-worker-8a3c1_324,2026-07-13T09:05:24+00:00,order-worker-8a3c1,order-worker,0,306.33,0.3419,0,
order-worker-8a3c1_325,2026-07-13T09:05:25+00:00,order-worker-8a3c1,order-worker,0,305.53,0.341,0,
order-worker-8a3c1_326,2026-07-13T09:05:26+00:00,order-worker-8a3c1,order-worker,0,317.29,0.3541,0,
order-worker-8a3c1_327,2026-07-13T09:05:27+00:00,order-worker-8a3c1,order-worker,0,299.0,0.3337,0,
order-worker-8a3c1_328,2026-07-13T09:05:28+00:00,order-worker-8a3c1,order-worker,0,296.67,0.3311,0,
order-worker-8a3c1_329,2026-07-13T09:05:29+00:00,order-worker-8a3c1,order-worker,0,314.88,0.3514,0,
order-worker-8a3c1_330,2026-07-13T09:05:30+00:00,order-worker-8a3c1,order-worker,0,293.77,0.3279,0,
order-worker-8a3c1_331,2026-07-13T09:05:31+00:00,order-worker-8a3c1,order-worker,0,296.37,0.3308,0,
order-worker-8a3c1_332,2026-07-13T09:05:32+00:00,order-worker-8a3c1,order-worker,0,292.01,0.3259,0,
order-worker-8a3c1_333,2026-07-13T09:05:33+00:00,order-worker-8a3c1,order-worker,0,292.0,0.3259,0,
order-worker-8a3c1_334,2026-07-13T09:05:34+00:00,order-worker-8a3c1,order-worker,0,301.36,0.3363,0,
order-worker-8a3c1_335,2026-07-13T09:05:35+00:00,order-worker-8a3c1,order-worker,0,303.18,0.3384,0,
order-worker-8a3c1_336,2026-07-13T09:05:36+00:00,order-worker-8a3c1,order-worker,0,312.16,0.3484,0,
order-worker-8a3c1_337,2026-07-13T09:05:37+00:00,order-worker-8a3c1,order-worker,0,295.8,0.3301,0,
order-worker-8a3c1_338,2026-07-13T09:05:38+00:00,order-worker-8a3c1,order-worker,0,296.86,0.3313,0,
order-worker-8a3c1_339,2026-07-13T09:05:39+00:00,order-worker-8a3c1,order-worker,0,296.48,0.3309,0,
order-worker-8a3c1_340,2026-07-13T09:05:40+00:00,order-worker-8a3c1,order-worker,0,308.17,0.3439,0,
order-worker-8a3c1_341,2026-07-13T09:05:41+00:00,order-worker-8a3c1,order-worker,0,300.67,0.3356,0,
order-worker-8a3c1_342,2026-07-13T09:05:42+00:00,order-worker-8a3c1,order-worker,0,299.13,0.3339,0,
order-worker-8a3c1_343,2026-07-13T09:05:43+00:00,order-worker-8a3c1,order-worker,0,317.58,0.3544,0,
order-worker-8a3c1_344,2026-07-13T09:05:44+00:00,order-worker-8a3c1,order-worker,0,310.52,0.3466,0,
order-worker-8a3c1_345,2026-07-13T09:05:45+00:00,order-worker-8a3c1,order-worker,0,296.38,0.3308,0,
order-worker-8a3c1_346,2026-07-13T09:05:46+00:00,order-worker-8a3c1,order-worker,0,291.25,0.3251,0,
order-worker-8a3c1_347,2026-07-13T09:05:47+00:00,order-worker-8a3c1,order-worker,0,300.77,0.3357,0,
order-worker-8a3c1_348,2026-07-13T09:05:48+00:00,order-worker-8a3c1,order-worker,0,303.95,0.3392,0,
order-worker-8a3c1_349,2026-07-13T09:05:49+00:00,order-worker-8a3c1,order-worker,0,305.94,0.3415,0,
order-worker-8a3c1_350,2026-07-13T09:05:50+00:00,order-worker-8a3c1,order-worker,0,301.62,0.3366,0,
order-worker-8a3c1_351,2026-07-13T09:05:51+00:00,order-worker-8a3c1,order-worker,0,294.52,0.3287,0,
order-worker-8a3c1_352,2026-07-13T09:05:52+00:00,order-worker-8a3c1,order-worker,0,303.81,0.3391,0,
order-worker-8a3c1_353,2026-07-13T09:05:53+00:00,order-worker-8a3c1,order-worker,0,310.33,0.3464,0,
order-worker-8a3c1_354,2026-07-13T09:05:54+00:00,order-worker-8a3c1,order-worker,0,290.72,0.3245,0,
order-worker-8a3c1_355,2026-07-13T09:05:55+00:00,order-worker-8a3c1,order-worker,0,284.52,0.3175,0,
order-worker-8a3c1_356,2026-07-13T09:05:56+00:00,order-worker-8a3c1,order-worker,0,305.92,0.3414,0,
order-worker-8a3c1_357,2026-07-13T09:05:57+00:00,order-worker-8a3c1,order-worker,0,309.1,0.345,0,
order-worker-8a3c1_358,2026-07-13T09:05:58+00:00,order-worker-8a3c1,order-worker,0,301.36,0.3363,0,
order-worker-8a3c1_359,2026-07-13T09:05:59+00:00,order-worker-8a3c1,order-worker,0,297.28,0.3318,0,
order-worker-8a3c1_360,2026-07-13T09:06:00+00:00,order-worker-8a3c1,order-worker,0,297.05,0.3315,0,
order-worker-8a3c1_361,2026-07-13T09:06:01+00:00,order-worker-8a3c1,order-worker,0,295.92,0.3303,0,
order-worker-8a3c1_362,2026-07-13T09:06:02+00:00,order-worker-8a3c1,order-worker,0,290.28,0.324,0,
order-worker-8a3c1_363,2026-07-13T09:06:03+00:00,order-worker-8a3c1,order-worker,0,297.21,0.3317,0,
order-worker-8a3c1_364,2026-07-13T09:06:04+00:00,order-worker-8a3c1,order-worker,0,308.01,0.3438,0,
order-worker-8a3c1_365,2026-07-13T09:06:05+00:00,order-worker-8a3c1,order-worker,0,296.55,0.331,0,
order-worker-8a3c1_366,2026-07-13T09:06:06+00:00,order-worker-8a3c1,order-worker,0,307.27,0.3429,0,
order-worker-8a3c1_367,2026-07-13T09:06:07+00:00,order-worker-8a3c1,order-worker,0,285.85,0.319,0,
order-worker-8a3c1_368,2026-07-13T09:06:08+00:00,order-worker-8a3c1,order-worker,0,311.35,0.3475,0,
order-worker-8a3c1_369,2026-07-13T09:06:09+00:00,order-worker-8a3c1,order-worker,0,290.08,0.3237,0,
order-worker-8a3c1_370,2026-07-13T09:06:10+00:00,order-worker-8a3c1,order-worker,0,305.71,0.3412,0,
order-worker-8a3c1_371,2026-07-13T09:06:11+00:00,order-worker-8a3c1,order-worker,0,289.78,0.3234,0,
order-worker-8a3c1_372,2026-07-13T09:06:12+00:00,order-worker-8a3c1,order-worker,0,290.63,0.3244,0,
order-worker-8a3c1_373,2026-07-13T09:06:13+00:00,order-worker-8a3c1,order-worker,0,299.44,0.3342,0,
order-worker-8a3c1_374,2026-07-13T09:06:14+00:00,order-worker-8a3c1,order-worker,0,320.85,0.3581,0,
order-worker-8a3c1_375,2026-07-13T09:06:15+00:00,order-worker-8a3c1,order-worker,0,298.1,0.3327,0,
order-worker-8a3c1_376,2026-07-13T09:06:16+00:00,order-worker-8a3c1,order-worker,0,293.34,0.3274,0,
order-worker-8a3c1_377,2026-07-13T09:06:17+00:00,order-worker-8a3c1,order-worker,0,290.18,0.3239,0,
order-worker-8a3c1_378,2026-07-13T09:06:18+00:00,order-worker-8a3c1,order-worker,0,312.48,0.3488,0,
order-worker-8a3c1_379,2026-07-13T09:06:19+00:00,order-worker-8a3c1,order-worker,0,286.14,0.3194,0,
order-worker-8a3c1_380,2026-07-13T09:06:20+00:00,order-worker-8a3c1,order-worker,0,305.39,0.3408,0,
order-worker-8a3c1_381,2026-07-13T09:06:21+00:00,order-worker-8a3c1,order-worker,0,291.98,0.3259,0,
order-worker-8a3c1_382,2026-07-13T09:06:22+00:00,order-worker-8a3c1,order-worker,0,304.26,0.3396,0,
order-worker-8a3c1_383,2026-07-13T09:06:23+00:00,order-worker-8a3c1,order-worker,0,303.91,0.3392,0,
order-worker-8a3c1_384,2026-07-13T09:06:24+00:00,order-worker-8a3c1,order-worker,0,305.83,0.3413,0,
order-worker-8a3c1_385,2026-07-13T09:06:25+00:00,order-worker-8a3c1,order-worker,0,289.04,0.3226,0,
order-worker-8a3c1_386,2026-07-13T09:06:26+00:00,order-worker-8a3c1,order-worker,0,301.18,0.3361,0,
order-worker-8a3c1_387,2026-07-13T09:06:27+00:00,order-worker-8a3c1,order-worker,0,289.29,0.3229,0,
order-worker-8a3c1_388,2026-07-13T09:06:28+00:00,order-worker-8a3c1,order-worker,0,291.3,0.3251,0,
order-worker-8a3c1_389,2026-07-13T09:06:29+00:00,order-worker-8a3c1,order-worker,0,299.76,0.3346,0,
order-worker-8a3c1_390,2026-07-13T09:06:30+00:00,order-worker-8a3c1,order-worker,0,305.1,0.3405,0,
order-worker-8a3c1_391,2026-07-13T09:06:31+00:00,order-worker-8a3c1,order-worker,0,307.11,0.3428,0,
order-worker-8a3c1_392,2026-07-13T09:06:32+00:00,order-worker-8a3c1,order-worker,0,310.08,0.3461,0,
order-worker-8a3c1_393,2026-07-13T09:06:33+00:00,order-worker-8a3c1,order-worker,0,306.41,0.342,0,
order-worker-8a3c1_394,2026-07-13T09:06:34+00:00,order-worker-8a3c1,order-worker,0,303.01,0.3382,0,
order-worker-8a3c1_395,2026-07-13T09:06:35+00:00,order-worker-8a3c1,order-worker,0,300.17,0.335,0,
order-worker-8a3c1_396,2026-07-13T09:06:36+00:00,order-worker-8a3c1,order-worker,0,309.04,0.3449,0,
order-worker-8a3c1_397,2026-07-13T09:06:37+00:00,order-worker-8a3c1,order-worker,0,312.82,0.3491,0,
order-worker-8a3c1_398,2026-07-13T09:06:38+00:00,order-worker-8a3c1,order-worker,0,305.53,0.341,0,
order-worker-8a3c1_399,2026-07-13T09:06:39+00:00,order-worker-8a3c1,order-worker,0,295.62,0.3299,0,
order-worker-8a3c1_400,2026-07-13T09:06:40+00:00,order-worker-8a3c1,order-worker,0,301.05,0.336,0,
order-worker-8a3c1_401,2026-07-13T09:06:41+00:00,order-worker-8a3c1,order-worker,0,296.54,0.331,0,
order-worker-8a3c1_402,2026-07-13T09:06:42+00:00,order-worker-8a3c1,order-worker,0,295.81,0.3301,0,
order-worker-8a3c1_403,2026-07-13T09:06:43+00:00,order-worker-8a3c1,order-worker,0,313.01,0.3493,0,
order-worker-8a3c1_404,2026-07-13T09:06:44+00:00,order-worker-8a3c1,order-worker,0,299.66,0.3344,0,
order-worker-8a3c1_405,2026-07-13T09:06:45+00:00,order-worker-8a3c1,order-worker,0,305.89,0.3414,0,
order-worker-8a3c1_406,2026-07-13T09:06:46+00:00,order-worker-8a3c1,order-worker,0,296.66,0.3311,0,
order-worker-8a3c1_407,2026-07-13T09:06:47+00:00,order-worker-8a3c1,order-worker,0,289.42,0.323,0,
order-worker-8a3c1_408,2026-07-13T09:06:48+00:00,order-worker-8a3c1,order-worker,0,309.41,0.3453,0,
order-worker-8a3c1_409,2026-07-13T09:06:49+00:00,order-worker-8a3c1,order-worker,0,298.82,0.3335,0,
order-worker-8a3c1_410,2026-07-13T09:06:50+00:00,order-worker-8a3c1,order-worker,0,301.98,0.337,0,
order-worker-8a3c1_411,2026-07-13T09:06:51+00:00,order-worker-8a3c1,order-worker,0,307.49,0.3432,0,
order-worker-8a3c1_412,2026-07-13T09:06:52+00:00,order-worker-8a3c1,order-worker,0,298.15,0.3328,0,
order-worker-8a3c1_413,2026-07-13T09:06:53+00:00,order-worker-8a3c1,order-worker,0,305.9,0.3414,0,
order-worker-8a3c1_414,2026-07-13T09:06:54+00:00,order-worker-8a3c1,order-worker,0,316.18,0.3529,0,
order-worker-8a3c1_415,2026-07-13T09:06:55+00:00,order-worker-8a3c1,order-worker,0,303.9,0.3392,0,
order-worker-8a3c1_416,2026-07-13T09:06:56+00:00,order-worker-8a3c1,order-worker,0,292.03,0.3259,0,
order-worker-8a3c1_417,2026-07-13T09:06:57+00:00,order-worker-8a3c1,order-worker,0,304.64,0.34,0,
order-worker-8a3c1_418,2026-07-13T09:06:58+00:00,order-worker-8a3c1,order-worker,0,299.89,0.3347,0,
order-worker-8a3c1_419,2026-07-13T09:06:59+00:00,order-worker-8a3c1,order-worker,0,302.73,0.3379,0,
order-worker-8a3c1_420,2026-07-13T09:07:00+00:00,order-worker-8a3c1,order-worker,0,301.57,0.3366,0,
order-worker-8a3c1_421,2026-07-13T09:07:01+00:00,order-worker-8a3c1,order-worker,0,290.11,0.3238,0,
order-worker-8a3c1_422,2026-07-13T09:07:02+00:00,order-worker-8a3c1,order-worker,0,305.07,0.3405,0,
order-worker-8a3c1_423,2026-07-13T09:07:03+00:00,order-worker-8a3c1,order-worker,0,299.12,0.3338,0,
order-worker-8a3c1_424,2026-07-13T09:07:04+00:00,order-worker-8a3c1,order-worker,0,301.83,0.3369,0,
order-worker-8a3c1_425,2026-07-13T09:07:05+00:00,order-worker-8a3c1,order-worker,0,295.97,0.3303,0,
order-worker-8a3c1_426,2026-07-13T09:07:06+00:00,order-worker-8a3c1,order-worker,0,295.47,0.3298,0,
order-worker-8a3c1_427,2026-07-13T09:07:07+00:00,order-worker-8a3c1,order-worker,0,305.2,0.3406,0,
order-worker-8a3c1_428,2026-07-13T09:07:08+00:00,order-worker-8a3c1,order-worker,0,309.0,0.3449,0,
order-worker-8a3c1_429,2026-07-13T09:07:09+00:00,order-worker-8a3c1,order-worker,0,299.61,0.3344,0,
order-worker-8a3c1_430,2026-07-13T09:07:10+00:00,order-worker-8a3c1,order-worker,0,306.75,0.3424,0,
order-worker-8a3c1_431,2026-07-13T09:07:11+00:00,order-worker-8a3c1,order-worker,0,304.42,0.3398,0,
order-worker-8a3c1_432,2026-07-13T09:07:12+00:00,order-worker-8a3c1,order-worker,0,294.9,0.3291,0,
order-worker-8a3c1_433,2026-07-13T09:07:13+00:00,order-worker-8a3c1,order-worker,0,303.42,0.3386,0,
order-worker-8a3c1_434,2026-07-13T09:07:14+00:00,order-worker-8a3c1,order-worker,0,309.85,0.3458,0,
order-worker-8a3c1_435,2026-07-13T09:07:15+00:00,order-worker-8a3c1,order-worker,0,298.52,0.3332,0,
order-worker-8a3c1_436,2026-07-13T09:07:16+00:00,order-worker-8a3c1,order-worker,0,305.01,0.3404,0,
order-worker-8a3c1_437,2026-07-13T09:07:17+00:00,order-worker-8a3c1,order-worker,0,316.97,0.3538,0,
order-worker-8a3c1_438,2026-07-13T09:07:18+00:00,order-worker-8a3c1,order-worker,0,293.71,0.3278,0,
order-worker-8a3c1_439,2026-07-13T09:07:19+00:00,order-worker-8a3c1,order-worker,0,311.73,0.3479,0,
order-worker-8a3c1_440,2026-07-13T09:07:20+00:00,order-worker-8a3c1,order-worker,0,294.67,0.3289,0,
order-worker-8a3c1_441,2026-07-13T09:07:21+00:00,order-worker-8a3c1,order-worker,0,297.89,0.3325,0,
order-worker-8a3c1_442,2026-07-13T09:07:22+00:00,order-worker-8a3c1,order-worker,0,310.99,0.3471,0,
order-worker-8a3c1_443,2026-07-13T09:07:23+00:00,order-worker-8a3c1,order-worker,0,297.38,0.3319,0,
order-worker-8a3c1_444,2026-07-13T09:07:24+00:00,order-worker-8a3c1,order-worker,0,290.92,0.3247,0,
order-worker-8a3c1_445,2026-07-13T09:07:25+00:00,order-worker-8a3c1,order-worker,0,306.24,0.3418,0,
order-worker-8a3c1_446,2026-07-13T09:07:26+00:00,order-worker-8a3c1,order-worker,0,297.47,0.332,0,
order-worker-8a3c1_447,2026-07-13T09:07:27+00:00,order-worker-8a3c1,order-worker,0,286.5,0.3198,0,
order-worker-8a3c1_448,2026-07-13T09:07:28+00:00,order-worker-8a3c1,order-worker,0,312.64,0.3489,0,
order-worker-8a3c1_449,2026-07-13T09:07:29+00:00,order-worker-8a3c1,order-worker,0,296.13,0.3305,0,
order-worker-8a3c1_450,2026-07-13T09:07:30+00:00,order-worker-8a3c1,order-worker,0,299.91,0.3347,0,
order-worker-8a3c1_451,2026-07-13T09:07:31+00:00,order-worker-8a3c1,order-worker,0,310.52,0.3466,0,
order-worker-8a3c1_452,2026-07-13T09:07:32+00:00,order-worker-8a3c1,order-worker,0,303.3,0.3385,0,
order-worker-8a3c1_453,2026-07-13T09:07:33+00:00,order-worker-8a3c1,order-worker,0,302.03,0.3371,0,
order-worker-8a3c1_454,2026-07-13T09:07:34+00:00,order-worker-8a3c1,order-worker,0,311.02,0.3471,0,
order-worker-8a3c1_455,2026-07-13T09:07:35+00:00,order-worker-8a3c1,order-worker,0,313.02,0.3494,0,
order-worker-8a3c1_456,2026-07-13T09:07:36+00:00,order-worker-8a3c1,order-worker,0,314.56,0.3511,0,
order-worker-8a3c1_457,2026-07-13T09:07:37+00:00,order-worker-8a3c1,order-worker,0,289.04,0.3226,0,
order-worker-8a3c1_458,2026-07-13T09:07:38+00:00,order-worker-8a3c1,order-worker,0,286.45,0.3197,0,
order-worker-8a3c1_459,2026-07-13T09:07:39+00:00,order-worker-8a3c1,order-worker,0,309.64,0.3456,0,
order-worker-8a3c1_460,2026-07-13T09:07:40+00:00,order-worker-8a3c1,order-worker,0,306.22,0.3418,0,
order-worker-8a3c1_461,2026-07-13T09:07:41+00:00,order-worker-8a3c1,order-worker,0,305.61,0.3411,0,
order-worker-8a3c1_462,2026-07-13T09:07:42+00:00,order-worker-8a3c1,order-worker,0,303.8,0.3391,0,
order-worker-8a3c1_463,2026-07-13T09:07:43+00:00,order-worker-8a3c1,order-worker,0,302.96,0.3381,0,
order-worker-8a3c1_464,2026-07-13T09:07:44+00:00,order-worker-8a3c1,order-worker,0,306.57,0.3422,0,
order-worker-8a3c1_465,2026-07-13T09:07:45+00:00,order-worker-8a3c1,order-worker,0,294.12,0.3283,0,
order-worker-8a3c1_466,2026-07-13T09:07:46+00:00,order-worker-8a3c1,order-worker,0,303.57,0.3388,0,
order-worker-8a3c1_467,2026-07-13T09:07:47+00:00,order-worker-8a3c1,order-worker,0,296.05,0.3304,0,
order-worker-8a3c1_468,2026-07-13T09:07:48+00:00,order-worker-8a3c1,order-worker,0,304.06,0.3394,0,
order-worker-8a3c1_469,2026-07-13T09:07:49+00:00,order-worker-8a3c1,order-worker,0,302.37,0.3375,0,
order-worker-8a3c1_470,2026-07-13T09:07:50+00:00,order-worker-8a3c1,order-worker,0,308.69,0.3445,0,
order-worker-8a3c1_471,2026-07-13T09:07:51+00:00,order-worker-8a3c1,order-worker,0,280.23,0.3128,0,
order-worker-8a3c1_472,2026-07-13T09:07:52+00:00,order-worker-8a3c1,order-worker,0,304.26,0.3396,0,
order-worker-8a3c1_473,2026-07-13T09:07:53+00:00,order-worker-8a3c1,order-worker,0,312.06,0.3483,0,
order-worker-8a3c1_474,2026-07-13T09:07:54+00:00,order-worker-8a3c1,order-worker,0,301.67,0.3367,0,
order-worker-8a3c1_475,2026-07-13T09:07:55+00:00,order-worker-8a3c1,order-worker,0,292.27,0.3262,0,
order-worker-8a3c1_476,2026-07-13T09:07:56+00:00,order-worker-8a3c1,order-worker,0,305.87,0.3414,0,
order-worker-8a3c1_477,2026-07-13T09:07:57+00:00,order-worker-8a3c1,order-worker,0,293.99,0.3281,0,
order-worker-8a3c1_478,2026-07-13T09:07:58+00:00,order-worker-8a3c1,order-worker,0,293.14,0.3272,0,
order-worker-8a3c1_479,2026-07-13T09:07:59+00:00,order-worker-8a3c1,order-worker,0,301.81,0.3368,0,
order-worker-8a3c1_480,2026-07-13T09:08:00+00:00,order-worker-8a3c1,order-worker,0,295.35,0.3296,0,
order-worker-8a3c1_481,2026-07-13T09:08:01+00:00,order-worker-8a3c1,order-worker,0,278.76,0.3111,0,
order-worker-8a3c1_482,2026-07-13T09:08:02+00:00,order-worker-8a3c1,order-worker,0,296.51,0.3309,0,
order-worker-8a3c1_483,2026-07-13T09:08:03+00:00,order-worker-8a3c1,order-worker,0,297.67,0.3322,0,
order-worker-8a3c1_484,2026-07-13T09:08:04+00:00,order-worker-8a3c1,order-worker,0,289.11,0.3227,0,
order-worker-8a3c1_485,2026-07-13T09:08:05+00:00,order-worker-8a3c1,order-worker,0,293.93,0.328,0,
order-worker-8a3c1_486,2026-07-13T09:08:06+00:00,order-worker-8a3c1,order-worker,0,303.72,0.339,0,
order-worker-8a3c1_487,2026-07-13T09:08:07+00:00,order-worker-8a3c1,order-worker,0,303.74,0.339,0,
order-worker-8a3c1_488,2026-07-13T09:08:08+00:00,order-worker-8a3c1,order-worker,0,301.68,0.3367,0,
order-worker-8a3c1_489,2026-07-13T09:08:09+00:00,order-worker-8a3c1,order-worker,0,305.98,0.3415,0,
order-worker-8a3c1_490,2026-07-13T09:08:10+00:00,order-worker-8a3c1,order-worker,0,292.61,0.3266,0,
order-worker-8a3c1_491,2026-07-13T09:08:11+00:00,order-worker-8a3c1,order-worker,0,304.92,0.3403,0,
order-worker-8a3c1_492,2026-07-13T09:08:12+00:00,order-worker-8a3c1,order-worker,0,288.14,0.3216,0,
order-worker-8a3c1_493,2026-07-13T09:08:13+00:00,order-worker-8a3c1,order-worker,0,312.8,0.3491,0,
order-worker-8a3c1_494,2026-07-13T09:08:14+00:00,order-worker-8a3c1,order-worker,0,303.5,0.3387,0,
order-worker-8a3c1_495,2026-07-13T09:08:15+00:00,order-worker-8a3c1,order-worker,0,295.31,0.3296,0,
order-worker-8a3c1_496,2026-07-13T09:08:16+00:00,order-worker-8a3c1,order-worker,0,298.29,0.3329,0,
order-worker-8a3c1_497,2026-07-13T09:08:17+00:00,order-worker-8a3c1,order-worker,0,298.92,0.3336,0,
order-worker-8a3c1_498,2026-07-13T09:08:18+00:00,order-worker-8a3c1,order-worker,0,301.93,0.337,0,
order-worker-8a3c1_499,2026-07-13T09:08:19+00:00,order-worker-8a3c1,order-worker,0,311.27,0.3474,0,
order-worker-8a3c1_500,2026-07-13T09:08:20+00:00,order-worker-8a3c1,order-worker,0,305.99,0.3415,0,
order-worker-8a3c1_501,2026-07-13T09:08:21+00:00,order-worker-8a3c1,order-worker,0,303.03,0.3382,0,
order-worker-8a3c1_502,2026-07-13T09:08:22+00:00,order-worker-8a3c1,order-worker,0,300.57,0.3355,0,
order-worker-8a3c1_503,2026-07-13T09:08:23+00:00,order-worker-8a3c1,order-worker,0,296.75,0.3312,0,
order-worker-8a3c1_504,2026-07-13T09:08:24+00:00,order-worker-8a3c1,order-worker,0,292.29,0.3262,0,
order-worker-8a3c1_505,2026-07-13T09:08:25+00:00,order-worker-8a3c1,order-worker,0,290.76,0.3245,0,
order-worker-8a3c1_506,2026-07-13T09:08:26+00:00,order-worker-8a3c1,order-worker,0,291.26,0.3251,0,
order-worker-8a3c1_507,2026-07-13T09:08:27+00:00,order-worker-8a3c1,order-worker,0,294.25,0.3284,0,
order-worker-8a3c1_508,2026-07-13T09:08:28+00:00,order-worker-8a3c1,order-worker,0,298.05,0.3326,0,
order-worker-8a3c1_509,2026-07-13T09:08:29+00:00,order-worker-8a3c1,order-worker,0,300.56,0.3354,0,
order-worker-8a3c1_510,2026-07-13T09:08:30+00:00,order-worker-8a3c1,order-worker,0,290.07,0.3237,0,
order-worker-8a3c1_511,2026-07-13T09:08:31+00:00,order-worker-8a3c1,order-worker,0,296.8,0.3312,0,
order-worker-8a3c1_512,2026-07-13T09:08:32+00:00,order-worker-8a3c1,order-worker,0,311.71,0.3479,0,
order-worker-8a3c1_513,2026-07-13T09:08:33+00:00,order-worker-8a3c1,order-worker,0,301.69,0.3367,0,
order-worker-8a3c1_514,2026-07-13T09:08:34+00:00,order-worker-8a3c1,order-worker,0,297.02,0.3315,0,
order-worker-8a3c1_515,2026-07-13T09:08:35+00:00,order-worker-8a3c1,order-worker,0,312.8,0.3491,0,
order-worker-8a3c1_516,2026-07-13T09:08:36+00:00,order-worker-8a3c1,order-worker,0,316.44,0.3532,0,
order-worker-8a3c1_517,2026-07-13T09:08:37+00:00,order-worker-8a3c1,order-worker,0,284.16,0.3171,0,
order-worker-8a3c1_518,2026-07-13T09:08:38+00:00,order-worker-8a3c1,order-worker,0,301.63,0.3366,0,
order-worker-8a3c1_519,2026-07-13T09:08:39+00:00,order-worker-8a3c1,order-worker,0,312.43,0.3487,0,
order-worker-8a3c1_520,2026-07-13T09:08:40+00:00,order-worker-8a3c1,order-worker,0,307.96,0.3437,0,
order-worker-8a3c1_521,2026-07-13T09:08:41+00:00,order-worker-8a3c1,order-worker,0,305.45,0.3409,0,
order-worker-8a3c1_522,2026-07-13T09:08:42+00:00,order-worker-8a3c1,order-worker,0,298.97,0.3337,0,
order-worker-8a3c1_523,2026-07-13T09:08:43+00:00,order-worker-8a3c1,order-worker,0,300.3,0.3352,0,
order-worker-8a3c1_524,2026-07-13T09:08:44+00:00,order-worker-8a3c1,order-worker,0,303.07,0.3382,0,
order-worker-8a3c1_525,2026-07-13T09:08:45+00:00,order-worker-8a3c1,order-worker,0,299.96,0.3348,0,
order-worker-8a3c1_526,2026-07-13T09:08:46+00:00,order-worker-8a3c1,order-worker,0,311.35,0.3475,0,
order-worker-8a3c1_527,2026-07-13T09:08:47+00:00,order-worker-8a3c1,order-worker,0,303.78,0.339,0,
order-worker-8a3c1_528,2026-07-13T09:08:48+00:00,order-worker-8a3c1,order-worker,0,317.47,0.3543,0,
order-worker-8a3c1_529,2026-07-13T09:08:49+00:00,order-worker-8a3c1,order-worker,0,286.43,0.3197,0,
order-worker-8a3c1_530,2026-07-13T09:08:50+00:00,order-worker-8a3c1,order-worker,0,300.52,0.3354,0,
order-worker-8a3c1_531,2026-07-13T09:08:51+00:00,order-worker-8a3c1,order-worker,0,306.93,0.3426,0,
order-worker-8a3c1_532,2026-07-13T09:08:52+00:00,order-worker-8a3c1,order-worker,0,286.38,0.3196,0,
order-worker-8a3c1_533,2026-07-13T09:08:53+00:00,order-worker-8a3c1,order-worker,0,300.15,0.335,0,
order-worker-8a3c1_534,2026-07-13T09:08:54+00:00,order-worker-8a3c1,order-worker,0,307.65,0.3434,0,
order-worker-8a3c1_535,2026-07-13T09:08:55+00:00,order-worker-8a3c1,order-worker,0,292.06,0.326,0,
order-worker-8a3c1_536,2026-07-13T09:08:56+00:00,order-worker-8a3c1,order-worker,0,306.35,0.3419,0,
order-worker-8a3c1_537,2026-07-13T09:08:57+00:00,order-worker-8a3c1,order-worker,0,293.56,0.3276,0,
order-worker-8a3c1_538,2026-07-13T09:08:58+00:00,order-worker-8a3c1,order-worker,0,284.57,0.3176,0,
order-worker-8a3c1_539,2026-07-13T09:08:59+00:00,order-worker-8a3c1,order-worker,0,314.38,0.3509,0,
order-worker-8a3c1_540,2026-07-13T09:09:00+00:00,order-worker-8a3c1,order-worker,0,307.1,0.3427,0,
order-worker-8a3c1_541,2026-07-13T09:09:01+00:00,order-worker-8a3c1,order-worker,0,305.83,0.3413,0,
order-worker-8a3c1_542,2026-07-13T09:09:02+00:00,order-worker-8a3c1,order-worker,0,303.92,0.3392,0,
order-worker-8a3c1_543,2026-07-13T09:09:03+00:00,order-worker-8a3c1,order-worker,0,289.44,0.323,0,
order-worker-8a3c1_544,2026-07-13T09:09:04+00:00,order-worker-8a3c1,order-worker,0,290.74,0.3245,0,
order-worker-8a3c1_545,2026-07-13T09:09:05+00:00,order-worker-8a3c1,order-worker,0,306.12,0.3417,0,
order-worker-8a3c1_546,2026-07-13T09:09:06+00:00,order-worker-8a3c1,order-worker,0,303.55,0.3388,0,
order-worker-8a3c1_547,2026-07-13T09:09:07+00:00,order-worker-8a3c1,order-worker,0,297.04,0.3315,0,
order-worker-8a3c1_548,2026-07-13T09:09:08+00:00,order-worker-8a3c1,order-worker,0,290.05,0.3237,0,
order-worker-8a3c1_549,2026-07-13T09:09:09+00:00,order-worker-8a3c1,order-worker,0,297.81,0.3324,0,
order-worker-8a3c1_550,2026-07-13T09:09:10+00:00,order-worker-8a3c1,order-worker,0,299.89,0.3347,0,
order-worker-8a3c1_551,2026-07-13T09:09:11+00:00,order-worker-8a3c1,order-worker,0,288.04,0.3215,0,
order-worker-8a3c1_552,2026-07-13T09:09:12+00:00,order-worker-8a3c1,order-worker,0,304.29,0.3396,0,
order-worker-8a3c1_553,2026-07-13T09:09:13+00:00,order-worker-8a3c1,order-worker,0,278.4,0.3107,0,
order-worker-8a3c1_554,2026-07-13T09:09:14+00:00,order-worker-8a3c1,order-worker,0,297.83,0.3324,0,
order-worker-8a3c1_555,2026-07-13T09:09:15+00:00,order-worker-8a3c1,order-worker,0,311.21,0.3473,0,
order-worker-8a3c1_556,2026-07-13T09:09:16+00:00,order-worker-8a3c1,order-worker,0,301.43,0.3364,0,
order-worker-8a3c1_557,2026-07-13T09:09:17+00:00,order-worker-8a3c1,order-worker,0,297.82,0.3324,0,
order-worker-8a3c1_558,2026-07-13T09:09:18+00:00,order-worker-8a3c1,order-worker,0,306.39,0.342,0,
order-worker-8a3c1_559,2026-07-13T09:09:19+00:00,order-worker-8a3c1,order-worker,0,288.95,0.3225,0,
order-worker-8a3c1_560,2026-07-13T09:09:20+00:00,order-worker-8a3c1,order-worker,0,303.29,0.3385,0,
order-worker-8a3c1_561,2026-07-13T09:09:21+00:00,order-worker-8a3c1,order-worker,0,291.59,0.3254,0,
order-worker-8a3c1_562,2026-07-13T09:09:22+00:00,order-worker-8a3c1,order-worker,0,299.14,0.3339,0,
order-worker-8a3c1_563,2026-07-13T09:09:23+00:00,order-worker-8a3c1,order-worker,0,309.11,0.345,0,
order-worker-8a3c1_564,2026-07-13T09:09:24+00:00,order-worker-8a3c1,order-worker,0,296.78,0.3312,0,
order-worker-8a3c1_565,2026-07-13T09:09:25+00:00,order-worker-8a3c1,order-worker,0,300.94,0.3359,0,
order-worker-8a3c1_566,2026-07-13T09:09:26+00:00,order-worker-8a3c1,order-worker,0,316.39,0.3531,0,
order-worker-8a3c1_567,2026-07-13T09:09:27+00:00,order-worker-8a3c1,order-worker,0,312.04,0.3483,0,
order-worker-8a3c1_568,2026-07-13T09:09:28+00:00,order-worker-8a3c1,order-worker,0,309.09,0.345,0,
order-worker-8a3c1_569,2026-07-13T09:09:29+00:00,order-worker-8a3c1,order-worker,0,291.67,0.3255,0,
order-worker-8a3c1_570,2026-07-13T09:09:30+00:00,order-worker-8a3c1,order-worker,0,304.5,0.3398,0,
order-worker-8a3c1_571,2026-07-13T09:09:31+00:00,order-worker-8a3c1,order-worker,0,300.43,0.3353,0,
order-worker-8a3c1_572,2026-07-13T09:09:32+00:00,order-worker-8a3c1,order-worker,0,310.88,0.347,0,
order-worker-8a3c1_573,2026-07-13T09:09:33+00:00,order-worker-8a3c1,order-worker,0,292.9,0.3269,0,
order-worker-8a3c1_574,2026-07-13T09:09:34+00:00,order-worker-8a3c1,order-worker,0,301.89,0.3369,0,
order-worker-8a3c1_575,2026-07-13T09:09:35+00:00,order-worker-8a3c1,order-worker,0,296.9,0.3314,0,
order-worker-8a3c1_576,2026-07-13T09:09:36+00:00,order-worker-8a3c1,order-worker,0,306.8,0.3424,0,
order-worker-8a3c1_577,2026-07-13T09:09:37+00:00,order-worker-8a3c1,order-worker,0,321.87,0.3592,0,
order-worker-8a3c1_578,2026-07-13T09:09:38+00:00,order-worker-8a3c1,order-worker,0,298.44,0.3331,0,
order-worker-8a3c1_579,2026-07-13T09:09:39+00:00,order-worker-8a3c1,order-worker,0,298.1,0.3327,0,
order-worker-8a3c1_580,2026-07-13T09:09:40+00:00,order-worker-8a3c1,order-worker,0,306.51,0.3421,0,
order-worker-8a3c1_581,2026-07-13T09:09:41+00:00,order-worker-8a3c1,order-worker,0,282.7,0.3155,0,
order-worker-8a3c1_582,2026-07-13T09:09:42+00:00,order-worker-8a3c1,order-worker,0,297.24,0.3317,0,
order-worker-8a3c1_583,2026-07-13T09:09:43+00:00,order-worker-8a3c1,order-worker,0,303.99,0.3393,0,
order-worker-8a3c1_584,2026-07-13T09:09:44+00:00,order-worker-8a3c1,order-worker,0,310.28,0.3463,0,
order-worker-8a3c1_585,2026-07-13T09:09:45+00:00,order-worker-8a3c1,order-worker,0,293.71,0.3278,0,
order-worker-8a3c1_586,2026-07-13T09:09:46+00:00,order-worker-8a3c1,order-worker,0,319.85,0.357,0,
order-worker-8a3c1_587,2026-07-13T09:09:47+00:00,order-worker-8a3c1,order-worker,0,315.82,0.3525,0,
order-worker-8a3c1_588,2026-07-13T09:09:48+00:00,order-worker-8a3c1,order-worker,0,301.68,0.3367,0,
order-worker-8a3c1_589,2026-07-13T09:09:49+00:00,order-worker-8a3c1,order-worker,0,301.34,0.3363,0,
order-worker-8a3c1_590,2026-07-13T09:09:50+00:00,order-worker-8a3c1,order-worker,0,309.59,0.3455,0,
order-worker-8a3c1_591,2026-07-13T09:09:51+00:00,order-worker-8a3c1,order-worker,0,286.99,0.3203,0,
order-worker-8a3c1_592,2026-07-13T09:09:52+00:00,order-worker-8a3c1,order-worker,0,319.16,0.3562,0,
order-worker-8a3c1_593,2026-07-13T09:09:53+00:00,order-worker-8a3c1,order-worker,0,289.92,0.3236,0,
order-worker-8a3c1_594,2026-07-13T09:09:54+00:00,order-worker-8a3c1,order-worker,0,302.17,0.3372,0,
order-worker-8a3c1_595,2026-07-13T09:09:55+00:00,order-worker-8a3c1,order-worker,0,302.0,0.3371,0,
order-worker-8a3c1_596,2026-07-13T09:09:56+00:00,order-worker-8a3c1,order-worker,0,303.06,0.3382,0,
order-worker-8a3c1_597,2026-07-13T09:09:57+00:00,order-worker-8a3c1,order-worker,0,301.36,0.3363,0,
order-worker-8a3c1_598,2026-07-13T09:09:58+00:00,order-worker-8a3c1,order-worker,0,285.04,0.3181,0,
order-worker-8a3c1_599,2026-07-13T09:09:59+00:00,order-worker-8a3c1,order-worker,0,306.9,0.3425,0,
order-worker-8a3c1_600,2026-07-13T09:10:00+00:00,order-worker-8a3c1,order-worker,0,286.37,0.3196,0,
order-worker-8a3c1_601,2026-07-13T09:10:01+00:00,order-worker-8a3c1,order-worker,0,301.86,0.3369,0,
order-worker-8a3c1_602,2026-07-13T09:10:02+00:00,order-worker-8a3c1,order-worker,0,302.64,0.3378,0,
order-worker-8a3c1_603,2026-07-13T09:10:03+00:00,order-worker-8a3c1,order-worker,0,299.37,0.3341,0,
order-worker-8a3c1_604,2026-07-13T09:10:04+00:00,order-worker-8a3c1,order-worker,0,300.76,0.3357,0,
order-worker-8a3c1_605,2026-07-13T09:10:05+00:00,order-worker-8a3c1,order-worker,0,297.34,0.3319,0,
order-worker-8a3c1_606,2026-07-13T09:10:06+00:00,order-worker-8a3c1,order-worker,0,312.41,0.3487,0,
order-worker-8a3c1_607,2026-07-13T09:10:07+00:00,order-worker-8a3c1,order-worker,0,303.16,0.3383,0,
order-worker-8a3c1_608,2026-07-13T09:10:08+00:00,order-worker-8a3c1,order-worker,0,302.35,0.3374,0,
order-worker-8a3c1_609,2026-07-13T09:10:09+00:00,order-worker-8a3c1,order-worker,0,307.75,0.3435,0,
order-worker-8a3c1_610,2026-07-13T09:10:10+00:00,order-worker-8a3c1,order-worker,0,295.91,0.3303,0,
order-worker-8a3c1_611,2026-07-13T09:10:11+00:00,order-worker-8a3c1,order-worker,0,291.66,0.3255,0,
order-worker-8a3c1_612,2026-07-13T09:10:12+00:00,order-worker-8a3c1,order-worker,0,311.2,0.3473,0,
order-worker-8a3c1_613,2026-07-13T09:10:13+00:00,order-worker-8a3c1,order-worker,0,303.43,0.3386,0,
order-worker-8a3c1_614,2026-07-13T09:10:14+00:00,order-worker-8a3c1,order-worker,0,298.59,0.3332,0,
order-worker-8a3c1_615,2026-07-13T09:10:15+00:00,order-worker-8a3c1,order-worker,0,307.7,0.3434,0,
order-worker-8a3c1_616,2026-07-13T09:10:16+00:00,order-worker-8a3c1,order-worker,0,292.19,0.3261,0,
order-worker-8a3c1_617,2026-07-13T09:10:17+00:00,order-worker-8a3c1,order-worker,0,302.01,0.3371,0,
order-worker-8a3c1_618,2026-07-13T09:10:18+00:00,order-worker-8a3c1,order-worker,0,310.66,0.3467,0,
order-worker-8a3c1_619,2026-07-13T09:10:19+00:00,order-worker-8a3c1,order-worker,0,302.87,0.338,0,
order-worker-8a3c1_620,2026-07-13T09:10:20+00:00,order-worker-8a3c1,order-worker,0,301.77,0.3368,0,
order-worker-8a3c1_621,2026-07-13T09:10:21+00:00,order-worker-8a3c1,order-worker,0,309.72,0.3457,0,
order-worker-8a3c1_622,2026-07-13T09:10:22+00:00,order-worker-8a3c1,order-worker,0,305.7,0.3412,0,
order-worker-8a3c1_623,2026-07-13T09:10:23+00:00,order-worker-8a3c1,order-worker,0,299.68,0.3345,0,
order-worker-8a3c1_624,2026-07-13T09:10:24+00:00,order-worker-8a3c1,order-worker,0,302.93,0.3381,0,
order-worker-8a3c1_625,2026-07-13T09:10:25+00:00,order-worker-8a3c1,order-worker,0,310.04,0.346,0,
order-worker-8a3c1_626,2026-07-13T09:10:26+00:00,order-worker-8a3c1,order-worker,0,301.47,0.3365,0,
order-worker-8a3c1_627,2026-07-13T09:10:27+00:00,order-worker-8a3c1,order-worker,0,308.35,0.3441,0,
order-worker-8a3c1_628,2026-07-13T09:10:28+00:00,order-worker-8a3c1,order-worker,0,302.6,0.3377,0,
order-worker-8a3c1_629,2026-07-13T09:10:29+00:00,order-worker-8a3c1,order-worker,0,284.1,0.3171,0,
order-worker-8a3c1_630,2026-07-13T09:10:30+00:00,order-worker-8a3c1,order-worker,0,307.99,0.3437,0,
order-worker-8a3c1_631,2026-07-13T09:10:31+00:00,order-worker-8a3c1,order-worker,0,307.44,0.3431,0,
order-worker-8a3c1_632,2026-07-13T09:10:32+00:00,order-worker-8a3c1,order-worker,0,311.99,0.3482,0,
order-worker-8a3c1_633,2026-07-13T09:10:33+00:00,order-worker-8a3c1,order-worker,0,296.95,0.3314,0,
order-worker-8a3c1_634,2026-07-13T09:10:34+00:00,order-worker-8a3c1,order-worker,0,299.02,0.3337,0,
order-worker-8a3c1_635,2026-07-13T09:10:35+00:00,order-worker-8a3c1,order-worker,0,310.3,0.3463,0,
order-worker-8a3c1_636,2026-07-13T09:10:36+00:00,order-worker-8a3c1,order-worker,0,296.87,0.3313,0,
order-worker-8a3c1_637,2026-07-13T09:10:37+00:00,order-worker-8a3c1,order-worker,0,298.44,0.3331,0,
order-worker-8a3c1_638,2026-07-13T09:10:38+00:00,order-worker-8a3c1,order-worker,0,315.04,0.3516,0,
order-worker-8a3c1_639,2026-07-13T09:10:39+00:00,order-worker-8a3c1,order-worker,0,293.52,0.3276,0,
order-worker-8a3c1_640,2026-07-13T09:10:40+00:00,order-worker-8a3c1,order-worker,0,320.76,0.358,0,
order-worker-8a3c1_641,2026-07-13T09:10:41+00:00,order-worker-8a3c1,order-worker,0,295.77,0.3301,0,
order-worker-8a3c1_642,2026-07-13T09:10:42+00:00,order-worker-8a3c1,order-worker,0,301.64,0.3367,0,
order-worker-8a3c1_643,2026-07-13T09:10:43+00:00,order-worker-8a3c1,order-worker,0,315.33,0.3519,0,
order-worker-8a3c1_644,2026-07-13T09:10:44+00:00,order-worker-8a3c1,order-worker,0,301.1,0.336,0,
order-worker-8a3c1_645,2026-07-13T09:10:45+00:00,order-worker-8a3c1,order-worker,0,315.5,0.3521,0,
order-worker-8a3c1_646,2026-07-13T09:10:46+00:00,order-worker-8a3c1,order-worker,0,286.9,0.3202,0,
order-worker-8a3c1_647,2026-07-13T09:10:47+00:00,order-worker-8a3c1,order-worker,0,305.75,0.3412,0,
order-worker-8a3c1_648,2026-07-13T09:10:48+00:00,order-worker-8a3c1,order-worker,0,299.32,0.3341,0,
order-worker-8a3c1_649,2026-07-13T09:10:49+00:00,order-worker-8a3c1,order-worker,0,291.21,0.325,0,
order-worker-8a3c1_650,2026-07-13T09:10:50+00:00,order-worker-8a3c1,order-worker,0,302.73,0.3379,0,
order-worker-8a3c1_651,2026-07-13T09:10:51+00:00,order-worker-8a3c1,order-worker,0,303.33,0.3385,0,
order-worker-8a3c1_652,2026-07-13T09:10:52+00:00,order-worker-8a3c1,order-worker,0,296.34,0.3307,0,
order-worker-8a3c1_653,2026-07-13T09:10:53+00:00,order-worker-8a3c1,order-worker,0,313.23,0.3496,0,
order-worker-8a3c1_654,2026-07-13T09:10:54+00:00,order-worker-8a3c1,order-worker,0,295.53,0.3298,0,
order-worker-8a3c1_655,2026-07-13T09:10:55+00:00,order-worker-8a3c1,order-worker,0,298.72,0.3334,0,
order-worker-8a3c1_656,2026-07-13T09:10:56+00:00,order-worker-8a3c1,order-worker,0,307.19,0.3428,0,
order-worker-8a3c1_657,2026-07-13T09:10:57+00:00,order-worker-8a3c1,order-worker,0,301.12,0.3361,0,
order-worker-8a3c1_658,2026-07-13T09:10:58+00:00,order-worker-8a3c1,order-worker,0,311.48,0.3476,0,
order-worker-8a3c1_659,2026-07-13T09:10:59+00:00,order-worker-8a3c1,order-worker,0,294.14,0.3283,0,
order-worker-8a3c1_660,2026-07-13T09:11:00+00:00,order-worker-8a3c1,order-worker,0,311.48,0.3476,0,
order-worker-8a3c1_661,2026-07-13T09:11:01+00:00,order-worker-8a3c1,order-worker,0,303.91,0.3392,0,
order-worker-8a3c1_662,2026-07-13T09:11:02+00:00,order-worker-8a3c1,order-worker,0,293.23,0.3273,0,
order-worker-8a3c1_663,2026-07-13T09:11:03+00:00,order-worker-8a3c1,order-worker,0,290.82,0.3246,0,
order-worker-8a3c1_664,2026-07-13T09:11:04+00:00,order-worker-8a3c1,order-worker,0,299.74,0.3345,0,
order-worker-8a3c1_665,2026-07-13T09:11:05+00:00,order-worker-8a3c1,order-worker,0,282.28,0.315,0,
order-worker-8a3c1_666,2026-07-13T09:11:06+00:00,order-worker-8a3c1,order-worker,0,303.61,0.3389,0,
order-worker-8a3c1_667,2026-07-13T09:11:07+00:00,order-worker-8a3c1,order-worker,0,296.53,0.3309,0,
order-worker-8a3c1_668,2026-07-13T09:11:08+00:00,order-worker-8a3c1,order-worker,0,306.62,0.3422,0,
order-worker-8a3c1_669,2026-07-13T09:11:09+00:00,order-worker-8a3c1,order-worker,0,306.47,0.342,0,
order-worker-8a3c1_670,2026-07-13T09:11:10+00:00,order-worker-8a3c1,order-worker,0,299.02,0.3337,0,
order-worker-8a3c1_671,2026-07-13T09:11:11+00:00,order-worker-8a3c1,order-worker,0,297.48,0.332,0,
order-worker-8a3c1_672,2026-07-13T09:11:12+00:00,order-worker-8a3c1,order-worker,0,293.52,0.3276,0,
order-worker-8a3c1_673,2026-07-13T09:11:13+00:00,order-worker-8a3c1,order-worker,0,306.0,0.3415,0,
order-worker-8a3c1_674,2026-07-13T09:11:14+00:00,order-worker-8a3c1,order-worker,0,299.26,0.334,0,
order-worker-8a3c1_675,2026-07-13T09:11:15+00:00,order-worker-8a3c1,order-worker,0,313.26,0.3496,0,
order-worker-8a3c1_676,2026-07-13T09:11:16+00:00,order-worker-8a3c1,order-worker,0,303.97,0.3393,0,
order-worker-8a3c1_677,2026-07-13T09:11:17+00:00,order-worker-8a3c1,order-worker,0,305.14,0.3406,0,
order-worker-8a3c1_678,2026-07-13T09:11:18+00:00,order-worker-8a3c1,order-worker,0,295.42,0.3297,0,
order-worker-8a3c1_679,2026-07-13T09:11:19+00:00,order-worker-8a3c1,order-worker,0,302.18,0.3373,0,
order-worker-8a3c1_680,2026-07-13T09:11:20+00:00,order-worker-8a3c1,order-worker,0,294.66,0.3289,0,
order-worker-8a3c1_681,2026-07-13T09:11:21+00:00,order-worker-8a3c1,order-worker,0,308.52,0.3443,0,
order-worker-8a3c1_682,2026-07-13T09:11:22+00:00,order-worker-8a3c1,order-worker,0,302.03,0.3371,0,
order-worker-8a3c1_683,2026-07-13T09:11:23+00:00,order-worker-8a3c1,order-worker,0,297.65,0.3322,0,
order-worker-8a3c1_684,2026-07-13T09:11:24+00:00,order-worker-8a3c1,order-worker,0,296.79,0.3312,0,
order-worker-8a3c1_685,2026-07-13T09:11:25+00:00,order-worker-8a3c1,order-worker,0,287.67,0.3211,0,
order-worker-8a3c1_686,2026-07-13T09:11:26+00:00,order-worker-8a3c1,order-worker,0,298.49,0.3331,0,
order-worker-8a3c1_687,2026-07-13T09:11:27+00:00,order-worker-8a3c1,order-worker,0,298.32,0.3329,0,
order-worker-8a3c1_688,2026-07-13T09:11:28+00:00,order-worker-8a3c1,order-worker,0,320.92,0.3582,0,
order-worker-8a3c1_689,2026-07-13T09:11:29+00:00,order-worker-8a3c1,order-worker,0,300.57,0.3355,0,
order-worker-8a3c1_690,2026-07-13T09:11:30+00:00,order-worker-8a3c1,order-worker,0,294.74,0.329,0,
order-worker-8a3c1_691,2026-07-13T09:11:31+00:00,order-worker-8a3c1,order-worker,0,300.03,0.3349,0,
order-worker-8a3c1_692,2026-07-13T09:11:32+00:00,order-worker-8a3c1,order-worker,0,293.05,0.3271,0,
order-worker-8a3c1_693,2026-07-13T09:11:33+00:00,order-worker-8a3c1,order-worker,0,301.25,0.3362,0,
order-worker-8a3c1_694,2026-07-13T09:11:34+00:00,order-worker-8a3c1,order-worker,0,295.73,0.3301,0,
order-worker-8a3c1_695,2026-07-13T09:11:35+00:00,order-worker-8a3c1,order-worker,0,306.07,0.3416,0,
order-worker-8a3c1_696,2026-07-13T09:11:36+00:00,order-worker-8a3c1,order-worker,0,290.29,0.324,0,
order-worker-8a3c1_697,2026-07-13T09:11:37+00:00,order-worker-8a3c1,order-worker,0,301.03,0.336,0,
order-worker-8a3c1_698,2026-07-13T09:11:38+00:00,order-worker-8a3c1,order-worker,0,296.31,0.3307,0,
order-worker-8a3c1_699,2026-07-13T09:11:39+00:00,order-worker-8a3c1,order-worker,0,279.12,0.3115,0,
order-worker-8a3c1_700,2026-07-13T09:11:40+00:00,order-worker-8a3c1,order-worker,0,313.16,0.3495,0,
order-worker-8a3c1_701,2026-07-13T09:11:41+00:00,order-worker-8a3c1,order-worker,0,294.3,0.3285,0,
order-worker-8a3c1_702,2026-07-13T09:11:42+00:00,order-worker-8a3c1,order-worker,0,303.55,0.3388,0,
order-worker-8a3c1_703,2026-07-13T09:11:43+00:00,order-worker-8a3c1,order-worker,0,295.36,0.3296,0,
order-worker-8a3c1_704,2026-07-13T09:11:44+00:00,order-worker-8a3c1,order-worker,0,308.7,0.3445,0,
order-worker-8a3c1_705,2026-07-13T09:11:45+00:00,order-worker-8a3c1,order-worker,0,299.39,0.3341,0,
order-worker-8a3c1_706,2026-07-13T09:11:46+00:00,order-worker-8a3c1,order-worker,0,312.38,0.3486,0,
order-worker-8a3c1_707,2026-07-13T09:11:47+00:00,order-worker-8a3c1,order-worker,0,299.46,0.3342,0,
order-worker-8a3c1_708,2026-07-13T09:11:48+00:00,order-worker-8a3c1,order-worker,0,312.05,0.3483,0,
order-worker-8a3c1_709,2026-07-13T09:11:49+00:00,order-worker-8a3c1,order-worker,0,304.85,0.3402,0,
order-worker-8a3c1_710,2026-07-13T09:11:50+00:00,order-worker-8a3c1,order-worker,0,295.22,0.3295,0,
order-worker-8a3c1_711,2026-07-13T09:11:51+00:00,order-worker-8a3c1,order-worker,0,293.67,0.3278,0,
order-worker-8a3c1_712,2026-07-13T09:11:52+00:00,order-worker-8a3c1,order-worker,0,301.67,0.3367,0,
order-worker-8a3c1_713,2026-07-13T09:11:53+00:00,order-worker-8a3c1,order-worker,0,303.59,0.3388,0,
order-worker-8a3c1_714,2026-07-13T09:11:54+00:00,order-worker-8a3c1,order-worker,0,310.08,0.3461,0,
order-worker-8a3c1_715,2026-07-13T09:11:55+00:00,order-worker-8a3c1,order-worker,0,294.25,0.3284,0,
order-worker-8a3c1_716,2026-07-13T09:11:56+00:00,order-worker-8a3c1,order-worker,0,293.8,0.3279,0,
order-worker-8a3c1_717,2026-07-13T09:11:57+00:00,order-worker-8a3c1,order-worker,0,289.2,0.3228,0,
order-worker-8a3c1_718,2026-07-13T09:11:58+00:00,order-worker-8a3c1,order-worker,0,311.65,0.3478,0,
order-worker-8a3c1_719,2026-07-13T09:11:59+00:00,order-worker-8a3c1,order-worker,0,301.66,0.3367,0,
order-worker-8a3c1_720,2026-07-13T09:12:00+00:00,order-worker-8a3c1,order-worker,0,288.57,0.3221,0,
order-worker-8a3c1_721,2026-07-13T09:12:01+00:00,order-worker-8a3c1,order-worker,0,296.45,0.3309,0,
order-worker-8a3c1_722,2026-07-13T09:12:02+00:00,order-worker-8a3c1,order-worker,0,305.7,0.3412,0,
order-worker-8a3c1_723,2026-07-13T09:12:03+00:00,order-worker-8a3c1,order-worker,0,305.09,0.3405,0,
order-worker-8a3c1_724,2026-07-13T09:12:04+00:00,order-worker-8a3c1,order-worker,0,301.24,0.3362,0,
order-worker-8a3c1_725,2026-07-13T09:12:05+00:00,order-worker-8a3c1,order-worker,0,288.27,0.3217,0,
order-worker-8a3c1_726,2026-07-13T09:12:06+00:00,order-worker-8a3c1,order-worker,0,296.52,0.3309,0,
order-worker-8a3c1_727,2026-07-13T09:12:07+00:00,order-worker-8a3c1,order-worker,0,315.56,0.3522,0,
order-worker-8a3c1_728,2026-07-13T09:12:08+00:00,order-worker-8a3c1,order-worker,0,301.97,0.337,0,
order-worker-8a3c1_729,2026-07-13T09:12:09+00:00,order-worker-8a3c1,order-worker,0,300.26,0.3351,0,
order-worker-8a3c1_730,2026-07-13T09:12:10+00:00,order-worker-8a3c1,order-worker,0,305.61,0.3411,0,
order-worker-8a3c1_731,2026-07-13T09:12:11+00:00,order-worker-8a3c1,order-worker,0,297.41,0.3319,0,
order-worker-8a3c1_732,2026-07-13T09:12:12+00:00,order-worker-8a3c1,order-worker,0,285.67,0.3188,0,
order-worker-8a3c1_733,2026-07-13T09:12:13+00:00,order-worker-8a3c1,order-worker,0,278.15,0.3104,0,
order-worker-8a3c1_734,2026-07-13T09:12:14+00:00,order-worker-8a3c1,order-worker,0,305.24,0.3407,0,
order-worker-8a3c1_735,2026-07-13T09:12:15+00:00,order-worker-8a3c1,order-worker,0,295.28,0.3296,0,
order-worker-8a3c1_736,2026-07-13T09:12:16+00:00,order-worker-8a3c1,order-worker,0,295.21,0.3295,0,
order-worker-8a3c1_737,2026-07-13T09:12:17+00:00,order-worker-8a3c1,order-worker,0,302.39,0.3375,0,
order-worker-8a3c1_738,2026-07-13T09:12:18+00:00,order-worker-8a3c1,order-worker,0,309.71,0.3457,0,
order-worker-8a3c1_739,2026-07-13T09:12:19+00:00,order-worker-8a3c1,order-worker,0,303.3,0.3385,0,
order-worker-8a3c1_740,2026-07-13T09:12:20+00:00,order-worker-8a3c1,order-worker,0,313.62,0.35,0,
order-worker-8a3c1_741,2026-07-13T09:12:21+00:00,order-worker-8a3c1,order-worker,0,316.42,0.3531,0,
order-worker-8a3c1_742,2026-07-13T09:12:22+00:00,order-worker-8a3c1,order-worker,0,301.35,0.3363,0,
order-worker-8a3c1_743,2026-07-13T09:12:23+00:00,order-worker-8a3c1,order-worker,0,301.61,0.3366,0,
order-worker-8a3c1_744,2026-07-13T09:12:24+00:00,order-worker-8a3c1,order-worker,0,307.96,0.3437,0,
order-worker-8a3c1_745,2026-07-13T09:12:25+00:00,order-worker-8a3c1,order-worker,0,295.72,0.33,0,
order-worker-8a3c1_746,2026-07-13T09:12:26+00:00,order-worker-8a3c1,order-worker,0,303.86,0.3391,0,
order-worker-8a3c1_747,2026-07-13T09:12:27+00:00,order-worker-8a3c1,order-worker,0,303.26,0.3385,0,
order-worker-8a3c1_748,2026-07-13T09:12:28+00:00,order-worker-8a3c1,order-worker,0,297.56,0.3321,0,
order-worker-8a3c1_749,2026-07-13T09:12:29+00:00,order-worker-8a3c1,order-worker,0,290.54,0.3243,0,
order-worker-8a3c1_750,2026-07-13T09:12:30+00:00,order-worker-8a3c1,order-worker,0,311.13,0.3472,0,
order-worker-8a3c1_751,2026-07-13T09:12:31+00:00,order-worker-8a3c1,order-worker,0,300.68,0.3356,0,
order-worker-8a3c1_752,2026-07-13T09:12:32+00:00,order-worker-8a3c1,order-worker,0,299.3,0.334,0,
order-worker-8a3c1_753,2026-07-13T09:12:33+00:00,order-worker-8a3c1,order-worker,0,294.87,0.3291,0,
order-worker-8a3c1_754,2026-07-13T09:12:34+00:00,order-worker-8a3c1,order-worker,0,287.65,0.321,0,
order-worker-8a3c1_755,2026-07-13T09:12:35+00:00,order-worker-8a3c1,order-worker,0,300.1,0.3349,0,
order-worker-8a3c1_756,2026-07-13T09:12:36+00:00,order-worker-8a3c1,order-worker,0,292.51,0.3265,0,
order-worker-8a3c1_757,2026-07-13T09:12:37+00:00,order-worker-8a3c1,order-worker,0,296.85,0.3313,0,
order-worker-8a3c1_758,2026-07-13T09:12:38+00:00,order-worker-8a3c1,order-worker,0,298.17,0.3328,0,
order-worker-8a3c1_759,2026-07-13T09:12:39+00:00,order-worker-8a3c1,order-worker,0,290.84,0.3246,0,
order-worker-8a3c1_760,2026-07-13T09:12:40+00:00,order-worker-8a3c1,order-worker,0,311.07,0.3472,0,
order-worker-8a3c1_761,2026-07-13T09:12:41+00:00,order-worker-8a3c1,order-worker,0,291.52,0.3254,0,
order-worker-8a3c1_762,2026-07-13T09:12:42+00:00,order-worker-8a3c1,order-worker,0,303.37,0.3386,0,
order-worker-8a3c1_763,2026-07-13T09:12:43+00:00,order-worker-8a3c1,order-worker,0,290.4,0.3241,0,
order-worker-8a3c1_764,2026-07-13T09:12:44+00:00,order-worker-8a3c1,order-worker,0,297.69,0.3322,0,
order-worker-8a3c1_765,2026-07-13T09:12:45+00:00,order-worker-8a3c1,order-worker,0,307.31,0.343,0,
order-worker-8a3c1_766,2026-07-13T09:12:46+00:00,order-worker-8a3c1,order-worker,0,307.16,0.3428,0,
order-worker-8a3c1_767,2026-07-13T09:12:47+00:00,order-worker-8a3c1,order-worker,0,290.86,0.3246,0,
order-worker-8a3c1_768,2026-07-13T09:12:48+00:00,order-worker-8a3c1,order-worker,0,303.11,0.3383,0,
order-worker-8a3c1_769,2026-07-13T09:12:49+00:00,order-worker-8a3c1,order-worker,0,292.26,0.3262,0,
order-worker-8a3c1_770,2026-07-13T09:12:50+00:00,order-worker-8a3c1,order-worker,0,292.69,0.3267,0,
order-worker-8a3c1_771,2026-07-13T09:12:51+00:00,order-worker-8a3c1,order-worker,0,304.59,0.3399,0,
order-worker-8a3c1_772,2026-07-13T09:12:52+00:00,order-worker-8a3c1,order-worker,0,300.92,0.3358,0,
order-worker-8a3c1_773,2026-07-13T09:12:53+00:00,order-worker-8a3c1,order-worker,0,303.64,0.3389,0,
order-worker-8a3c1_774,2026-07-13T09:12:54+00:00,order-worker-8a3c1,order-worker,0,300.97,0.3359,0,
order-worker-8a3c1_775,2026-07-13T09:12:55+00:00,order-worker-8a3c1,order-worker,0,292.97,0.327,0,
order-worker-8a3c1_776,2026-07-13T09:12:56+00:00,order-worker-8a3c1,order-worker,0,299.44,0.3342,0,
order-worker-8a3c1_777,2026-07-13T09:12:57+00:00,order-worker-8a3c1,order-worker,0,301.68,0.3367,0,
order-worker-8a3c1_778,2026-07-13T09:12:58+00:00,order-worker-8a3c1,order-worker,0,317.87,0.3548,0,
order-worker-8a3c1_779,2026-07-13T09:12:59+00:00,order-worker-8a3c1,order-worker,0,305.49,0.3409,0,
order-worker-8a3c1_780,2026-07-13T09:13:00+00:00,order-worker-8a3c1,order-worker,0,290.24,0.3239,0,
order-worker-8a3c1_781,2026-07-13T09:13:01+00:00,order-worker-8a3c1,order-worker,0,310.81,0.3469,0,
order-worker-8a3c1_782,2026-07-13T09:13:02+00:00,order-worker-8a3c1,order-worker,0,314.9,0.3515,0,
order-worker-8a3c1_783,2026-07-13T09:13:03+00:00,order-worker-8a3c1,order-worker,0,298.57,0.3332,0,
order-worker-8a3c1_784,2026-07-13T09:13:04+00:00,order-worker-8a3c1,order-worker,0,306.7,0.3423,0,
order-worker-8a3c1_785,2026-07-13T09:13:05+00:00,order-worker-8a3c1,order-worker,0,293.26,0.3273,0,
order-worker-8a3c1_786,2026-07-13T09:13:06+00:00,order-worker-8a3c1,order-worker,0,310.35,0.3464,0,
order-worker-8a3c1_787,2026-07-13T09:13:07+00:00,order-worker-8a3c1,order-worker,0,303.76,0.339,0,
order-worker-8a3c1_788,2026-07-13T09:13:08+00:00,order-worker-8a3c1,order-worker,0,292.12,0.326,0,
order-worker-8a3c1_789,2026-07-13T09:13:09+00:00,order-worker-8a3c1,order-worker,0,294.86,0.3291,0,
order-worker-8a3c1_790,2026-07-13T09:13:10+00:00,order-worker-8a3c1,order-worker,0,301.03,0.336,0,
order-worker-8a3c1_791,2026-07-13T09:13:11+00:00,order-worker-8a3c1,order-worker,0,296.76,0.3312,0,
order-worker-8a3c1_792,2026-07-13T09:13:12+00:00,order-worker-8a3c1,order-worker,0,302.24,0.3373,0,
order-worker-8a3c1_793,2026-07-13T09:13:13+00:00,order-worker-8a3c1,order-worker,0,309.38,0.3453,0,
order-worker-8a3c1_794,2026-07-13T09:13:14+00:00,order-worker-8a3c1,order-worker,0,294.86,0.3291,0,
order-worker-8a3c1_795,2026-07-13T09:13:15+00:00,order-worker-8a3c1,order-worker,0,302.63,0.3378,0,
order-worker-8a3c1_796,2026-07-13T09:13:16+00:00,order-worker-8a3c1,order-worker,0,299.56,0.3343,0,
order-worker-8a3c1_797,2026-07-13T09:13:17+00:00,order-worker-8a3c1,order-worker,0,309.32,0.3452,0,
order-worker-8a3c1_798,2026-07-13T09:13:18+00:00,order-worker-8a3c1,order-worker,0,301.83,0.3369,0,
order-worker-8a3c1_799,2026-07-13T09:13:19+00:00,order-worker-8a3c1,order-worker,0,303.28,0.3385,0,
order-worker-8a3c1_800,2026-07-13T09:13:20+00:00,order-worker-8a3c1,order-worker,0,286.41,0.3197,0,
order-worker-8a3c1_801,2026-07-13T09:13:21+00:00,order-worker-8a3c1,order-worker,0,296.71,0.3311,0,
order-worker-8a3c1_802,2026-07-13T09:13:22+00:00,order-worker-8a3c1,order-worker,0,311.82,0.348,0,
order-worker-8a3c1_803,2026-07-13T09:13:23+00:00,order-worker-8a3c1,order-worker,0,283.33,0.3162,0,
order-worker-8a3c1_804,2026-07-13T09:13:24+00:00,order-worker-8a3c1,order-worker,0,308.21,0.344,0,
order-worker-8a3c1_805,2026-07-13T09:13:25+00:00,order-worker-8a3c1,order-worker,0,301.13,0.3361,0,
order-worker-8a3c1_806,2026-07-13T09:13:26+00:00,order-worker-8a3c1,order-worker,0,303.42,0.3386,0,
order-worker-8a3c1_807,2026-07-13T09:13:27+00:00,order-worker-8a3c1,order-worker,0,307.03,0.3427,0,
order-worker-8a3c1_808,2026-07-13T09:13:28+00:00,order-worker-8a3c1,order-worker,0,309.1,0.345,0,
order-worker-8a3c1_809,2026-07-13T09:13:29+00:00,order-worker-8a3c1,order-worker,0,288.38,0.3219,0,
order-worker-8a3c1_810,2026-07-13T09:13:30+00:00,order-worker-8a3c1,order-worker,0,296.37,0.3308,0,
order-worker-8a3c1_811,2026-07-13T09:13:31+00:00,order-worker-8a3c1,order-worker,0,306.1,0.3416,0,
order-worker-8a3c1_812,2026-07-13T09:13:32+00:00,order-worker-8a3c1,order-worker,0,303.28,0.3385,0,
order-worker-8a3c1_813,2026-07-13T09:13:33+00:00,order-worker-8a3c1,order-worker,0,301.4,0.3364,0,
order-worker-8a3c1_814,2026-07-13T09:13:34+00:00,order-worker-8a3c1,order-worker,0,323.11,0.3606,0,
order-worker-8a3c1_815,2026-07-13T09:13:35+00:00,order-worker-8a3c1,order-worker,0,302.46,0.3376,0,
order-worker-8a3c1_816,2026-07-13T09:13:36+00:00,order-worker-8a3c1,order-worker,0,292.46,0.3264,0,
order-worker-8a3c1_817,2026-07-13T09:13:37+00:00,order-worker-8a3c1,order-worker,0,305.04,0.3404,0,
order-worker-8a3c1_818,2026-07-13T09:13:38+00:00,order-worker-8a3c1,order-worker,0,302.8,0.3379,0,
order-worker-8a3c1_819,2026-07-13T09:13:39+00:00,order-worker-8a3c1,order-worker,0,301.32,0.3363,0,
order-worker-8a3c1_820,2026-07-13T09:13:40+00:00,order-worker-8a3c1,order-worker,0,300.59,0.3355,0,
order-worker-8a3c1_821,2026-07-13T09:13:41+00:00,order-worker-8a3c1,order-worker,0,310.18,0.3462,0,
order-worker-8a3c1_822,2026-07-13T09:13:42+00:00,order-worker-8a3c1,order-worker,0,295.21,0.3295,0,
order-worker-8a3c1_823,2026-07-13T09:13:43+00:00,order-worker-8a3c1,order-worker,0,310.14,0.3461,0,
order-worker-8a3c1_824,2026-07-13T09:13:44+00:00,order-worker-8a3c1,order-worker,0,283.92,0.3169,0,
order-worker-8a3c1_825,2026-07-13T09:13:45+00:00,order-worker-8a3c1,order-worker,0,306.59,0.3422,0,
order-worker-8a3c1_826,2026-07-13T09:13:46+00:00,order-worker-8a3c1,order-worker,0,299.48,0.3342,0,
order-worker-8a3c1_827,2026-07-13T09:13:47+00:00,order-worker-8a3c1,order-worker,0,295.63,0.3299,0,
order-worker-8a3c1_828,2026-07-13T09:13:48+00:00,order-worker-8a3c1,order-worker,0,291.25,0.3251,0,
order-worker-8a3c1_829,2026-07-13T09:13:49+00:00,order-worker-8a3c1,order-worker,0,306.6,0.3422,0,
order-worker-8a3c1_830,2026-07-13T09:13:50+00:00,order-worker-8a3c1,order-worker,0,302.03,0.3371,0,
order-worker-8a3c1_831,2026-07-13T09:13:51+00:00,order-worker-8a3c1,order-worker,0,300.57,0.3355,0,
order-worker-8a3c1_832,2026-07-13T09:13:52+00:00,order-worker-8a3c1,order-worker,0,297.94,0.3325,0,
order-worker-8a3c1_833,2026-07-13T09:13:53+00:00,order-worker-8a3c1,order-worker,0,307.23,0.3429,0,
order-worker-8a3c1_834,2026-07-13T09:13:54+00:00,order-worker-8a3c1,order-worker,0,308.56,0.3444,0,
order-worker-8a3c1_835,2026-07-13T09:13:55+00:00,order-worker-8a3c1,order-worker,0,294.29,0.3284,0,
order-worker-8a3c1_836,2026-07-13T09:13:56+00:00,order-worker-8a3c1,order-worker,0,305.08,0.3405,0,
order-worker-8a3c1_837,2026-07-13T09:13:57+00:00,order-worker-8a3c1,order-worker,0,294.38,0.3285,0,
order-worker-8a3c1_838,2026-07-13T09:13:58+00:00,order-worker-8a3c1,order-worker,0,291.97,0.3259,0,
order-worker-8a3c1_839,2026-07-13T09:13:59+00:00,order-worker-8a3c1,order-worker,0,311.53,0.3477,0,
order-worker-8a3c1_840,2026-07-13T09:14:00+00:00,order-worker-8a3c1,order-worker,0,293.07,0.3271,0,
order-worker-8a3c1_841,2026-07-13T09:14:01+00:00,order-worker-8a3c1,order-worker,0,295.94,0.3303,0,
order-worker-8a3c1_842,2026-07-13T09:14:02+00:00,order-worker-8a3c1,order-worker,0,309.6,0.3455,0,
order-worker-8a3c1_843,2026-07-13T09:14:03+00:00,order-worker-8a3c1,order-worker,0,294.84,0.3291,0,
order-worker-8a3c1_844,2026-07-13T09:14:04+00:00,order-worker-8a3c1,order-worker,0,296.25,0.3306,0,
order-worker-8a3c1_845,2026-07-13T09:14:05+00:00,order-worker-8a3c1,order-worker,0,304.74,0.3401,0,
order-worker-8a3c1_846,2026-07-13T09:14:06+00:00,order-worker-8a3c1,order-worker,0,304.36,0.3397,0,
order-worker-8a3c1_847,2026-07-13T09:14:07+00:00,order-worker-8a3c1,order-worker,0,306.11,0.3416,0,
order-worker-8a3c1_848,2026-07-13T09:14:08+00:00,order-worker-8a3c1,order-worker,0,301.25,0.3362,0,
order-worker-8a3c1_849,2026-07-13T09:14:09+00:00,order-worker-8a3c1,order-worker,0,301.9,0.3369,0,
order-worker-8a3c1_850,2026-07-13T09:14:10+00:00,order-worker-8a3c1,order-worker,0,313.28,0.3496,0,
order-worker-8a3c1_851,2026-07-13T09:14:11+00:00,order-worker-8a3c1,order-worker,0,291.23,0.325,0,
order-worker-8a3c1_852,2026-07-13T09:14:12+00:00,order-worker-8a3c1,order-worker,0,317.07,0.3539,0,
order-worker-8a3c1_853,2026-07-13T09:14:13+00:00,order-worker-8a3c1,order-worker,0,299.44,0.3342,0,
order-worker-8a3c1_854,2026-07-13T09:14:14+00:00,order-worker-8a3c1,order-worker,0,295.69,0.33,0,
order-worker-8a3c1_855,2026-07-13T09:14:15+00:00,order-worker-8a3c1,order-worker,0,302.07,0.3371,0,
order-worker-8a3c1_856,2026-07-13T09:14:16+00:00,order-worker-8a3c1,order-worker,0,293.8,0.3279,0,
order-worker-8a3c1_857,2026-07-13T09:14:17+00:00,order-worker-8a3c1,order-worker,0,292.28,0.3262,0,
order-worker-8a3c1_858,2026-07-13T09:14:18+00:00,order-worker-8a3c1,order-worker,0,285.57,0.3187,0,
order-worker-8a3c1_859,2026-07-13T09:14:19+00:00,order-worker-8a3c1,order-worker,0,308.08,0.3438,0,
order-worker-8a3c1_860,2026-07-13T09:14:20+00:00,order-worker-8a3c1,order-worker,0,306.48,0.3421,0,
order-worker-8a3c1_861,2026-07-13T09:14:21+00:00,order-worker-8a3c1,order-worker,0,301.57,0.3366,0,
order-worker-8a3c1_862,2026-07-13T09:14:22+00:00,order-worker-8a3c1,order-worker,0,299.14,0.3339,0,
order-worker-8a3c1_863,2026-07-13T09:14:23+00:00,order-worker-8a3c1,order-worker,0,301.58,0.3366,0,
order-worker-8a3c1_864,2026-07-13T09:14:24+00:00,order-worker-8a3c1,order-worker,0,300.17,0.335,0,
order-worker-8a3c1_865,2026-07-13T09:14:25+00:00,order-worker-8a3c1,order-worker,0,294.3,0.3285,0,
order-worker-8a3c1_866,2026-07-13T09:14:26+00:00,order-worker-8a3c1,order-worker,0,307.04,0.3427,0,
order-worker-8a3c1_867,2026-07-13T09:14:27+00:00,order-worker-8a3c1,order-worker,0,292.9,0.3269,0,
order-worker-8a3c1_868,2026-07-13T09:14:28+00:00,order-worker-8a3c1,order-worker,0,296.65,0.3311,0,
order-worker-8a3c1_869,2026-07-13T09:14:29+00:00,order-worker-8a3c1,order-worker,0,291.5,0.3253,0,
order-worker-9b2e0_30,2026-07-13T09:00:30+00:00,order-worker-9b2e0,order-worker,0,354.26,0.3954,0,
order-worker-9b2e0_31,2026-07-13T09:00:31+00:00,order-worker-9b2e0,order-worker,0,365.2,0.4076,0,
order-worker-9b2e0_32,2026-07-13T09:00:32+00:00,order-worker-9b2e0,order-worker,0,365.46,0.4079,0,
order-worker-9b2e0_33,2026-07-13T09:00:33+00:00,order-worker-9b2e0,order-worker,0,354.79,0.396,0,
order-worker-9b2e0_34,2026-07-13T09:00:34+00:00,order-worker-9b2e0,order-worker,0,349.5,0.3901,0,
order-worker-9b2e0_35,2026-07-13T09:00:35+00:00,order-worker-9b2e0,order-worker,0,356.19,0.3975,0,
order-worker-9b2e0_36,2026-07-13T09:00:36+00:00,order-worker-9b2e0,order-worker,0,355.3,0.3965,0,
order-worker-9b2e0_37,2026-07-13T09:00:37+00:00,order-worker-9b2e0,order-worker,0,359.6,0.4013,0,
order-worker-9b2e0_38,2026-07-13T09:00:38+00:00,order-worker-9b2e0,order-worker,0,361.64,0.4036,0,
order-worker-9b2e0_39,2026-07-13T09:00:39+00:00,order-worker-9b2e0,order-worker,0,355.9,0.3972,0,
order-worker-9b2e0_40,2026-07-13T09:00:40+00:00,order-worker-9b2e0,order-worker,0,359.74,0.4015,0,
order-worker-9b2e0_41,2026-07-13T09:00:41+00:00,order-worker-9b2e0,order-worker,0,364.74,0.4071,0,
order-worker-9b2e0_42,2026-07-13T09:00:42+00:00,order-worker-9b2e0,order-worker,0,352.35,0.3932,0,
order-worker-9b2e0_43,2026-07-13T09:00:43+00:00,order-worker-9b2e0,order-worker,0,350.42,0.3911,0,
order-worker-9b2e0_44,2026-07-13T09:00:44+00:00,order-worker-9b2e0,order-worker,0,366.61,0.4092,0,
order-worker-9b2e0_45,2026-07-13T09:00:45+00:00,order-worker-9b2e0,order-worker,0,347.15,0.3874,0,
order-worker-9b2e0_46,2026-07-13T09:00:46+00:00,order-worker-9b2e0,order-worker,0,359.05,0.4007,0,
order-worker-9b2e0_47,2026-07-13T09:00:47+00:00,order-worker-9b2e0,order-worker,0,354.14,0.3952,0,
order-worker-9b2e0_48,2026-07-13T09:00:48+00:00,order-worker-9b2e0,order-worker,0,349.68,0.3903,0,
order-worker-9b2e0_49,2026-07-13T09:00:49+00:00,order-worker-9b2e0,order-worker,0,356.88,0.3983,0,
order-worker-9b2e0_50,2026-07-13T09:00:50+00:00,order-worker-9b2e0,order-worker,0,357.68,0.3992,0,
order-worker-9b2e0_51,2026-07-13T09:00:51+00:00,order-worker-9b2e0,order-worker,0,362.22,0.4043,0,
order-worker-9b2e0_52,2026-07-13T09:00:52+00:00,order-worker-9b2e0,order-worker,0,368.53,0.4113,0,
order-worker-9b2e0_53,2026-07-13T09:00:53+00:00,order-worker-9b2e0,order-worker,0,370.13,0.4131,0,
order-worker-9b2e0_54,2026-07-13T09:00:54+00:00,order-worker-9b2e0,order-worker,0,347.07,0.3874,0,
order-worker-9b2e0_55,2026-07-13T09:00:55+00:00,order-worker-9b2e0,order-worker,0,356.14,0.3975,0,
order-worker-9b2e0_56,2026-07-13T09:00:56+00:00,order-worker-9b2e0,order-worker,0,359.59,0.4013,0,
order-worker-9b2e0_57,2026-07-13T09:00:57+00:00,order-worker-9b2e0,order-worker,0,368.0,0.4107,0,
order-worker-9b2e0_58,2026-07-13T09:00:58+00:00,order-worker-9b2e0,order-worker,0,356.88,0.3983,0,
order-worker-9b2e0_59,2026-07-13T09:00:59+00:00,order-worker-9b2e0,order-worker,0,357.39,0.3989,0,
order-worker-9b2e0_60,2026-07-13T09:01:00+00:00,order-worker-9b2e0,order-worker,0,365.39,0.4078,0,
order-worker-9b2e0_61,2026-07-13T09:01:01+00:00,order-worker-9b2e0,order-worker,0,359.35,0.4011,0,
order-worker-9b2e0_62,2026-07-13T09:01:02+00:00,order-worker-9b2e0,order-worker,0,345.86,0.386,0,
order-worker-9b2e0_63,2026-07-13T09:01:03+00:00,order-worker-9b2e0,order-worker,0,353.05,0.394,0,
order-worker-9b2e0_64,2026-07-13T09:01:04+00:00,order-worker-9b2e0,order-worker,0,361.1,0.403,0,
order-worker-9b2e0_65,2026-07-13T09:01:05+00:00,order-worker-9b2e0,order-worker,0,364.12,0.4064,0,
order-worker-9b2e0_66,2026-07-13T09:01:06+00:00,order-worker-9b2e0,order-worker,0,349.68,0.3903,0,
order-worker-9b2e0_67,2026-07-13T09:01:07+00:00,order-worker-9b2e0,order-worker,0,352.53,0.3934,0,
order-worker-9b2e0_68,2026-07-13T09:01:08+00:00,order-worker-9b2e0,order-worker,0,353.55,0.3946,0,
order-worker-9b2e0_69,2026-07-13T09:01:09+00:00,order-worker-9b2e0,order-worker,0,350.66,0.3914,0,
order-worker-9b2e0_70,2026-07-13T09:01:10+00:00,order-worker-9b2e0,order-worker,0,356.35,0.3977,0,
order-worker-9b2e0_71,2026-07-13T09:01:11+00:00,order-worker-9b2e0,order-worker,0,347.53,0.3879,0,
order-worker-9b2e0_72,2026-07-13T09:01:12+00:00,order-worker-9b2e0,order-worker,0,353.12,0.3941,0,
order-worker-9b2e0_73,2026-07-13T09:01:13+00:00,order-worker-9b2e0,order-worker,0,359.26,0.401,0,
order-worker-9b2e0_74,2026-07-13T09:01:14+00:00,order-worker-9b2e0,order-worker,0,361.9,0.4039,0,
order-worker-9b2e0_75,2026-07-13T09:01:15+00:00,order-worker-9b2e0,order-worker,0,360.33,0.4022,0,
order-worker-9b2e0_76,2026-07-13T09:01:16+00:00,order-worker-9b2e0,order-worker,0,359.44,0.4012,0,
order-worker-9b2e0_77,2026-07-13T09:01:17+00:00,order-worker-9b2e0,order-worker,0,372.59,0.4158,0,
order-worker-9b2e0_78,2026-07-13T09:01:18+00:00,order-worker-9b2e0,order-worker,0,360.3,0.4021,0,
order-worker-9b2e0_79,2026-07-13T09:01:19+00:00,order-worker-9b2e0,order-worker,0,376.75,0.4205,0,
order-worker-9b2e0_80,2026-07-13T09:01:20+00:00,order-worker-9b2e0,order-worker,0,357.85,0.3994,0,
order-worker-9b2e0_81,2026-07-13T09:01:21+00:00,order-worker-9b2e0,order-worker,0,353.28,0.3943,0,
order-worker-9b2e0_82,2026-07-13T09:01:22+00:00,order-worker-9b2e0,order-worker,0,363.92,0.4062,0,
order-worker-9b2e0_83,2026-07-13T09:01:23+00:00,order-worker-9b2e0,order-worker,0,351.6,0.3924,0,
order-worker-9b2e0_84,2026-07-13T09:01:24+00:00,order-worker-9b2e0,order-worker,0,352.59,0.3935,0,
order-worker-9b2e0_85,2026-07-13T09:01:25+00:00,order-worker-9b2e0,order-worker,0,347.8,0.3882,0,
order-worker-9b2e0_86,2026-07-13T09:01:26+00:00,order-worker-9b2e0,order-worker,0,356.52,0.3979,0,
order-worker-9b2e0_87,2026-07-13T09:01:27+00:00,order-worker-9b2e0,order-worker,0,359.39,0.4011,0,
order-worker-9b2e0_88,2026-07-13T09:01:28+00:00,order-worker-9b2e0,order-worker,0,361.0,0.4029,0,
order-worker-9b2e0_89,2026-07-13T09:01:29+00:00,order-worker-9b2e0,order-worker,0,353.83,0.3949,0,
order-worker-9b2e0_90,2026-07-13T09:01:30+00:00,order-worker-9b2e0,order-worker,0,364.17,0.4064,0,
order-worker-9b2e0_91,2026-07-13T09:01:31+00:00,order-worker-9b2e0,order-worker,0,364.97,0.4073,0,
order-worker-9b2e0_92,2026-07-13T09:01:32+00:00,order-worker-9b2e0,order-worker,0,357.8,0.3993,0,
order-worker-9b2e0_93,2026-07-13T09:01:33+00:00,order-worker-9b2e0,order-worker,0,366.63,0.4092,0,
order-worker-9b2e0_94,2026-07-13T09:01:34+00:00,order-worker-9b2e0,order-worker,0,362.77,0.4049,0,
order-worker-9b2e0_95,2026-07-13T09:01:35+00:00,order-worker-9b2e0,order-worker,0,358.3,0.3999,0,
order-worker-9b2e0_96,2026-07-13T09:01:36+00:00,order-worker-9b2e0,order-worker,0,352.16,0.393,0,
order-worker-9b2e0_97,2026-07-13T09:01:37+00:00,order-worker-9b2e0,order-worker,0,366.98,0.4096,0,
order-worker-9b2e0_98,2026-07-13T09:01:38+00:00,order-worker-9b2e0,order-worker,0,356.7,0.3981,0,
order-worker-9b2e0_99,2026-07-13T09:01:39+00:00,order-worker-9b2e0,order-worker,0,353.71,0.3948,0,
order-worker-9b2e0_100,2026-07-13T09:01:40+00:00,order-worker-9b2e0,order-worker,0,362.68,0.4048,0,
order-worker-9b2e0_101,2026-07-13T09:01:41+00:00,order-worker-9b2e0,order-worker,0,370.61,0.4136,0,
order-worker-9b2e0_102,2026-07-13T09:01:42+00:00,order-worker-9b2e0,order-worker,0,348.86,0.3894,0,
order-worker-9b2e0_103,2026-07-13T09:01:43+00:00,order-worker-9b2e0,order-worker,0,366.68,0.4092,0,
order-worker-9b2e0_104,2026-07-13T09:01:44+00:00,order-worker-9b2e0,order-worker,0,363.61,0.4058,0,
order-worker-9b2e0_105,2026-07-13T09:01:45+00:00,order-worker-9b2e0,order-worker,0,366.56,0.4091,0,
order-worker-9b2e0_106,2026-07-13T09:01:46+00:00,order-worker-9b2e0,order-worker,0,341.27,0.3809,0,
order-worker-9b2e0_107,2026-07-13T09:01:47+00:00,order-worker-9b2e0,order-worker,0,363.26,0.4054,0,
order-worker-9b2e0_108,2026-07-13T09:01:48+00:00,order-worker-9b2e0,order-worker,0,355.06,0.3963,0,
order-worker-9b2e0_109,2026-07-13T09:01:49+00:00,order-worker-9b2e0,order-worker,0,356.82,0.3982,0,
order-worker-9b2e0_110,2026-07-13T09:01:50+00:00,order-worker-9b2e0,order-worker,0,360.29,0.4021,0,
order-worker-9b2e0_111,2026-07-13T09:01:51+00:00,order-worker-9b2e0,order-worker,0,364.86,0.4072,0,
order-worker-9b2e0_112,2026-07-13T09:01:52+00:00,order-worker-9b2e0,order-worker,0,355.02,0.3962,0,
order-worker-9b2e0_113,2026-07-13T09:01:53+00:00,order-worker-9b2e0,order-worker,0,350.67,0.3914,0,
order-worker-9b2e0_114,2026-07-13T09:01:54+00:00,order-worker-9b2e0,order-worker,0,361.49,0.4034,0,
order-worker-9b2e0_115,2026-07-13T09:01:55+00:00,order-worker-9b2e0,order-worker,0,349.33,0.3899,0,
order-worker-9b2e0_116,2026-07-13T09:01:56+00:00,order-worker-9b2e0,order-worker,0,355.16,0.3964,0,
order-worker-9b2e0_117,2026-07-13T09:01:57+00:00,order-worker-9b2e0,order-worker,0,344.44,0.3844,0,
order-worker-9b2e0_118,2026-07-13T09:01:58+00:00,order-worker-9b2e0,order-worker,0,367.18,0.4098,0,
order-worker-9b2e0_119,2026-07-13T09:01:59+00:00,order-worker-9b2e0,order-worker,0,370.75,0.4138,0,
order-worker-9b2e0_120,2026-07-13T09:02:00+00:00,order-worker-9b2e0,order-worker,0,379.1,0.4231,0,
order-worker-9b2e0_121,2026-07-13T09:02:01+00:00,order-worker-9b2e0,order-worker,0,357.6,0.3991,0,
order-worker-9b2e0_122,2026-07-13T09:02:02+00:00,order-worker-9b2e0,order-worker,0,350.98,0.3917,0,
order-worker-9b2e0_123,2026-07-13T09:02:03+00:00,order-worker-9b2e0,order-worker,0,353.54,0.3946,0,
order-worker-9b2e0_124,2026-07-13T09:02:04+00:00,order-worker-9b2e0,order-worker,0,363.12,0.4053,0,
order-worker-9b2e0_125,2026-07-13T09:02:05+00:00,order-worker-9b2e0,order-worker,0,352.33,0.3932,0,
order-worker-9b2e0_126,2026-07-13T09:02:06+00:00,order-worker-9b2e0,order-worker,0,362.39,0.4045,0,
order-worker-9b2e0_127,2026-07-13T09:02:07+00:00,order-worker-9b2e0,order-worker,0,373.72,0.4171,0,
order-worker-9b2e0_128,2026-07-13T09:02:08+00:00,order-worker-9b2e0,order-worker,0,352.28,0.3932,0,
order-worker-9b2e0_129,2026-07-13T09:02:09+00:00,order-worker-9b2e0,order-worker,0,348.99,0.3895,0,
order-worker-9b2e0_130,2026-07-13T09:02:10+00:00,order-worker-9b2e0,order-worker,0,360.0,0.4018,0,
order-worker-9b2e0_131,2026-07-13T09:02:11+00:00,order-worker-9b2e0,order-worker,0,353.39,0.3944,0,
order-worker-9b2e0_132,2026-07-13T09:02:12+00:00,order-worker-9b2e0,order-worker,0,362.06,0.4041,0,
order-worker-9b2e0_133,2026-07-13T09:02:13+00:00,order-worker-9b2e0,order-worker,0,371.23,0.4143,0,
order-worker-9b2e0_134,2026-07-13T09:02:14+00:00,order-worker-9b2e0,order-worker,0,365.62,0.4081,0,
order-worker-9b2e0_135,2026-07-13T09:02:15+00:00,order-worker-9b2e0,order-worker,0,348.73,0.3892,0,
order-worker-9b2e0_136,2026-07-13T09:02:16+00:00,order-worker-9b2e0,order-worker,0,371.56,0.4147,0,
order-worker-9b2e0_137,2026-07-13T09:02:17+00:00,order-worker-9b2e0,order-worker,0,356.99,0.3984,0,
order-worker-9b2e0_138,2026-07-13T09:02:18+00:00,order-worker-9b2e0,order-worker,0,347.97,0.3884,0,
order-worker-9b2e0_139,2026-07-13T09:02:19+00:00,order-worker-9b2e0,order-worker,0,362.26,0.4043,0,
order-worker-9b2e0_140,2026-07-13T09:02:20+00:00,order-worker-9b2e0,order-worker,0,355.25,0.3965,0,
order-worker-9b2e0_141,2026-07-13T09:02:21+00:00,order-worker-9b2e0,order-worker,0,359.99,0.4018,0,
order-worker-9b2e0_142,2026-07-13T09:02:22+00:00,order-worker-9b2e0,order-worker,0,352.11,0.393,0,
order-worker-9b2e0_143,2026-07-13T09:02:23+00:00,order-worker-9b2e0,order-worker,0,356.86,0.3983,0,
order-worker-9b2e0_144,2026-07-13T09:02:24+00:00,order-worker-9b2e0,order-worker,0,369.49,0.4124,0,
order-worker-9b2e0_145,2026-07-13T09:02:25+00:00,order-worker-9b2e0,order-worker,0,365.2,0.4076,0,
order-worker-9b2e0_146,2026-07-13T09:02:26+00:00,order-worker-9b2e0,order-worker,0,371.3,0.4144,0,
order-worker-9b2e0_147,2026-07-13T09:02:27+00:00,order-worker-9b2e0,order-worker,0,368.97,0.4118,0,
order-worker-9b2e0_148,2026-07-13T09:02:28+00:00,order-worker-9b2e0,order-worker,0,355.18,0.3964,0,
order-worker-9b2e0_149,2026-07-13T09:02:29+00:00,order-worker-9b2e0,order-worker,0,353.29,0.3943,0,
order-worker-9b2e0_150,2026-07-13T09:02:30+00:00,order-worker-9b2e0,order-worker,0,573.4,0.64,0,
order-worker-9b2e0_151,2026-07-13T09:02:31+00:00,order-worker-9b2e0,order-worker,0,533.01,0.5949,0,
order-worker-9b2e0_152,2026-07-13T09:02:32+00:00,order-worker-9b2e0,order-worker,0,564.26,0.6298,0,
order-worker-9b2e0_153,2026-07-13T09:02:33+00:00,order-worker-9b2e0,order-worker,0,566.63,0.6324,0,
order-worker-9b2e0_154,2026-07-13T09:02:34+00:00,order-worker-9b2e0,order-worker,0,584.93,0.6528,0,
order-worker-9b2e0_155,2026-07-13T09:02:35+00:00,order-worker-9b2e0,order-worker,0,560.69,0.6258,0,
order-worker-9b2e0_156,2026-07-13T09:02:36+00:00,order-worker-9b2e0,order-worker,0,474.19,0.5292,0,
order-worker-9b2e0_157,2026-07-13T09:02:37+00:00,order-worker-9b2e0,order-worker,0,520.51,0.5809,0,
order-worker-9b2e0_158,2026-07-13T09:02:38+00:00,order-worker-9b2e0,order-worker,0,524.15,0.585,0,
order-worker-9b2e0_159,2026-07-13T09:02:39+00:00,order-worker-9b2e0,order-worker,0,545.61,0.6089,0,
order-worker-9b2e0_160,2026-07-13T09:02:40+00:00,order-worker-9b2e0,order-worker,0,540.85,0.6036,0,
order-worker-9b2e0_161,2026-07-13T09:02:41+00:00,order-worker-9b2e0,order-worker,0,536.97,0.5993,0,
order-worker-9b2e0_162,2026-07-13T09:02:42+00:00,order-worker-9b2e0,order-worker,0,542.61,0.6056,0,
order-worker-9b2e0_163,2026-07-13T09:02:43+00:00,order-worker-9b2e0,order-worker,0,565.83,0.6315,0,
order-worker-9b2e0_164,2026-07-13T09:02:44+00:00,order-worker-9b2e0,order-worker,0,549.17,0.6129,0,
order-worker-9b2e0_165,2026-07-13T09:02:45+00:00,order-worker-9b2e0,order-worker,0,569.09,0.6351,0,
order-worker-9b2e0_166,2026-07-13T09:02:46+00:00,order-worker-9b2e0,order-worker,0,539.87,0.6025,0,
order-worker-9b2e0_167,2026-07-13T09:02:47+00:00,order-worker-9b2e0,order-worker,0,545.0,0.6083,0,
order-worker-9b2e0_168,2026-07-13T09:02:48+00:00,order-worker-9b2e0,order-worker,0,562.91,0.6282,0,
order-worker-9b2e0_169,2026-07-13T09:02:49+00:00,order-worker-9b2e0,order-worker,0,561.17,0.6263,0,
order-worker-9b2e0_170,2026-07-13T09:02:50+00:00,order-worker-9b2e0,order-worker,0,554.7,0.6191,0,
order-worker-9b2e0_171,2026-07-13T09:02:51+00:00,order-worker-9b2e0,order-worker,0,551.48,0.6155,0,
order-worker-9b2e0_172,2026-07-13T09:02:52+00:00,order-worker-9b2e0,order-worker,0,535.55,0.5977,0,
order-worker-9b2e0_173,2026-07-13T09:02:53+00:00,order-worker-9b2e0,order-worker,0,554.69,0.6191,0,
order-worker-9b2e0_174,2026-07-13T09:02:54+00:00,order-worker-9b2e0,order-worker,0,547.9,0.6115,0,
order-worker-9b2e0_175,2026-07-13T09:02:55+00:00,order-worker-9b2e0,order-worker,0,511.98,0.5714,0,
order-worker-9b2e0_176,2026-07-13T09:02:56+00:00,order-worker-9b2e0,order-worker,0,540.85,0.6036,0,
order-worker-9b2e0_177,2026-07-13T09:02:57+00:00,order-worker-9b2e0,order-worker,0,545.39,0.6087,0,
order-worker-9b2e0_178,2026-07-13T09:02:58+00:00,order-worker-9b2e0,order-worker,0,538.16,0.6006,0,
order-worker-9b2e0_179,2026-07-13T09:02:59+00:00,order-worker-9b2e0,order-worker,0,536.94,0.5993,0,
order-worker-9b2e0_180,2026-07-13T09:03:00+00:00,order-worker-9b2e0,order-worker,0,586.48,0.6546,0,
order-worker-9b2e0_181,2026-07-13T09:03:01+00:00,order-worker-9b2e0,order-worker,0,560.76,0.6258,0,
order-worker-9b2e0_182,2026-07-13T09:03:02+00:00,order-worker-9b2e0,order-worker,0,550.93,0.6149,0,
order-worker-9b2e0_183,2026-07-13T09:03:03+00:00,order-worker-9b2e0,order-worker,0,533.67,0.5956,0,
order-worker-9b2e0_184,2026-07-13T09:03:04+00:00,order-worker-9b2e0,order-worker,0,501.43,0.5596,0,
order-worker-9b2e0_185,2026-07-13T09:03:05+00:00,order-worker-9b2e0,order-worker,0,551.15,0.6151,0,
order-worker-9b2e0_186,2026-07-13T09:03:06+00:00,order-worker-9b2e0,order-worker,0,534.65,0.5967,0,
order-worker-9b2e0_187,2026-07-13T09:03:07+00:00,order-worker-9b2e0,order-worker,0,499.52,0.5575,0,
order-worker-9b2e0_188,2026-07-13T09:03:08+00:00,order-worker-9b2e0,order-worker,0,522.79,0.5835,0,
order-worker-9b2e0_189,2026-07-13T09:03:09+00:00,order-worker-9b2e0,order-worker,0,531.45,0.5931,0,
order-worker-9b2e0_190,2026-07-13T09:03:10+00:00,order-worker-9b2e0,order-worker,0,522.93,0.5836,0,
order-worker-9b2e0_191,2026-07-13T09:03:11+00:00,order-worker-9b2e0,order-worker,0,520.62,0.581,0,
order-worker-9b2e0_192,2026-07-13T09:03:12+00:00,order-worker-9b2e0,order-worker,0,551.24,0.6152,0,
order-worker-9b2e0_193,2026-07-13T09:03:13+00:00,order-worker-9b2e0,order-worker,0,527.58,0.5888,0,
order-worker-9b2e0_194,2026-07-13T09:03:14+00:00,order-worker-9b2e0,order-worker,0,586.84,0.655,0,
order-worker-9b2e0_195,2026-07-13T09:03:15+00:00,order-worker-9b2e0,order-worker,0,529.77,0.5913,0,
order-worker-9b2e0_196,2026-07-13T09:03:16+00:00,order-worker-9b2e0,order-worker,0,553.95,0.6182,0,
order-worker-9b2e0_197,2026-07-13T09:03:17+00:00,order-worker-9b2e0,order-worker,0,531.79,0.5935,0,
order-worker-9b2e0_198,2026-07-13T09:03:18+00:00,order-worker-9b2e0,order-worker,0,542.62,0.6056,0,
order-worker-9b2e0_199,2026-07-13T09:03:19+00:00,order-worker-9b2e0,order-worker,0,548.85,0.6126,0,
order-worker-9b2e0_200,2026-07-13T09:03:20+00:00,order-worker-9b2e0,order-worker,0,539.76,0.6024,0,
order-worker-9b2e0_201,2026-07-13T09:03:21+00:00,order-worker-9b2e0,order-worker,0,555.23,0.6197,0,
order-worker-9b2e0_202,2026-07-13T09:03:22+00:00,order-worker-9b2e0,order-worker,0,520.97,0.5814,0,
order-worker-9b2e0_203,2026-07-13T09:03:23+00:00,order-worker-9b2e0,order-worker,0,537.92,0.6004,0,
order-worker-9b2e0_204,2026-07-13T09:03:24+00:00,order-worker-9b2e0,order-worker,0,496.85,0.5545,0,
order-worker-9b2e0_205,2026-07-13T09:03:25+00:00,order-worker-9b2e0,order-worker,0,553.51,0.6178,0,
order-worker-9b2e0_206,2026-07-13T09:03:26+00:00,order-worker-9b2e0,order-worker,0,479.04,0.5346,0,
order-worker-9b2e0_207,2026-07-13T09:03:27+00:00,order-worker-9b2e0,order-worker,0,540.68,0.6034,0,
order-worker-9b2e0_208,2026-07-13T09:03:28+00:00,order-worker-9b2e0,order-worker,0,568.99,0.635,0,
order-worker-9b2e0_209,2026-07-13T09:03:29+00:00,order-worker-9b2e0,order-worker,0,521.49,0.582,0,
order-worker-9b2e0_210,2026-07-13T09:03:30+00:00,order-worker-9b2e0,order-worker,0,548.13,0.6118,0,
order-worker-9b2e0_211,2026-07-13T09:03:31+00:00,order-worker-9b2e0,order-worker,0,540.81,0.6036,0,
order-worker-9b2e0_212,2026-07-13T09:03:32+00:00,order-worker-9b2e0,order-worker,0,535.37,0.5975,0,
order-worker-9b2e0_213,2026-07-13T09:03:33+00:00,order-worker-9b2e0,order-worker,0,533.74,0.5957,0,
order-worker-9b2e0_214,2026-07-13T09:03:34+00:00,order-worker-9b2e0,order-worker,0,532.29,0.5941,0,
order-worker-9b2e0_215,2026-07-13T09:03:35+00:00,order-worker-9b2e0,order-worker,0,554.06,0.6184,0,
order-worker-9b2e0_216,2026-07-13T09:03:36+00:00,order-worker-9b2e0,order-worker,0,509.41,0.5685,0,
order-worker-9b2e0_217,2026-07-13T09:03:37+00:00,order-worker-9b2e0,order-worker,0,560.01,0.625,0,
order-worker-9b2e0_218,2026-07-13T09:03:38+00:00,order-worker-9b2e0,order-worker,0,532.35,0.5941,0,
order-worker-9b2e0_219,2026-07-13T09:03:39+00:00,order-worker-9b2e0,order-worker,0,550.92,0.6149,0,
order-worker-9b2e0_220,2026-07-13T09:03:40+00:00,order-worker-9b2e0,order-worker,0,576.27,0.6432,0,
order-worker-9b2e0_221,2026-07-13T09:03:41+00:00,order-worker-9b2e0,order-worker,0,522.39,0.583,0,
order-worker-9b2e0_222,2026-07-13T09:03:42+00:00,order-worker-9b2e0,order-worker,0,519.33,0.5796,0,
order-worker-9b2e0_223,2026-07-13T09:03:43+00:00,order-worker-9b2e0,order-worker,0,534.0,0.596,0,
order-worker-9b2e0_224,2026-07-13T09:03:44+00:00,order-worker-9b2e0,order-worker,0,549.04,0.6128,0,
order-worker-9b2e0_225,2026-07-13T09:03:45+00:00,order-worker-9b2e0,order-worker,0,534.14,0.5961,0,
order-worker-9b2e0_226,2026-07-13T09:03:46+00:00,order-worker-9b2e0,order-worker,0,548.68,0.6124,0,
order-worker-9b2e0_227,2026-07-13T09:03:47+00:00,order-worker-9b2e0,order-worker,0,538.9,0.6015,0,
order-worker-9b2e0_228,2026-07-13T09:03:48+00:00,order-worker-9b2e0,order-worker,0,528.06,0.5894,0,
order-worker-9b2e0_229,2026-07-13T09:03:49+00:00,order-worker-9b2e0,order-worker,0,529.47,0.5909,0,
order-worker-9b2e0_230,2026-07-13T09:03:50+00:00,order-worker-9b2e0,order-worker,0,551.32,0.6153,0,
order-worker-9b2e0_231,2026-07-13T09:03:51+00:00,order-worker-9b2e0,order-worker,0,355.62,0.3969,0,
order-worker-9b2e0_232,2026-07-13T09:03:52+00:00,order-worker-9b2e0,order-worker,0,357.41,0.3989,0,
order-worker-9b2e0_233,2026-07-13T09:03:53+00:00,order-worker-9b2e0,order-worker,0,364.92,0.4073,0,
order-worker-9b2e0_234,2026-07-13T09:03:54+00:00,order-worker-9b2e0,order-worker,0,360.52,0.4024,0,
order-worker-9b2e0_235,2026-07-13T09:03:55+00:00,order-worker-9b2e0,order-worker,0,352.89,0.3939,0,
order-worker-9b2e0_236,2026-07-13T09:03:56+00:00,order-worker-9b2e0,order-worker,0,363.51,0.4057,0,
order-worker-9b2e0_237,2026-07-13T09:03:57+00:00,order-worker-9b2e0,order-worker,0,367.41,0.4101,0,
order-worker-9b2e0_238,2026-07-13T09:03:58+00:00,order-worker-9b2e0,order-worker,0,357.09,0.3985,0,
order-worker-9b2e0_239,2026-07-13T09:03:59+00:00,order-worker-9b2e0,order-worker,0,366.61,0.4092,0,
order-worker-9b2e0_240,2026-07-13T09:04:00+00:00,order-worker-9b2e0,order-worker,0,372.2,0.4154,0,
order-worker-9b2e0_241,2026-07-13T09:04:01+00:00,order-worker-9b2e0,order-worker,0,372.67,0.4159,0,
order-worker-9b2e0_242,2026-07-13T09:04:02+00:00,order-worker-9b2e0,order-worker,0,350.46,0.3911,0,
order-worker-9b2e0_243,2026-07-13T09:04:03+00:00,order-worker-9b2e0,order-worker,0,358.58,0.4002,0,
order-worker-9b2e0_244,2026-07-13T09:04:04+00:00,order-worker-9b2e0,order-worker,0,339.63,0.3791,0,
order-worker-9b2e0_245,2026-07-13T09:04:05+00:00,order-worker-9b2e0,order-worker,0,365.58,0.408,0,
order-worker-9b2e0_246,2026-07-13T09:04:06+00:00,order-worker-9b2e0,order-worker,0,353.73,0.3948,0,
order-worker-9b2e0_247,2026-07-13T09:04:07+00:00,order-worker-9b2e0,order-worker,0,352.97,0.3939,0,
order-worker-9b2e0_248,2026-07-13T09:04:08+00:00,order-worker-9b2e0,order-worker,0,354.18,0.3953,0,
order-worker-9b2e0_249,2026-07-13T09:04:09+00:00,order-worker-9b2e0,order-worker,0,350.19,0.3908,0,
order-worker-9b2e0_250,2026-07-13T09:04:10+00:00,order-worker-9b2e0,order-worker,0,371.96,0.4151,0,
order-worker-9b2e0_251,2026-07-13T09:04:11+00:00,order-worker-9b2e0,order-worker,0,360.25,0.4021,0,
order-worker-9b2e0_252,2026-07-13T09:04:12+00:00,order-worker-9b2e0,order-worker,0,357.49,0.399,0,
order-worker-9b2e0_253,2026-07-13T09:04:13+00:00,order-worker-9b2e0,order-worker,0,368.59,0.4114,0,
order-worker-9b2e0_254,2026-07-13T09:04:14+00:00,order-worker-9b2e0,order-worker,0,353.4,0.3944,0,
order-worker-9b2e0_255,2026-07-13T09:04:15+00:00,order-worker-9b2e0,order-worker,0,352.62,0.3935,0,
order-worker-9b2e0_256,2026-07-13T09:04:16+00:00,order-worker-9b2e0,order-worker,0,358.76,0.4004,0,
order-worker-9b2e0_257,2026-07-13T09:04:17+00:00,order-worker-9b2e0,order-worker,0,351.2,0.392,0,
order-worker-9b2e0_258,2026-07-13T09:04:18+00:00,order-worker-9b2e0,order-worker,0,355.61,0.3969,0,
order-worker-9b2e0_259,2026-07-13T09:04:19+00:00,order-worker-9b2e0,order-worker,0,375.55,0.4191,0,
order-worker-9b2e0_260,2026-07-13T09:04:20+00:00,order-worker-9b2e0,order-worker,0,362.45,0.4045,0,
order-worker-9b2e0_261,2026-07-13T09:04:21+00:00,order-worker-9b2e0,order-worker,0,354.35,0.3955,0,
order-worker-9b2e0_262,2026-07-13T09:04:22+00:00,order-worker-9b2e0,order-worker,0,358.57,0.4002,0,
order-worker-9b2e0_263,2026-07-13T09:04:23+00:00,order-worker-9b2e0,order-worker,0,370.11,0.4131,0,
order-worker-9b2e0_264,2026-07-13T09:04:24+00:00,order-worker-9b2e0,order-worker,0,351.48,0.3923,0,
order-worker-9b2e0_265,2026-07-13T09:04:25+00:00,order-worker-9b2e0,order-worker,0,361.93,0.4039,0,
order-worker-9b2e0_266,2026-07-13T09:04:26+00:00,order-worker-9b2e0,order-worker,0,368.11,0.4108,0,
order-worker-9b2e0_267,2026-07-13T09:04:27+00:00,order-worker-9b2e0,order-worker,0,358.85,0.4005,0,
order-worker-9b2e0_268,2026-07-13T09:04:28+00:00,order-worker-9b2e0,order-worker,0,354.95,0.3961,0,
order-worker-9b2e0_269,2026-07-13T09:04:29+00:00,order-worker-9b2e0,order-worker,0,356.55,0.3979,0,
order-worker-9b2e0_270,2026-07-13T09:04:30+00:00,order-worker-9b2e0,order-worker,0,359.23,0.4009,0,
order-worker-9b2e0_271,2026-07-13T09:04:31+00:00,order-worker-9b2e0,order-worker,0,304.19,0.3395,0,
order-worker-9b2e0_272,2026-07-13T09:04:32+00:00,order-worker-9b2e0,order-worker,0,301.97,0.337,0,
order-worker-9b2e0_273,2026-07-13T09:04:33+00:00,order-worker-9b2e0,order-worker,0,304.44,0.3398,0,
order-worker-9b2e0_274,2026-07-13T09:04:34+00:00,order-worker-9b2e0,order-worker,0,280.58,0.3131,0,
order-worker-9b2e0_275,2026-07-13T09:04:35+00:00,order-worker-9b2e0,order-worker,0,303.09,0.3383,0,
order-worker-9b2e0_276,2026-07-13T09:04:36+00:00,order-worker-9b2e0,order-worker,0,292.69,0.3267,0,
order-worker-9b2e0_277,2026-07-13T09:04:37+00:00,order-worker-9b2e0,order-worker,0,296.33,0.3307,0,
order-worker-9b2e0_278,2026-07-13T09:04:38+00:00,order-worker-9b2e0,order-worker,0,299.98,0.3348,0,
order-worker-9b2e0_279,2026-07-13T09:04:39+00:00,order-worker-9b2e0,order-worker,0,310.68,0.3467,0,
order-worker-9b2e0_280,2026-07-13T09:04:40+00:00,order-worker-9b2e0,order-worker,0,306.6,0.3422,0,
order-worker-9b2e0_281,2026-07-13T09:04:41+00:00,order-worker-9b2e0,order-worker,0,308.43,0.3442,0,
order-worker-9b2e0_282,2026-07-13T09:04:42+00:00,order-worker-9b2e0,order-worker,0,298.37,0.333,0,
order-worker-9b2e0_283,2026-07-13T09:04:43+00:00,order-worker-9b2e0,order-worker,0,305.73,0.3412,0,
order-worker-9b2e0_284,2026-07-13T09:04:44+00:00,order-worker-9b2e0,order-worker,0,300.93,0.3359,0,
order-worker-9b2e0_285,2026-07-13T09:04:45+00:00,order-worker-9b2e0,order-worker,0,304.57,0.3399,0,
order-worker-9b2e0_286,2026-07-13T09:04:46+00:00,order-worker-9b2e0,order-worker,0,309.43,0.3453,0,
order-worker-9b2e0_287,2026-07-13T09:04:47+00:00,order-worker-9b2e0,order-worker,0,310.02,0.346,0,
order-worker-9b2e0_288,2026-07-13T09:04:48+00:00,order-worker-9b2e0,order-worker,0,300.74,0.3356,0,
order-worker-9b2e0_289,2026-07-13T09:04:49+00:00,order-worker-9b2e0,order-worker,0,303.9,0.3392,0,
order-worker-9b2e0_290,2026-07-13T09:04:50+00:00,order-worker-9b2e0,order-worker,0,296.78,0.3312,0,
order-worker-9b2e0_291,2026-07-13T09:04:51+00:00,order-worker-9b2e0,order-worker,0,306.99,0.3426,0,
order-worker-9b2e0_292,2026-07-13T09:04:52+00:00,order-worker-9b2e0,order-worker,0,304.52,0.3399,0,
order-worker-9b2e0_293,2026-07-13T09:04:53+00:00,order-worker-9b2e0,order-worker,0,309.76,0.3457,0,
order-worker-9b2e0_294,2026-07-13T09:04:54+00:00,order-worker-9b2e0,order-worker,0,301.3,0.3363,0,
order-worker-9b2e0_295,2026-07-13T09:04:55+00:00,order-worker-9b2e0,order-worker,0,297.5,0.332,0,
order-worker-9b2e0_296,2026-07-13T09:04:56+00:00,order-worker-9b2e0,order-worker,0,305.76,0.3412,0,
order-worker-9b2e0_297,2026-07-13T09:04:57+00:00,order-worker-9b2e0,order-worker,0,298.12,0.3327,0,
order-worker-9b2e0_298,2026-07-13T09:04:58+00:00,order-worker-9b2e0,order-worker,0,302.67,0.3378,0,
order-worker-9b2e0_299,2026-07-13T09:04:59+00:00,order-worker-9b2e0,order-worker,0,287.86,0.3213,0,
order-worker-9b2e0_300,2026-07-13T09:05:00+00:00,order-worker-9b2e0,order-worker,0,303.43,0.3386,0,
order-worker-9b2e0_301,2026-07-13T09:05:01+00:00,order-worker-9b2e0,order-worker,0,297.87,0.3324,0,
order-worker-9b2e0_302,2026-07-13T09:05:02+00:00,order-worker-9b2e0,order-worker,0,306.56,0.3421,0,
order-worker-9b2e0_303,2026-07-13T09:05:03+00:00,order-worker-9b2e0,order-worker,0,299.26,0.334,0,
order-worker-9b2e0_304,2026-07-13T09:05:04+00:00,order-worker-9b2e0,order-worker,0,297.4,0.3319,0,
order-worker-9b2e0_305,2026-07-13T09:05:05+00:00,order-worker-9b2e0,order-worker,0,308.71,0.3445,0,
order-worker-9b2e0_306,2026-07-13T09:05:06+00:00,order-worker-9b2e0,order-worker,0,292.54,0.3265,0,
order-worker-9b2e0_307,2026-07-13T09:05:07+00:00,order-worker-9b2e0,order-worker,0,297.52,0.3321,0,
order-worker-9b2e0_308,2026-07-13T09:05:08+00:00,order-worker-9b2e0,order-worker,0,293.47,0.3275,0,
order-worker-9b2e0_309,2026-07-13T09:05:09+00:00,order-worker-9b2e0,order-worker,0,308.65,0.3445,0,
order-worker-9b2e0_310,2026-07-13T09:05:10+00:00,order-worker-9b2e0,order-worker,0,282.21,0.315,0,
order-worker-9b2e0_311,2026-07-13T09:05:11+00:00,order-worker-9b2e0,order-worker,0,296.8,0.3312,0,
order-worker-9b2e0_312,2026-07-13T09:05:12+00:00,order-worker-9b2e0,order-worker,0,296.08,0.3304,0,
order-worker-9b2e0_313,2026-07-13T09:05:13+00:00,order-worker-9b2e0,order-worker,0,311.14,0.3473,0,
order-worker-9b2e0_314,2026-07-13T09:05:14+00:00,order-worker-9b2e0,order-worker,0,292.47,0.3264,0,
order-worker-9b2e0_315,2026-07-13T09:05:15+00:00,order-worker-9b2e0,order-worker,0,311.34,0.3475,0,
order-worker-9b2e0_316,2026-07-13T09:05:16+00:00,order-worker-9b2e0,order-worker,0,300.01,0.3348,0,
order-worker-9b2e0_317,2026-07-13T09:05:17+00:00,order-worker-9b2e0,order-worker,0,294.89,0.3291,0,
order-worker-9b2e0_318,2026-07-13T09:05:18+00:00,order-worker-9b2e0,order-worker,0,290.74,0.3245,0,
order-worker-9b2e0_319,2026-07-13T09:05:19+00:00,order-worker-9b2e0,order-worker,0,314.1,0.3506,0,
order-worker-9b2e0_320,2026-07-13T09:05:20+00:00,order-worker-9b2e0,order-worker,0,312.93,0.3493,0,
order-worker-9b2e0_321,2026-07-13T09:05:21+00:00,order-worker-9b2e0,order-worker,0,309.26,0.3452,0,
order-worker-9b2e0_322,2026-07-13T09:05:22+00:00,order-worker-9b2e0,order-worker,0,302.55,0.3377,0,
order-worker-9b2e0_323,2026-07-13T09:05:23+00:00,order-worker-9b2e0,order-worker,0,291.84,0.3257,0,
order-worker-9b2e0_324,2026-07-13T09:05:24+00:00,order-worker-9b2e0,order-worker,0,300.56,0.3354,0,
order-worker-9b2e0_325,2026-07-13T09:05:25+00:00,order-worker-9b2e0,order-worker,0,293.82,0.3279,0,
order-worker-9b2e0_326,2026-07-13T09:05:26+00:00,order-worker-9b2e0,order-worker,0,304.16,0.3395,0,
order-worker-9b2e0_327,2026-07-13T09:05:27+00:00,order-worker-9b2e0,order-worker,0,300.25,0.3351,0,
order-worker-9b2e0_328,2026-07-13T09:05:28+00:00,order-worker-9b2e0,order-worker,0,303.12,0.3383,0,
order-worker-9b2e0_329,2026-07-13T09:05:29+00:00,order-worker-9b2e0,order-worker,0,303.66,0.3389,0,
order-worker-9b2e0_330,2026-07-13T09:05:30+00:00,order-worker-9b2e0,order-worker,0,311.99,0.3482,0,
order-worker-9b2e0_331,2026-07-13T09:05:31+00:00,order-worker-9b2e0,order-worker,0,305.14,0.3406,0,
order-worker-9b2e0_332,2026-07-13T09:05:32+00:00,order-worker-9b2e0,order-worker,0,308.58,0.3444,0,
order-worker-9b2e0_333,2026-07-13T09:05:33+00:00,order-worker-9b2e0,order-worker,0,302.82,0.338,0,
order-worker-9b2e0_334,2026-07-13T09:05:34+00:00,order-worker-9b2e0,order-worker,0,303.36,0.3386,0,
order-worker-9b2e0_335,2026-07-13T09:05:35+00:00,order-worker-9b2e0,order-worker,0,301.16,0.3361,0,
order-worker-9b2e0_336,2026-07-13T09:05:36+00:00,order-worker-9b2e0,order-worker,0,298.32,0.3329,0,
order-worker-9b2e0_337,2026-07-13T09:05:37+00:00,order-worker-9b2e0,order-worker,0,308.15,0.3439,0,
order-worker-9b2e0_338,2026-07-13T09:05:38+00:00,order-worker-9b2e0,order-worker,0,294.84,0.3291,0,
order-worker-9b2e0_339,2026-07-13T09:05:39+00:00,order-worker-9b2e0,order-worker,0,296.73,0.3312,0,
order-worker-9b2e0_340,2026-07-13T09:05:40+00:00,order-worker-9b2e0,order-worker,0,293.54,0.3276,0,
order-worker-9b2e0_341,2026-07-13T09:05:41+00:00,order-worker-9b2e0,order-worker,0,315.8,0.3525,0,
order-worker-9b2e0_342,2026-07-13T09:05:42+00:00,order-worker-9b2e0,order-worker,0,303.83,0.3391,0,
order-worker-9b2e0_343,2026-07-13T09:05:43+00:00,order-worker-9b2e0,order-worker,0,299.49,0.3343,0,
order-worker-9b2e0_344,2026-07-13T09:05:44+00:00,order-worker-9b2e0,order-worker,0,283.62,0.3165,0,
order-worker-9b2e0_345,2026-07-13T09:05:45+00:00,order-worker-9b2e0,order-worker,0,299.45,0.3342,0,
order-worker-9b2e0_346,2026-07-13T09:05:46+00:00,order-worker-9b2e0,order-worker,0,300.9,0.3358,0,
order-worker-9b2e0_347,2026-07-13T09:05:47+00:00,order-worker-9b2e0,order-worker,0,306.47,0.342,0,
order-worker-9b2e0_348,2026-07-13T09:05:48+00:00,order-worker-9b2e0,order-worker,0,303.6,0.3388,0,
order-worker-9b2e0_349,2026-07-13T09:05:49+00:00,order-worker-9b2e0,order-worker,0,292.84,0.3268,0,
order-worker-9b2e0_350,2026-07-13T09:05:50+00:00,order-worker-9b2e0,order-worker,0,296.52,0.3309,0,
order-worker-9b2e0_351,2026-07-13T09:05:51+00:00,order-worker-9b2e0,order-worker,0,303.53,0.3388,0,
order-worker-9b2e0_352,2026-07-13T09:05:52+00:00,order-worker-9b2e0,order-worker,0,291.77,0.3256,0,
order-worker-9b2e0_353,2026-07-13T09:05:53+00:00,order-worker-9b2e0,order-worker,0,307.53,0.3432,0,
order-worker-9b2e0_354,2026-07-13T09:05:54+00:00,order-worker-9b2e0,order-worker,0,290.84,0.3246,0,
order-worker-9b2e0_355,2026-07-13T09:05:55+00:00,order-worker-9b2e0,order-worker,0,297.6,0.3321,0,
order-worker-9b2e0_356,2026-07-13T09:05:56+00:00,order-worker-9b2e0,order-worker,0,301.46,0.3365,0,
order-worker-9b2e0_357,2026-07-13T09:05:57+00:00,order-worker-9b2e0,order-worker,0,285.34,0.3185,0,
order-worker-9b2e0_358,2026-07-13T09:05:58+00:00,order-worker-9b2e0,order-worker,0,294.9,0.3291,0,
order-worker-9b2e0_359,2026-07-13T09:05:59+00:00,order-worker-9b2e0,order-worker,0,303.23,0.3384,0,
order-worker-9b2e0_360,2026-07-13T09:06:00+00:00,order-worker-9b2e0,order-worker,0,301.07,0.336,0,
order-worker-9b2e0_361,2026-07-13T09:06:01+00:00,order-worker-9b2e0,order-worker,0,312.28,0.3485,0,
order-worker-9b2e0_362,2026-07-13T09:06:02+00:00,order-worker-9b2e0,order-worker,0,308.29,0.3441,0,
order-worker-9b2e0_363,2026-07-13T09:06:03+00:00,order-worker-9b2e0,order-worker,0,300.43,0.3353,0,
order-worker-9b2e0_364,2026-07-13T09:06:04+00:00,order-worker-9b2e0,order-worker,0,309.35,0.3453,0,
order-worker-9b2e0_365,2026-07-13T09:06:05+00:00,order-worker-9b2e0,order-worker,0,314.14,0.3506,0,
order-worker-9b2e0_366,2026-07-13T09:06:06+00:00,order-worker-9b2e0,order-worker,0,298.68,0.3333,0,
order-worker-9b2e0_367,2026-07-13T09:06:07+00:00,order-worker-9b2e0,order-worker,0,308.72,0.3446,0,
order-worker-9b2e0_368,2026-07-13T09:06:08+00:00,order-worker-9b2e0,order-worker,0,302.07,0.3371,0,
order-worker-9b2e0_369,2026-07-13T09:06:09+00:00,order-worker-9b2e0,order-worker,0,314.95,0.3515,0,
order-worker-9b2e0_370,2026-07-13T09:06:10+00:00,order-worker-9b2e0,order-worker,0,306.15,0.3417,0,
order-worker-9b2e0_371,2026-07-13T09:06:11+00:00,order-worker-9b2e0,order-worker,0,311.64,0.3478,0,
order-worker-9b2e0_372,2026-07-13T09:06:12+00:00,order-worker-9b2e0,order-worker,0,307.45,0.3431,0,
order-worker-9b2e0_373,2026-07-13T09:06:13+00:00,order-worker-9b2e0,order-worker,0,290.6,0.3243,0,
order-worker-9b2e0_374,2026-07-13T09:06:14+00:00,order-worker-9b2e0,order-worker,0,301.74,0.3368,0,
order-worker-9b2e0_375,2026-07-13T09:06:15+00:00,order-worker-9b2e0,order-worker,0,293.59,0.3277,0,
order-worker-9b2e0_376,2026-07-13T09:06:16+00:00,order-worker-9b2e0,order-worker,0,300.18,0.335,0,
order-worker-9b2e0_377,2026-07-13T09:06:17+00:00,order-worker-9b2e0,order-worker,0,321.32,0.3586,0,
order-worker-9b2e0_378,2026-07-13T09:06:18+00:00,order-worker-9b2e0,order-worker,0,287.89,0.3213,0,
order-worker-9b2e0_379,2026-07-13T09:06:19+00:00,order-worker-9b2e0,order-worker,0,298.72,0.3334,0,
order-worker-9b2e0_380,2026-07-13T09:06:20+00:00,order-worker-9b2e0,order-worker,0,317.89,0.3548,0,
order-worker-9b2e0_381,2026-07-13T09:06:21+00:00,order-worker-9b2e0,order-worker,0,313.68,0.3501,0,
order-worker-9b2e0_382,2026-07-13T09:06:22+00:00,order-worker-9b2e0,order-worker,0,308.27,0.3441,0,
order-worker-9b2e0_383,2026-07-13T09:06:23+00:00,order-worker-9b2e0,order-worker,0,286.66,0.3199,0,
order-worker-9b2e0_384,2026-07-13T09:06:24+00:00,order-worker-9b2e0,order-worker,0,294.97,0.3292,0,
order-worker-9b2e0_385,2026-07-13T09:06:25+00:00,order-worker-9b2e0,order-worker,0,309.62,0.3456,0,
order-worker-9b2e0_386,2026-07-13T09:06:26+00:00,order-worker-9b2e0,order-worker,0,299.01,0.3337,0,
order-worker-9b2e0_387,2026-07-13T09:06:27+00:00,order-worker-9b2e0,order-worker,0,287.16,0.3205,0,
order-worker-9b2e0_388,2026-07-13T09:06:28+00:00,order-worker-9b2e0,order-worker,0,302.75,0.3379,0,
order-worker-9b2e0_389,2026-07-13T09:06:29+00:00,order-worker-9b2e0,order-worker,0,287.74,0.3211,0,
order-worker-9b2e0_390,2026-07-13T09:06:30+00:00,order-worker-9b2e0,order-worker,0,302.5,0.3376,0,
order-worker-9b2e0_391,2026-07-13T09:06:31+00:00,order-worker-9b2e0,order-worker,0,300.57,0.3355,0,
order-worker-9b2e0_392,2026-07-13T09:06:32+00:00,order-worker-9b2e0,order-worker,0,291.04,0.3248,0,
order-worker-9b2e0_393,2026-07-13T09:06:33+00:00,order-worker-9b2e0,order-worker,0,294.97,0.3292,0,
order-worker-9b2e0_394,2026-07-13T09:06:34+00:00,order-worker-9b2e0,order-worker,0,305.21,0.3406,0,
order-worker-9b2e0_395,2026-07-13T09:06:35+00:00,order-worker-9b2e0,order-worker,0,304.92,0.3403,0,
order-worker-9b2e0_396,2026-07-13T09:06:36+00:00,order-worker-9b2e0,order-worker,0,298.39,0.333,0,
order-worker-9b2e0_397,2026-07-13T09:06:37+00:00,order-worker-9b2e0,order-worker,0,308.68,0.3445,0,
order-worker-9b2e0_398,2026-07-13T09:06:38+00:00,order-worker-9b2e0,order-worker,0,298.97,0.3337,0,
order-worker-9b2e0_399,2026-07-13T09:06:39+00:00,order-worker-9b2e0,order-worker,0,303.82,0.3391,0,
order-worker-9b2e0_400,2026-07-13T09:06:40+00:00,order-worker-9b2e0,order-worker,0,279.7,0.3122,0,
order-worker-9b2e0_401,2026-07-13T09:06:41+00:00,order-worker-9b2e0,order-worker,0,313.16,0.3495,0,
order-worker-9b2e0_402,2026-07-13T09:06:42+00:00,order-worker-9b2e0,order-worker,0,301.74,0.3368,0,
order-worker-9b2e0_403,2026-07-13T09:06:43+00:00,order-worker-9b2e0,order-worker,0,302.41,0.3375,0,
order-worker-9b2e0_404,2026-07-13T09:06:44+00:00,order-worker-9b2e0,order-worker,0,296.96,0.3314,0,
order-worker-9b2e0_405,2026-07-13T09:06:45+00:00,order-worker-9b2e0,order-worker,0,312.05,0.3483,0,
order-worker-9b2e0_406,2026-07-13T09:06:46+00:00,order-worker-9b2e0,order-worker,0,284.96,0.318,0,
order-worker-9b2e0_407,2026-07-13T09:06:47+00:00,order-worker-9b2e0,order-worker,0,294.57,0.3288,0,
order-worker-9b2e0_408,2026-07-13T09:06:48+00:00,order-worker-9b2e0,order-worker,0,294.8,0.329,0,
order-worker-9b2e0_409,2026-07-13T09:06:49+00:00,order-worker-9b2e0,order-worker,0,308.41,0.3442,0,
order-worker-9b2e0_410,2026-07-13T09:06:50+00:00,order-worker-9b2e0,order-worker,0,312.99,0.3493,0,
order-worker-9b2e0_411,2026-07-13T09:06:51+00:00,order-worker-9b2e0,order-worker,0,310.74,0.3468,0,
order-worker-9b2e0_412,2026-07-13T09:06:52+00:00,order-worker-9b2e0,order-worker,0,275.79,0.3078,0,
order-worker-9b2e0_413,2026-07-13T09:06:53+00:00,order-worker-9b2e0,order-worker,0,293.11,0.3271,0,
order-worker-9b2e0_414,2026-07-13T09:06:54+00:00,order-worker-9b2e0,order-worker,0,309.89,0.3459,0,
order-worker-9b2e0_415,2026-07-13T09:06:55+00:00,order-worker-9b2e0,order-worker,0,301.77,0.3368,0,
order-worker-9b2e0_416,2026-07-13T09:06:56+00:00,order-worker-9b2e0,order-worker,0,308.6,0.3444,0,
order-worker-9b2e0_417,2026-07-13T09:06:57+00:00,order-worker-9b2e0,order-worker,0,295.08,0.3293,0,
order-worker-9b2e0_418,2026-07-13T09:06:58+00:00,order-worker-9b2e0,order-worker,0,306.2,0.3417,0,
order-worker-9b2e0_419,2026-07-13T09:06:59+00:00,order-worker-9b2e0,order-worker,0,302.0,0.3371,0,
order-worker-9b2e0_420,2026-07-13T09:07:00+00:00,order-worker-9b2e0,order-worker,0,298.68,0.3333,0,
order-worker-9b2e0_421,2026-07-13T09:07:01+00:00,order-worker-9b2e0,order-worker,0,315.42,0.352,0,
order-worker-9b2e0_422,2026-07-13T09:07:02+00:00,order-worker-9b2e0,order-worker,0,303.06,0.3382,0,
order-worker-9b2e0_423,2026-07-13T09:07:03+00:00,order-worker-9b2e0,order-worker,0,296.4,0.3308,0,
order-worker-9b2e0_424,2026-07-13T09:07:04+00:00,order-worker-9b2e0,order-worker,0,310.62,0.3467,0,
order-worker-9b2e0_425,2026-07-13T09:07:05+00:00,order-worker-9b2e0,order-worker,0,304.32,0.3396,0,
order-worker-9b2e0_426,2026-07-13T09:07:06+00:00,order-worker-9b2e0,order-worker,0,303.17,0.3384,0,
order-worker-9b2e0_427,2026-07-13T09:07:07+00:00,order-worker-9b2e0,order-worker,0,295.68,0.33,0,
order-worker-9b2e0_428,2026-07-13T09:07:08+00:00,order-worker-9b2e0,order-worker,0,309.66,0.3456,0,
order-worker-9b2e0_429,2026-07-13T09:07:09+00:00,order-worker-9b2e0,order-worker,0,317.54,0.3544,0,
order-worker-9b2e0_430,2026-07-13T09:07:10+00:00,order-worker-9b2e0,order-worker,0,280.72,0.3133,0,
order-worker-9b2e0_431,2026-07-13T09:07:11+00:00,order-worker-9b2e0,order-worker,0,309.36,0.3453,0,
order-worker-9b2e0_432,2026-07-13T09:07:12+00:00,order-worker-9b2e0,order-worker,0,304.51,0.3399,0,
order-worker-9b2e0_433,2026-07-13T09:07:13+00:00,order-worker-9b2e0,order-worker,0,296.15,0.3305,0,
order-worker-9b2e0_434,2026-07-13T09:07:14+00:00,order-worker-9b2e0,order-worker,0,294.0,0.3281,0,
order-worker-9b2e0_435,2026-07-13T09:07:15+00:00,order-worker-9b2e0,order-worker,0,297.91,0.3325,0,
order-worker-9b2e0_436,2026-07-13T09:07:16+00:00,order-worker-9b2e0,order-worker,0,289.83,0.3235,0,
order-worker-9b2e0_437,2026-07-13T09:07:17+00:00,order-worker-9b2e0,order-worker,0,289.26,0.3228,0,
order-worker-9b2e0_438,2026-07-13T09:07:18+00:00,order-worker-9b2e0,order-worker,0,301.56,0.3366,0,
order-worker-9b2e0_439,2026-07-13T09:07:19+00:00,order-worker-9b2e0,order-worker,0,295.16,0.3294,0,
order-worker-9b2e0_440,2026-07-13T09:07:20+00:00,order-worker-9b2e0,order-worker,0,301.41,0.3364,0,
order-worker-9b2e0_441,2026-07-13T09:07:21+00:00,order-worker-9b2e0,order-worker,0,307.22,0.3429,0,
order-worker-9b2e0_442,2026-07-13T09:07:22+00:00,order-worker-9b2e0,order-worker,0,299.25,0.334,0,
order-worker-9b2e0_443,2026-07-13T09:07:23+00:00,order-worker-9b2e0,order-worker,0,303.31,0.3385,0,
order-worker-9b2e0_444,2026-07-13T09:07:24+00:00,order-worker-9b2e0,order-worker,0,299.11,0.3338,0,
order-worker-9b2e0_445,2026-07-13T09:07:25+00:00,order-worker-9b2e0,order-worker,0,303.19,0.3384,0,
order-worker-9b2e0_446,2026-07-13T09:07:26+00:00,order-worker-9b2e0,order-worker,0,297.14,0.3316,0,
order-worker-9b2e0_447,2026-07-13T09:07:27+00:00,order-worker-9b2e0,order-worker,0,303.31,0.3385,0,
order-worker-9b2e0_448,2026-07-13T09:07:28+00:00,order-worker-9b2e0,order-worker,0,290.39,0.3241,0,
order-worker-9b2e0_449,2026-07-13T09:07:29+00:00,order-worker-9b2e0,order-worker,0,289.38,0.323,0,
order-worker-9b2e0_450,2026-07-13T09:07:30+00:00,order-worker-9b2e0,order-worker,0,296.58,0.331,0,
order-worker-9b2e0_451,2026-07-13T09:07:31+00:00,order-worker-9b2e0,order-worker,0,305.02,0.3404,0,
order-worker-9b2e0_452,2026-07-13T09:07:32+00:00,order-worker-9b2e0,order-worker,0,302.34,0.3374,0,
order-worker-9b2e0_453,2026-07-13T09:07:33+00:00,order-worker-9b2e0,order-worker,0,289.09,0.3226,0,
order-worker-9b2e0_454,2026-07-13T09:07:34+00:00,order-worker-9b2e0,order-worker,0,300.71,0.3356,0,
order-worker-9b2e0_455,2026-07-13T09:07:35+00:00,order-worker-9b2e0,order-worker,0,293.33,0.3274,0,
order-worker-9b2e0_456,2026-07-13T09:07:36+00:00,order-worker-9b2e0,order-worker,0,314.49,0.351,0,
order-worker-9b2e0_457,2026-07-13T09:07:37+00:00,order-worker-9b2e0,order-worker,0,296.02,0.3304,0,
order-worker-9b2e0_458,2026-07-13T09:07:38+00:00,order-worker-9b2e0,order-worker,0,299.59,0.3344,0,
order-worker-9b2e0_459,2026-07-13T09:07:39+00:00,order-worker-9b2e0,order-worker,0,317.86,0.3548,0,
order-worker-9b2e0_460,2026-07-13T09:07:40+00:00,order-worker-9b2e0,order-worker,0,292.83,0.3268,0,
order-worker-9b2e0_461,2026-07-13T09:07:41+00:00,order-worker-9b2e0,order-worker,0,310.06,0.346,0,
order-worker-9b2e0_462,2026-07-13T09:07:42+00:00,order-worker-9b2e0,order-worker,0,293.5,0.3276,0,
order-worker-9b2e0_463,2026-07-13T09:07:43+00:00,order-worker-9b2e0,order-worker,0,302.47,0.3376,0,
order-worker-9b2e0_464,2026-07-13T09:07:44+00:00,order-worker-9b2e0,order-worker,0,305.21,0.3406,0,
order-worker-9b2e0_465,2026-07-13T09:07:45+00:00,order-worker-9b2e0,order-worker,0,289.18,0.3227,0,
order-worker-9b2e0_466,2026-07-13T09:07:46+00:00,order-worker-9b2e0,order-worker,0,295.94,0.3303,0,
order-worker-9b2e0_467,2026-07-13T09:07:47+00:00,order-worker-9b2e0,order-worker,0,288.75,0.3223,0,
order-worker-9b2e0_468,2026-07-13T09:07:48+00:00,order-worker-9b2e0,order-worker,0,298.7,0.3334,0,
order-worker-9b2e0_469,2026-07-13T09:07:49+00:00,order-worker-9b2e0,order-worker,0,302.39,0.3375,0,
order-worker-9b2e0_470,2026-07-13T09:07:50+00:00,order-worker-9b2e0,order-worker,0,313.75,0.3502,0,
order-worker-9b2e0_471,2026-07-13T09:07:51+00:00,order-worker-9b2e0,order-worker,0,301.03,0.336,0,
order-worker-9b2e0_472,2026-07-13T09:07:52+00:00,order-worker-9b2e0,order-worker,0,308.32,0.3441,0,
order-worker-9b2e0_473,2026-07-13T09:07:53+00:00,order-worker-9b2e0,order-worker,0,305.28,0.3407,0,
order-worker-9b2e0_474,2026-07-13T09:07:54+00:00,order-worker-9b2e0,order-worker,0,308.55,0.3444,0,
order-worker-9b2e0_475,2026-07-13T09:07:55+00:00,order-worker-9b2e0,order-worker,0,309.93,0.3459,0,
order-worker-9b2e0_476,2026-07-13T09:07:56+00:00,order-worker-9b2e0,order-worker,0,295.4,0.3297,0,
order-worker-9b2e0_477,2026-07-13T09:07:57+00:00,order-worker-9b2e0,order-worker,0,288.05,0.3215,0,
order-worker-9b2e0_478,2026-07-13T09:07:58+00:00,order-worker-9b2e0,order-worker,0,300.72,0.3356,0,
order-worker-9b2e0_479,2026-07-13T09:07:59+00:00,order-worker-9b2e0,order-worker,0,309.16,0.345,0,
order-worker-9b2e0_480,2026-07-13T09:08:00+00:00,order-worker-9b2e0,order-worker,0,291.16,0.325,0,
order-worker-9b2e0_481,2026-07-13T09:08:01+00:00,order-worker-9b2e0,order-worker,0,295.67,0.33,0,
order-worker-9b2e0_482,2026-07-13T09:08:02+00:00,order-worker-9b2e0,order-worker,0,299.56,0.3343,0,
order-worker-9b2e0_483,2026-07-13T09:08:03+00:00,order-worker-9b2e0,order-worker,0,298.84,0.3335,0,
order-worker-9b2e0_484,2026-07-13T09:08:04+00:00,order-worker-9b2e0,order-worker,0,307.27,0.3429,0,
order-worker-9b2e0_485,2026-07-13T09:08:05+00:00,order-worker-9b2e0,order-worker,0,285.18,0.3183,0,
order-worker-9b2e0_486,2026-07-13T09:08:06+00:00,order-worker-9b2e0,order-worker,0,300.0,0.3348,0,
order-worker-9b2e0_487,2026-07-13T09:08:07+00:00,order-worker-9b2e0,order-worker,0,295.16,0.3294,0,
order-worker-9b2e0_488,2026-07-13T09:08:08+00:00,order-worker-9b2e0,order-worker,0,294.06,0.3282,0,
order-worker-9b2e0_489,2026-07-13T09:08:09+00:00,order-worker-9b2e0,order-worker,0,310.54,0.3466,0,
order-worker-9b2e0_490,2026-07-13T09:08:10+00:00,order-worker-9b2e0,order-worker,0,301.76,0.3368,0,
order-worker-9b2e0_491,2026-07-13T09:08:11+00:00,order-worker-9b2e0,order-worker,0,298.35,0.333,0,
order-worker-9b2e0_492,2026-07-13T09:08:12+00:00,order-worker-9b2e0,order-worker,0,311.18,0.3473,0,
order-worker-9b2e0_493,2026-07-13T09:08:13+00:00,order-worker-9b2e0,order-worker,0,295.68,0.33,0,
order-worker-9b2e0_494,2026-07-13T09:08:14+00:00,order-worker-9b2e0,order-worker,0,316.05,0.3527,0,
order-worker-9b2e0_495,2026-07-13T09:08:15+00:00,order-worker-9b2e0,order-worker,0,306.76,0.3424,0,
order-worker-9b2e0_496,2026-07-13T09:08:16+00:00,order-worker-9b2e0,order-worker,0,304.45,0.3398,0,
order-worker-9b2e0_497,2026-07-13T09:08:17+00:00,order-worker-9b2e0,order-worker,0,285.95,0.3191,0,
order-worker-9b2e0_498,2026-07-13T09:08:18+00:00,order-worker-9b2e0,order-worker,0,311.4,0.3475,0,
order-worker-9b2e0_499,2026-07-13T09:08:19+00:00,order-worker-9b2e0,order-worker,0,309.01,0.3449,0,
order-worker-9b2e0_500,2026-07-13T09:08:20+00:00,order-worker-9b2e0,order-worker,0,303.42,0.3386,0,
order-worker-9b2e0_501,2026-07-13T09:08:21+00:00,order-worker-9b2e0,order-worker,0,303.95,0.3392,0,
order-worker-9b2e0_502,2026-07-13T09:08:22+00:00,order-worker-9b2e0,order-worker,0,293.55,0.3276,0,
order-worker-9b2e0_503,2026-07-13T09:08:23+00:00,order-worker-9b2e0,order-worker,0,292.43,0.3264,0,
order-worker-9b2e0_504,2026-07-13T09:08:24+00:00,order-worker-9b2e0,order-worker,0,300.65,0.3355,0,
order-worker-9b2e0_505,2026-07-13T09:08:25+00:00,order-worker-9b2e0,order-worker,0,297.32,0.3318,0,
order-worker-9b2e0_506,2026-07-13T09:08:26+00:00,order-worker-9b2e0,order-worker,0,309.82,0.3458,0,
order-worker-9b2e0_507,2026-07-13T09:08:27+00:00,order-worker-9b2e0,order-worker,0,308.26,0.344,0,
order-worker-9b2e0_508,2026-07-13T09:08:28+00:00,order-worker-9b2e0,order-worker,0,311.54,0.3477,0,
order-worker-9b2e0_509,2026-07-13T09:08:29+00:00,order-worker-9b2e0,order-worker,0,302.81,0.338,0,
order-worker-9b2e0_510,2026-07-13T09:08:30+00:00,order-worker-9b2e0,order-worker,0,302.31,0.3374,0,
order-worker-9b2e0_511,2026-07-13T09:08:31+00:00,order-worker-9b2e0,order-worker,0,293.05,0.3271,0,
order-worker-9b2e0_512,2026-07-13T09:08:32+00:00,order-worker-9b2e0,order-worker,0,292.39,0.3263,0,
order-worker-9b2e0_513,2026-07-13T09:08:33+00:00,order-worker-9b2e0,order-worker,0,291.82,0.3257,0,
order-worker-9b2e0_514,2026-07-13T09:08:34+00:00,order-worker-9b2e0,order-worker,0,283.78,0.3167,0,
order-worker-9b2e0_515,2026-07-13T09:08:35+00:00,order-worker-9b2e0,order-worker,0,291.14,0.3249,0,
order-worker-9b2e0_516,2026-07-13T09:08:36+00:00,order-worker-9b2e0,order-worker,0,281.7,0.3144,0,
order-worker-9b2e0_517,2026-07-13T09:08:37+00:00,order-worker-9b2e0,order-worker,0,294.26,0.3284,0,
order-worker-9b2e0_518,2026-07-13T09:08:38+00:00,order-worker-9b2e0,order-worker,0,313.55,0.3499,0,
order-worker-9b2e0_519,2026-07-13T09:08:39+00:00,order-worker-9b2e0,order-worker,0,293.28,0.3273,0,
order-worker-9b2e0_520,2026-07-13T09:08:40+00:00,order-worker-9b2e0,order-worker,0,281.75,0.3145,0,
order-worker-9b2e0_521,2026-07-13T09:08:41+00:00,order-worker-9b2e0,order-worker,0,303.54,0.3388,0,
order-worker-9b2e0_522,2026-07-13T09:08:42+00:00,order-worker-9b2e0,order-worker,0,273.88,0.3057,0,
order-worker-9b2e0_523,2026-07-13T09:08:43+00:00,order-worker-9b2e0,order-worker,0,289.22,0.3228,0,
order-worker-9b2e0_524,2026-07-13T09:08:44+00:00,order-worker-9b2e0,order-worker,0,289.59,0.3232,0,
order-worker-9b2e0_525,2026-07-13T09:08:45+00:00,order-worker-9b2e0,order-worker,0,286.66,0.3199,0,
order-worker-9b2e0_526,2026-07-13T09:08:46+00:00,order-worker-9b2e0,order-worker,0,284.72,0.3178,0,
order-worker-9b2e0_527,2026-07-13T09:08:47+00:00,order-worker-9b2e0,order-worker,0,301.14,0.3361,0,
order-worker-9b2e0_528,2026-07-13T09:08:48+00:00,order-worker-9b2e0,order-worker,0,287.11,0.3204,0,
order-worker-9b2e0_529,2026-07-13T09:08:49+00:00,order-worker-9b2e0,order-worker,0,304.82,0.3402,0,
order-worker-9b2e0_530,2026-07-13T09:08:50+00:00,order-worker-9b2e0,order-worker,0,293.62,0.3277,0,
order-worker-9b2e0_531,2026-07-13T09:08:51+00:00,order-worker-9b2e0,order-worker,0,298.34,0.333,0,
order-worker-9b2e0_532,2026-07-13T09:08:52+00:00,order-worker-9b2e0,order-worker,0,309.83,0.3458,0,
order-worker-9b2e0_533,2026-07-13T09:08:53+00:00,order-worker-9b2e0,order-worker,0,309.46,0.3454,0,
order-worker-9b2e0_534,2026-07-13T09:08:54+00:00,order-worker-9b2e0,order-worker,0,306.19,0.3417,0,
order-worker-9b2e0_535,2026-07-13T09:08:55+00:00,order-worker-9b2e0,order-worker,0,272.73,0.3044,0,
order-worker-9b2e0_536,2026-07-13T09:08:56+00:00,order-worker-9b2e0,order-worker,0,297.92,0.3325,0,
order-worker-9b2e0_537,2026-07-13T09:08:57+00:00,order-worker-9b2e0,order-worker,0,300.52,0.3354,0,
order-worker-9b2e0_538,2026-07-13T09:08:58+00:00,order-worker-9b2e0,order-worker,0,279.13,0.3115,0,
order-worker-9b2e0_539,2026-07-13T09:08:59+00:00,order-worker-9b2e0,order-worker,0,291.78,0.3256,0,
order-worker-9b2e0_540,2026-07-13T09:09:00+00:00,order-worker-9b2e0,order-worker,0,310.19,0.3462,0,
order-worker-9b2e0_541,2026-07-13T09:09:01+00:00,order-worker-9b2e0,order-worker,0,304.76,0.3401,0,
order-worker-9b2e0_542,2026-07-13T09:09:02+00:00,order-worker-9b2e0,order-worker,0,283.69,0.3166,0,
order-worker-9b2e0_543,2026-07-13T09:09:03+00:00,order-worker-9b2e0,order-worker,0,301.36,0.3363,0,
order-worker-9b2e0_544,2026-07-13T09:09:04+00:00,order-worker-9b2e0,order-worker,0,285.78,0.319,0,
order-worker-9b2e0_545,2026-07-13T09:09:05+00:00,order-worker-9b2e0,order-worker,0,315.26,0.3519,0,
order-worker-9b2e0_546,2026-07-13T09:09:06+00:00,order-worker-9b2e0,order-worker,0,288.02,0.3215,0,
order-worker-9b2e0_547,2026-07-13T09:09:07+00:00,order-worker-9b2e0,order-worker,0,300.45,0.3353,0,
order-worker-9b2e0_548,2026-07-13T09:09:08+00:00,order-worker-9b2e0,order-worker,0,305.28,0.3407,0,
order-worker-9b2e0_549,2026-07-13T09:09:09+00:00,order-worker-9b2e0,order-worker,0,303.33,0.3385,0,
order-worker-9b2e0_550,2026-07-13T09:09:10+00:00,order-worker-9b2e0,order-worker,0,288.52,0.322,0,
order-worker-9b2e0_551,2026-07-13T09:09:11+00:00,order-worker-9b2e0,order-worker,0,304.64,0.34,0,
order-worker-9b2e0_552,2026-07-13T09:09:12+00:00,order-worker-9b2e0,order-worker,0,287.85,0.3213,0,
order-worker-9b2e0_553,2026-07-13T09:09:13+00:00,order-worker-9b2e0,order-worker,0,301.21,0.3362,0,
order-worker-9b2e0_554,2026-07-13T09:09:14+00:00,order-worker-9b2e0,order-worker,0,297.72,0.3323,0,
order-worker-9b2e0_555,2026-07-13T09:09:15+00:00,order-worker-9b2e0,order-worker,0,298.24,0.3329,0,
order-worker-9b2e0_556,2026-07-13T09:09:16+00:00,order-worker-9b2e0,order-worker,0,288.98,0.3225,0,
order-worker-9b2e0_557,2026-07-13T09:09:17+00:00,order-worker-9b2e0,order-worker,0,299.57,0.3343,0,
order-worker-9b2e0_558,2026-07-13T09:09:18+00:00,order-worker-9b2e0,order-worker,0,308.22,0.344,0,
order-worker-9b2e0_559,2026-07-13T09:09:19+00:00,order-worker-9b2e0,order-worker,0,299.43,0.3342,0,
order-worker-9b2e0_560,2026-07-13T09:09:20+00:00,order-worker-9b2e0,order-worker,0,292.87,0.3269,0,
order-worker-9b2e0_561,2026-07-13T09:09:21+00:00,order-worker-9b2e0,order-worker,0,294.98,0.3292,0,
order-worker-9b2e0_562,2026-07-13T09:09:22+00:00,order-worker-9b2e0,order-worker,0,298.27,0.3329,0,
order-worker-9b2e0_563,2026-07-13T09:09:23+00:00,order-worker-9b2e0,order-worker,0,297.21,0.3317,0,
order-worker-9b2e0_564,2026-07-13T09:09:24+00:00,order-worker-9b2e0,order-worker,0,312.98,0.3493,0,
order-worker-9b2e0_565,2026-07-13T09:09:25+00:00,order-worker-9b2e0,order-worker,0,292.66,0.3266,0,
order-worker-9b2e0_566,2026-07-13T09:09:26+00:00,order-worker-9b2e0,order-worker,0,294.99,0.3292,0,
order-worker-9b2e0_567,2026-07-13T09:09:27+00:00,order-worker-9b2e0,order-worker,0,295.83,0.3302,0,
order-worker-9b2e0_568,2026-07-13T09:09:28+00:00,order-worker-9b2e0,order-worker,0,293.49,0.3276,0,
order-worker-9b2e0_569,2026-07-13T09:09:29+00:00,order-worker-9b2e0,order-worker,0,299.61,0.3344,0,
order-worker-9b2e0_570,2026-07-13T09:09:30+00:00,order-worker-9b2e0,order-worker,0,292.96,0.327,0,
order-worker-9b2e0_571,2026-07-13T09:09:31+00:00,order-worker-9b2e0,order-worker,0,305.33,0.3408,0,
order-worker-9b2e0_572,2026-07-13T09:09:32+00:00,order-worker-9b2e0,order-worker,0,298.97,0.3337,0,
order-worker-9b2e0_573,2026-07-13T09:09:33+00:00,order-worker-9b2e0,order-worker,0,300.1,0.3349,0,
order-worker-9b2e0_574,2026-07-13T09:09:34+00:00,order-worker-9b2e0,order-worker,0,299.18,0.3339,0,
order-worker-9b2e0_575,2026-07-13T09:09:35+00:00,order-worker-9b2e0,order-worker,0,312.03,0.3482,0,
order-worker-9b2e0_576,2026-07-13T09:09:36+00:00,order-worker-9b2e0,order-worker,0,290.18,0.3239,0,
order-worker-9b2e0_577,2026-07-13T09:09:37+00:00,order-worker-9b2e0,order-worker,0,300.47,0.3353,0,
order-worker-9b2e0_578,2026-07-13T09:09:38+00:00,order-worker-9b2e0,order-worker,0,303.8,0.3391,0,
order-worker-9b2e0_579,2026-07-13T09:09:39+00:00,order-worker-9b2e0,order-worker,0,300.94,0.3359,0,
order-worker-9b2e0_580,2026-07-13T09:09:40+00:00,order-worker-9b2e0,order-worker,0,300.51,0.3354,0,
order-worker-9b2e0_581,2026-07-13T09:09:41+00:00,order-worker-9b2e0,order-worker,0,301.81,0.3368,0,
order-worker-9b2e0_582,2026-07-13T09:09:42+00:00,order-worker-9b2e0,order-worker,0,294.0,0.3281,0,
order-worker-9b2e0_583,2026-07-13T09:09:43+00:00,order-worker-9b2e0,order-worker,0,313.73,0.3501,0,
order-worker-9b2e0_584,2026-07-13T09:09:44+00:00,order-worker-9b2e0,order-worker,0,297.84,0.3324,0,
order-worker-9b2e0_585,2026-07-13T09:09:45+00:00,order-worker-9b2e0,order-worker,0,307.91,0.3436,0,
order-worker-9b2e0_586,2026-07-13T09:09:46+00:00,order-worker-9b2e0,order-worker,0,304.81,0.3402,0,
order-worker-9b2e0_587,2026-07-13T09:09:47+00:00,order-worker-9b2e0,order-worker,0,300.14,0.335,0,
order-worker-9b2e0_588,2026-07-13T09:09:48+00:00,order-worker-9b2e0,order-worker,0,303.5,0.3387,0,
order-worker-9b2e0_589,2026-07-13T09:09:49+00:00,order-worker-9b2e0,order-worker,0,292.44,0.3264,0,
order-worker-9b2e0_590,2026-07-13T09:09:50+00:00,order-worker-9b2e0,order-worker,0,308.29,0.3441,0,
order-worker-9b2e0_591,2026-07-13T09:09:51+00:00,order-worker-9b2e0,order-worker,0,294.88,0.3291,0,
order-worker-9b2e0_592,2026-07-13T09:09:52+00:00,order-worker-9b2e0,order-worker,0,293.7,0.3278,0,
order-worker-9b2e0_593,2026-07-13T09:09:53+00:00,order-worker-9b2e0,order-worker,0,298.37,0.333,0,
order-worker-9b2e0_594,2026-07-13T09:09:54+00:00,order-worker-9b2e0,order-worker,0,302.63,0.3378,0,
order-worker-9b2e0_595,2026-07-13T09:09:55+00:00,order-worker-9b2e0,order-worker,0,289.98,0.3236,0,
order-worker-9b2e0_596,2026-07-13T09:09:56+00:00,order-worker-9b2e0,order-worker,0,304.36,0.3397,0,
order-worker-9b2e0_597,2026-07-13T09:09:57+00:00,order-worker-9b2e0,order-worker,0,297.84,0.3324,0,
order-worker-9b2e0_598,2026-07-13T09:09:58+00:00,order-worker-9b2e0,order-worker,0,291.63,0.3255,0,
order-worker-9b2e0_599,2026-07-13T09:09:59+00:00,order-worker-9b2e0,order-worker,0,301.89,0.3369,0,
order-worker-9b2e0_600,2026-07-13T09:10:00+00:00,order-worker-9b2e0,order-worker,0,312.5,0.3488,0,
order-worker-9b2e0_601,2026-07-13T09:10:01+00:00,order-worker-9b2e0,order-worker,0,319.11,0.3561,0,
order-worker-9b2e0_602,2026-07-13T09:10:02+00:00,order-worker-9b2e0,order-worker,0,311.53,0.3477,0,
order-worker-9b2e0_603,2026-07-13T09:10:03+00:00,order-worker-9b2e0,order-worker,0,310.6,0.3467,0,
order-worker-9b2e0_604,2026-07-13T09:10:04+00:00,order-worker-9b2e0,order-worker,0,300.82,0.3357,0,
order-worker-9b2e0_605,2026-07-13T09:10:05+00:00,order-worker-9b2e0,order-worker,0,312.21,0.3484,0,
order-worker-9b2e0_606,2026-07-13T09:10:06+00:00,order-worker-9b2e0,order-worker,0,298.59,0.3332,0,
order-worker-9b2e0_607,2026-07-13T09:10:07+00:00,order-worker-9b2e0,order-worker,0,294.6,0.3288,0,
order-worker-9b2e0_608,2026-07-13T09:10:08+00:00,order-worker-9b2e0,order-worker,0,299.37,0.3341,0,
order-worker-9b2e0_609,2026-07-13T09:10:09+00:00,order-worker-9b2e0,order-worker,0,303.39,0.3386,0,
order-worker-9b2e0_610,2026-07-13T09:10:10+00:00,order-worker-9b2e0,order-worker,0,305.98,0.3415,0,
order-worker-9b2e0_611,2026-07-13T09:10:11+00:00,order-worker-9b2e0,order-worker,0,306.0,0.3415,0,
order-worker-9b2e0_612,2026-07-13T09:10:12+00:00,order-worker-9b2e0,order-worker,0,293.36,0.3274,0,
order-worker-9b2e0_613,2026-07-13T09:10:13+00:00,order-worker-9b2e0,order-worker,0,299.86,0.3347,0,
order-worker-9b2e0_614,2026-07-13T09:10:14+00:00,order-worker-9b2e0,order-worker,0,284.44,0.3175,0,
order-worker-9b2e0_615,2026-07-13T09:10:15+00:00,order-worker-9b2e0,order-worker,0,305.26,0.3407,0,
order-worker-9b2e0_616,2026-07-13T09:10:16+00:00,order-worker-9b2e0,order-worker,0,296.02,0.3304,0,
order-worker-9b2e0_617,2026-07-13T09:10:17+00:00,order-worker-9b2e0,order-worker,0,300.9,0.3358,0,
order-worker-9b2e0_618,2026-07-13T09:10:18+00:00,order-worker-9b2e0,order-worker,0,298.46,0.3331,0,
order-worker-9b2e0_619,2026-07-13T09:10:19+00:00,order-worker-9b2e0,order-worker,0,301.49,0.3365,0,
order-worker-9b2e0_620,2026-07-13T09:10:20+00:00,order-worker-9b2e0,order-worker,0,303.41,0.3386,0,
order-worker-9b2e0_621,2026-07-13T09:10:21+00:00,order-worker-9b2e0,order-worker,0,293.91,0.328,0,
order-worker-9b2e0_622,2026-07-13T09:10:22+00:00,order-worker-9b2e0,order-worker,0,294.58,0.3288,0,
order-worker-9b2e0_623,2026-07-13T09:10:23+00:00,order-worker-9b2e0,order-worker,0,305.29,0.3407,0,
order-worker-9b2e0_624,2026-07-13T09:10:24+00:00,order-worker-9b2e0,order-worker,0,305.86,0.3414,0,
order-worker-9b2e0_625,2026-07-13T09:10:25+00:00,order-worker-9b2e0,order-worker,0,276.94,0.3091,0,
order-worker-9b2e0_626,2026-07-13T09:10:26+00:00,order-worker-9b2e0,order-worker,0,303.17,0.3384,0,
order-worker-9b2e0_627,2026-07-13T09:10:27+00:00,order-worker-9b2e0,order-worker,0,295.04,0.3293,0,
order-worker-9b2e0_628,2026-07-13T09:10:28+00:00,order-worker-9b2e0,order-worker,0,294.09,0.3282,0,
order-worker-9b2e0_629,2026-07-13T09:10:29+00:00,order-worker-9b2e0,order-worker,0,307.62,0.3433,0,
order-worker-9b2e0_630,2026-07-13T09:10:30+00:00,order-worker-9b2e0,order-worker,0,306.59,0.3422,0,
order-worker-9b2e0_631,2026-07-13T09:10:31+00:00,order-worker-9b2e0,order-worker,0,297.07,0.3316,0,
order-worker-9b2e0_632,2026-07-13T09:10:32+00:00,order-worker-9b2e0,order-worker,0,301.66,0.3367,0,
order-worker-9b2e0_633,2026-07-13T09:10:33+00:00,order-worker-9b2e0,order-worker,0,300.95,0.3359,0,
order-worker-9b2e0_634,2026-07-13T09:10:34+00:00,order-worker-9b2e0,order-worker,0,304.09,0.3394,0,
order-worker-9b2e0_635,2026-07-13T09:10:35+00:00,order-worker-9b2e0,order-worker,0,304.99,0.3404,0,
order-worker-9b2e0_636,2026-07-13T09:10:36+00:00,order-worker-9b2e0,order-worker,0,293.18,0.3272,0,
order-worker-9b2e0_637,2026-07-13T09:10:37+00:00,order-worker-9b2e0,order-worker,0,300.35,0.3352,0,
order-worker-9b2e0_638,2026-07-13T09:10:38+00:00,order-worker-9b2e0,order-worker,0,294.19,0.3283,0,
order-worker-9b2e0_639,2026-07-13T09:10:39+00:00,order-worker-9b2e0,order-worker,0,294.86,0.3291,0,
order-worker-9b2e0_640,2026-07-13T09:10:40+00:00,order-worker-9b2e0,order-worker,0,293.64,0.3277,0,
order-worker-9b2e0_641,2026-07-13T09:10:41+00:00,order-worker-9b2e0,order-worker,0,291.67,0.3255,0,
order-worker-9b2e0_642,2026-07-13T09:10:42+00:00,order-worker-9b2e0,order-worker,0,303.35,0.3386,0,
order-worker-9b2e0_643,2026-07-13T09:10:43+00:00,order-worker-9b2e0,order-worker,0,313.65,0.3501,0,
order-worker-9b2e0_644,2026-07-13T09:10:44+00:00,order-worker-9b2e0,order-worker,0,300.34,0.3352,0,
order-worker-9b2e0_645,2026-07-13T09:10:45+00:00,order-worker-9b2e0,order-worker,0,301.28,0.3362,0,
order-worker-9b2e0_646,2026-07-13T09:10:46+00:00,order-worker-9b2e0,order-worker,0,292.15,0.3261,0,
order-worker-9b2e0_647,2026-07-13T09:10:47+00:00,order-worker-9b2e0,order-worker,0,287.61,0.321,0,
order-worker-9b2e0_648,2026-07-13T09:10:48+00:00,order-worker-9b2e0,order-worker,0,295.67,0.33,0,
order-worker-9b2e0_649,2026-07-13T09:10:49+00:00,order-worker-9b2e0,order-worker,0,286.58,0.3198,0,
order-worker-9b2e0_650,2026-07-13T09:10:50+00:00,order-worker-9b2e0,order-worker,0,289.71,0.3233,0,
order-worker-9b2e0_651,2026-07-13T09:10:51+00:00,order-worker-9b2e0,order-worker,0,280.04,0.3125,0,
order-worker-9b2e0_652,2026-07-13T09:10:52+00:00,order-worker-9b2e0,order-worker,0,287.1,0.3204,0,
order-worker-9b2e0_653,2026-07-13T09:10:53+00:00,order-worker-9b2e0,order-worker,0,308.84,0.3447,0,
order-worker-9b2e0_654,2026-07-13T09:10:54+00:00,order-worker-9b2e0,order-worker,0,294.87,0.3291,0,
order-worker-9b2e0_655,2026-07-13T09:10:55+00:00,order-worker-9b2e0,order-worker,0,308.29,0.3441,0,
order-worker-9b2e0_656,2026-07-13T09:10:56+00:00,order-worker-9b2e0,order-worker,0,298.8,0.3335,0,
order-worker-9b2e0_657,2026-07-13T09:10:57+00:00,order-worker-9b2e0,order-worker,0,306.53,0.3421,0,
order-worker-9b2e0_658,2026-07-13T09:10:58+00:00,order-worker-9b2e0,order-worker,0,301.73,0.3368,0,
order-worker-9b2e0_659,2026-07-13T09:10:59+00:00,order-worker-9b2e0,order-worker,0,297.28,0.3318,0,
order-worker-9b2e0_660,2026-07-13T09:11:00+00:00,order-worker-9b2e0,order-worker,0,294.33,0.3285,0,
order-worker-9b2e0_661,2026-07-13T09:11:01+00:00,order-worker-9b2e0,order-worker,0,290.51,0.3242,0,
order-worker-9b2e0_662,2026-07-13T09:11:02+00:00,order-worker-9b2e0,order-worker,0,303.29,0.3385,0,
order-worker-9b2e0_663,2026-07-13T09:11:03+00:00,order-worker-9b2e0,order-worker,0,304.35,0.3397,0,
order-worker-9b2e0_664,2026-07-13T09:11:04+00:00,order-worker-9b2e0,order-worker,0,296.56,0.331,0,
order-worker-9b2e0_665,2026-07-13T09:11:05+00:00,order-worker-9b2e0,order-worker,0,299.45,0.3342,0,
order-worker-9b2e0_666,2026-07-13T09:11:06+00:00,order-worker-9b2e0,order-worker,0,301.6,0.3366,0,
order-worker-9b2e0_667,2026-07-13T09:11:07+00:00,order-worker-9b2e0,order-worker,0,310.38,0.3464,0,
order-worker-9b2e0_668,2026-07-13T09:11:08+00:00,order-worker-9b2e0,order-worker,0,291.52,0.3254,0,
order-worker-9b2e0_669,2026-07-13T09:11:09+00:00,order-worker-9b2e0,order-worker,0,296.94,0.3314,0,
order-worker-9b2e0_670,2026-07-13T09:11:10+00:00,order-worker-9b2e0,order-worker,0,295.45,0.3297,0,
order-worker-9b2e0_671,2026-07-13T09:11:11+00:00,order-worker-9b2e0,order-worker,0,296.36,0.3308,0,
order-worker-9b2e0_672,2026-07-13T09:11:12+00:00,order-worker-9b2e0,order-worker,0,302.53,0.3376,0,
order-worker-9b2e0_673,2026-07-13T09:11:13+00:00,order-worker-9b2e0,order-worker,0,303.1,0.3383,0,
order-worker-9b2e0_674,2026-07-13T09:11:14+00:00,order-worker-9b2e0,order-worker,0,302.76,0.3379,0,
order-worker-9b2e0_675,2026-07-13T09:11:15+00:00,order-worker-9b2e0,order-worker,0,300.91,0.3358,0,
order-worker-9b2e0_676,2026-07-13T09:11:16+00:00,order-worker-9b2e0,order-worker,0,302.97,0.3381,0,
order-worker-9b2e0_677,2026-07-13T09:11:17+00:00,order-worker-9b2e0,order-worker,0,296.49,0.3309,0,
order-worker-9b2e0_678,2026-07-13T09:11:18+00:00,order-worker-9b2e0,order-worker,0,305.68,0.3412,0,
order-worker-9b2e0_679,2026-07-13T09:11:19+00:00,order-worker-9b2e0,order-worker,0,308.91,0.3448,0,
order-worker-9b2e0_680,2026-07-13T09:11:20+00:00,order-worker-9b2e0,order-worker,0,295.59,0.3299,0,
order-worker-9b2e0_681,2026-07-13T09:11:21+00:00,order-worker-9b2e0,order-worker,0,294.05,0.3282,0,
order-worker-9b2e0_682,2026-07-13T09:11:22+00:00,order-worker-9b2e0,order-worker,0,296.93,0.3314,0,
order-worker-9b2e0_683,2026-07-13T09:11:23+00:00,order-worker-9b2e0,order-worker,0,310.5,0.3465,0,
order-worker-9b2e0_684,2026-07-13T09:11:24+00:00,order-worker-9b2e0,order-worker,0,302.65,0.3378,0,
order-worker-9b2e0_685,2026-07-13T09:11:25+00:00,order-worker-9b2e0,order-worker,0,306.88,0.3425,0,
order-worker-9b2e0_686,2026-07-13T09:11:26+00:00,order-worker-9b2e0,order-worker,0,302.38,0.3375,0,
order-worker-9b2e0_687,2026-07-13T09:11:27+00:00,order-worker-9b2e0,order-worker,0,296.96,0.3314,0,
order-worker-9b2e0_688,2026-07-13T09:11:28+00:00,order-worker-9b2e0,order-worker,0,310.61,0.3467,0,
order-worker-9b2e0_689,2026-07-13T09:11:29+00:00,order-worker-9b2e0,order-worker,0,301.16,0.3361,0,
order-worker-9b2e0_690,2026-07-13T09:11:30+00:00,order-worker-9b2e0,order-worker,0,306.28,0.3418,0,
order-worker-9b2e0_691,2026-07-13T09:11:31+00:00,order-worker-9b2e0,order-worker,0,307.39,0.3431,0,
order-worker-9b2e0_692,2026-07-13T09:11:32+00:00,order-worker-9b2e0,order-worker,0,306.25,0.3418,0,
order-worker-9b2e0_693,2026-07-13T09:11:33+00:00,order-worker-9b2e0,order-worker,0,303.13,0.3383,0,
order-worker-9b2e0_694,2026-07-13T09:11:34+00:00,order-worker-9b2e0,order-worker,0,312.56,0.3488,0,
order-worker-9b2e0_695,2026-07-13T09:11:35+00:00,order-worker-9b2e0,order-worker,0,301.03,0.336,0,
order-worker-9b2e0_696,2026-07-13T09:11:36+00:00,order-worker-9b2e0,order-worker,0,303.96,0.3392,0,
order-worker-9b2e0_697,2026-07-13T09:11:37+00:00,order-worker-9b2e0,order-worker,0,301.19,0.3361,0,
order-worker-9b2e0_698,2026-07-13T09:11:38+00:00,order-worker-9b2e0,order-worker,0,292.74,0.3267,0,
order-worker-9b2e0_699,2026-07-13T09:11:39+00:00,order-worker-9b2e0,order-worker,0,313.23,0.3496,0,
order-worker-9b2e0_700,2026-07-13T09:11:40+00:00,order-worker-9b2e0,order-worker,0,301.38,0.3364,0,
order-worker-9b2e0_701,2026-07-13T09:11:41+00:00,order-worker-9b2e0,order-worker,0,306.79,0.3424,0,
order-worker-9b2e0_702,2026-07-13T09:11:42+00:00,order-worker-9b2e0,order-worker,0,301.29,0.3363,0,
order-worker-9b2e0_703,2026-07-13T09:11:43+00:00,order-worker-9b2e0,order-worker,0,301.97,0.337,0,
order-worker-9b2e0_704,2026-07-13T09:11:44+00:00,order-worker-9b2e0,order-worker,0,299.32,0.3341,0,
order-worker-9b2e0_705,2026-07-13T09:11:45+00:00,order-worker-9b2e0,order-worker,0,314.57,0.3511,0,
order-worker-9b2e0_706,2026-07-13T09:11:46+00:00,order-worker-9b2e0,order-worker,0,298.98,0.3337,0,
order-worker-9b2e0_707,2026-07-13T09:11:47+00:00,order-worker-9b2e0,order-worker,0,300.34,0.3352,0,
order-worker-9b2e0_708,2026-07-13T09:11:48+00:00,order-worker-9b2e0,order-worker,0,290.7,0.3244,0,
order-worker-9b2e0_709,2026-07-13T09:11:49+00:00,order-worker-9b2e0,order-worker,0,293.47,0.3275,0,
order-worker-9b2e0_710,2026-07-13T09:11:50+00:00,order-worker-9b2e0,order-worker,0,287.38,0.3207,0,
order-worker-9b2e0_711,2026-07-13T09:11:51+00:00,order-worker-9b2e0,order-worker,0,305.37,0.3408,0,
order-worker-9b2e0_712,2026-07-13T09:11:52+00:00,order-worker-9b2e0,order-worker,0,298.61,0.3333,0,
order-worker-9b2e0_713,2026-07-13T09:11:53+00:00,order-worker-9b2e0,order-worker,0,293.82,0.3279,0,
order-worker-9b2e0_714,2026-07-13T09:11:54+00:00,order-worker-9b2e0,order-worker,0,306.29,0.3418,0,
order-worker-9b2e0_715,2026-07-13T09:11:55+00:00,order-worker-9b2e0,order-worker,0,287.58,0.321,0,
order-worker-9b2e0_716,2026-07-13T09:11:56+00:00,order-worker-9b2e0,order-worker,0,303.24,0.3384,0,
order-worker-9b2e0_717,2026-07-13T09:11:57+00:00,order-worker-9b2e0,order-worker,0,278.62,0.311,0,
order-worker-9b2e0_718,2026-07-13T09:11:58+00:00,order-worker-9b2e0,order-worker,0,297.34,0.3319,0,
order-worker-9b2e0_719,2026-07-13T09:11:59+00:00,order-worker-9b2e0,order-worker,0,304.56,0.3399,0,
order-worker-9b2e0_720,2026-07-13T09:12:00+00:00,order-worker-9b2e0,order-worker,0,298.7,0.3334,0,
order-worker-9b2e0_721,2026-07-13T09:12:01+00:00,order-worker-9b2e0,order-worker,0,306.35,0.3419,0,
order-worker-9b2e0_722,2026-07-13T09:12:02+00:00,order-worker-9b2e0,order-worker,0,301.29,0.3363,0,
order-worker-9b2e0_723,2026-07-13T09:12:03+00:00,order-worker-9b2e0,order-worker,0,299.05,0.3338,0,
order-worker-9b2e0_724,2026-07-13T09:12:04+00:00,order-worker-9b2e0,order-worker,0,295.32,0.3296,0,
order-worker-9b2e0_725,2026-07-13T09:12:05+00:00,order-worker-9b2e0,order-worker,0,305.37,0.3408,0,
order-worker-9b2e0_726,2026-07-13T09:12:06+00:00,order-worker-9b2e0,order-worker,0,299.35,0.3341,0,
order-worker-9b2e0_727,2026-07-13T09:12:07+00:00,order-worker-9b2e0,order-worker,0,301.78,0.3368,0,
order-worker-9b2e0_728,2026-07-13T09:12:08+00:00,order-worker-9b2e0,order-worker,0,301.4,0.3364,0,
order-worker-9b2e0_729,2026-07-13T09:12:09+00:00,order-worker-9b2e0,order-worker,0,285.87,0.3191,0,
order-worker-9b2e0_730,2026-07-13T09:12:10+00:00,order-worker-9b2e0,order-worker,0,287.01,0.3203,0,
order-worker-9b2e0_731,2026-07-13T09:12:11+00:00,order-worker-9b2e0,order-worker,0,290.8,0.3246,0,
order-worker-9b2e0_732,2026-07-13T09:12:12+00:00,order-worker-9b2e0,order-worker,0,305.99,0.3415,0,
order-worker-9b2e0_733,2026-07-13T09:12:13+00:00,order-worker-9b2e0,order-worker,0,306.95,0.3426,0,
order-worker-9b2e0_734,2026-07-13T09:12:14+00:00,order-worker-9b2e0,order-worker,0,293.74,0.3278,0,
order-worker-9b2e0_735,2026-07-13T09:12:15+00:00,order-worker-9b2e0,order-worker,0,303.68,0.3389,0,
order-worker-9b2e0_736,2026-07-13T09:12:16+00:00,order-worker-9b2e0,order-worker,0,296.26,0.3306,0,
order-worker-9b2e0_737,2026-07-13T09:12:17+00:00,order-worker-9b2e0,order-worker,0,290.01,0.3237,0,
order-worker-9b2e0_738,2026-07-13T09:12:18+00:00,order-worker-9b2e0,order-worker,0,307.15,0.3428,0,
order-worker-9b2e0_739,2026-07-13T09:12:19+00:00,order-worker-9b2e0,order-worker,0,314.84,0.3514,0,
order-worker-9b2e0_740,2026-07-13T09:12:20+00:00,order-worker-9b2e0,order-worker,0,292.52,0.3265,0,
order-worker-9b2e0_741,2026-07-13T09:12:21+00:00,order-worker-9b2e0,order-worker,0,298.27,0.3329,0,
order-worker-9b2e0_742,2026-07-13T09:12:22+00:00,order-worker-9b2e0,order-worker,0,290.51,0.3242,0,
order-worker-9b2e0_743,2026-07-13T09:12:23+00:00,order-worker-9b2e0,order-worker,0,286.57,0.3198,0,
order-worker-9b2e0_744,2026-07-13T09:12:24+00:00,order-worker-9b2e0,order-worker,0,296.34,0.3307,0,
order-worker-9b2e0_745,2026-07-13T09:12:25+00:00,order-worker-9b2e0,order-worker,0,287.23,0.3206,0,
order-worker-9b2e0_746,2026-07-13T09:12:26+00:00,order-worker-9b2e0,order-worker,0,300.75,0.3357,0,
order-worker-9b2e0_747,2026-07-13T09:12:27+00:00,order-worker-9b2e0,order-worker,0,300.77,0.3357,0,
order-worker-9b2e0_748,2026-07-13T09:12:28+00:00,order-worker-9b2e0,order-worker,0,307.99,0.3437,0,
order-worker-9b2e0_749,2026-07-13T09:12:29+00:00,order-worker-9b2e0,order-worker,0,298.2,0.3328,0,
order-worker-9b2e0_750,2026-07-13T09:12:30+00:00,order-worker-9b2e0,order-worker,0,296.12,0.3305,0,
order-worker-9b2e0_751,2026-07-13T09:12:31+00:00,order-worker-9b2e0,order-worker,0,302.77,0.3379,0,
order-worker-9b2e0_752,2026-07-13T09:12:32+00:00,order-worker-9b2e0,order-worker,0,287.1,0.3204,0,
order-worker-9b2e0_753,2026-07-13T09:12:33+00:00,order-worker-9b2e0,order-worker,0,304.71,0.3401,0,
order-worker-9b2e0_754,2026-07-13T09:12:34+00:00,order-worker-9b2e0,order-worker,0,302.07,0.3371,0,
order-worker-9b2e0_755,2026-07-13T09:12:35+00:00,order-worker-9b2e0,order-worker,0,289.84,0.3235,0,
order-worker-9b2e0_756,2026-07-13T09:12:36+00:00,order-worker-9b2e0,order-worker,0,294.23,0.3284,0,
order-worker-9b2e0_757,2026-07-13T09:12:37+00:00,order-worker-9b2e0,order-worker,0,296.58,0.331,0,
order-worker-9b2e0_758,2026-07-13T09:12:38+00:00,order-worker-9b2e0,order-worker,0,297.87,0.3324,0,
order-worker-9b2e0_759,2026-07-13T09:12:39+00:00,order-worker-9b2e0,order-worker,0,293.15,0.3272,0,
order-worker-9b2e0_760,2026-07-13T09:12:40+00:00,order-worker-9b2e0,order-worker,0,303.47,0.3387,0,
order-worker-9b2e0_761,2026-07-13T09:12:41+00:00,order-worker-9b2e0,order-worker,0,301.81,0.3368,0,
order-worker-9b2e0_762,2026-07-13T09:12:42+00:00,order-worker-9b2e0,order-worker,0,304.89,0.3403,0,
order-worker-9b2e0_763,2026-07-13T09:12:43+00:00,order-worker-9b2e0,order-worker,0,292.21,0.3261,0,
order-worker-9b2e0_764,2026-07-13T09:12:44+00:00,order-worker-9b2e0,order-worker,0,307.07,0.3427,0,
order-worker-9b2e0_765,2026-07-13T09:12:45+00:00,order-worker-9b2e0,order-worker,0,294.79,0.329,0,
order-worker-9b2e0_766,2026-07-13T09:12:46+00:00,order-worker-9b2e0,order-worker,0,294.91,0.3291,0,
order-worker-9b2e0_767,2026-07-13T09:12:47+00:00,order-worker-9b2e0,order-worker,0,283.38,0.3163,0,
order-worker-9b2e0_768,2026-07-13T09:12:48+00:00,order-worker-9b2e0,order-worker,0,307.84,0.3436,0,
order-worker-9b2e0_769,2026-07-13T09:12:49+00:00,order-worker-9b2e0,order-worker,0,303.45,0.3387,0,
order-worker-9b2e0_770,2026-07-13T09:12:50+00:00,order-worker-9b2e0,order-worker,0,302.75,0.3379,0,
order-worker-9b2e0_771,2026-07-13T09:12:51+00:00,order-worker-9b2e0,order-worker,0,305.68,0.3412,0,
order-worker-9b2e0_772,2026-07-13T09:12:52+00:00,order-worker-9b2e0,order-worker,0,299.65,0.3344,0,
order-worker-9b2e0_773,2026-07-13T09:12:53+00:00,order-worker-9b2e0,order-worker,0,290.39,0.3241,0,
order-worker-9b2e0_774,2026-07-13T09:12:54+00:00,order-worker-9b2e0,order-worker,0,291.71,0.3256,0,
order-worker-9b2e0_775,2026-07-13T09:12:55+00:00,order-worker-9b2e0,order-worker,0,296.3,0.3307,0,
order-worker-9b2e0_776,2026-07-13T09:12:56+00:00,order-worker-9b2e0,order-worker,0,310.01,0.346,0,
order-worker-9b2e0_777,2026-07-13T09:12:57+00:00,order-worker-9b2e0,order-worker,0,294.95,0.3292,0,
order-worker-9b2e0_778,2026-07-13T09:12:58+00:00,order-worker-9b2e0,order-worker,0,286.11,0.3193,0,
order-worker-9b2e0_779,2026-07-13T09:12:59+00:00,order-worker-9b2e0,order-worker,0,303.5,0.3387,0,
order-worker-9b2e0_780,2026-07-13T09:13:00+00:00,order-worker-9b2e0,order-worker,0,290.91,0.3247,0,
order-worker-9b2e0_781,2026-07-13T09:13:01+00:00,order-worker-9b2e0,order-worker,0,298.86,0.3335,0,
order-worker-9b2e0_782,2026-07-13T09:13:02+00:00,order-worker-9b2e0,order-worker,0,295.54,0.3298,0,
order-worker-9b2e0_783,2026-07-13T09:13:03+00:00,order-worker-9b2e0,order-worker,0,297.92,0.3325,0,
order-worker-9b2e0_784,2026-07-13T09:13:04+00:00,order-worker-9b2e0,order-worker,0,307.81,0.3435,0,
order-worker-9b2e0_785,2026-07-13T09:13:05+00:00,order-worker-9b2e0,order-worker,0,296.83,0.3313,0,
order-worker-9b2e0_786,2026-07-13T09:13:06+00:00,order-worker-9b2e0,order-worker,0,300.15,0.335,0,
order-worker-9b2e0_787,2026-07-13T09:13:07+00:00,order-worker-9b2e0,order-worker,0,281.45,0.3141,0,
order-worker-9b2e0_788,2026-07-13T09:13:08+00:00,order-worker-9b2e0,order-worker,0,299.77,0.3346,0,
order-worker-9b2e0_789,2026-07-13T09:13:09+00:00,order-worker-9b2e0,order-worker,0,287.08,0.3204,0,
order-worker-9b2e0_790,2026-07-13T09:13:10+00:00,order-worker-9b2e0,order-worker,0,298.92,0.3336,0,
order-worker-9b2e0_791,2026-07-13T09:13:11+00:00,order-worker-9b2e0,order-worker,0,299.11,0.3338,0,
order-worker-9b2e0_792,2026-07-13T09:13:12+00:00,order-worker-9b2e0,order-worker,0,309.98,0.346,0,
order-worker-9b2e0_793,2026-07-13T09:13:13+00:00,order-worker-9b2e0,order-worker,0,296.68,0.3311,0,
order-worker-9b2e0_794,2026-07-13T09:13:14+00:00,order-worker-9b2e0,order-worker,0,300.8,0.3357,0,
order-worker-9b2e0_795,2026-07-13T09:13:15+00:00,order-worker-9b2e0,order-worker,0,296.63,0.3311,0,
order-worker-9b2e0_796,2026-07-13T09:13:16+00:00,order-worker-9b2e0,order-worker,0,303.18,0.3384,0,
order-worker-9b2e0_797,2026-07-13T09:13:17+00:00,order-worker-9b2e0,order-worker,0,304.85,0.3402,0,
order-worker-9b2e0_798,2026-07-13T09:13:18+00:00,order-worker-9b2e0,order-worker,0,289.02,0.3226,0,
order-worker-9b2e0_799,2026-07-13T09:13:19+00:00,order-worker-9b2e0,order-worker,0,288.23,0.3217,0,
order-worker-9b2e0_800,2026-07-13T09:13:20+00:00,order-worker-9b2e0,order-worker,0,309.81,0.3458,0,
order-worker-9b2e0_801,2026-07-13T09:13:21+00:00,order-worker-9b2e0,order-worker,0,290.13,0.3238,0,
order-worker-9b2e0_802,2026-07-13T09:13:22+00:00,order-worker-9b2e0,order-worker,0,301.38,0.3364,0,
order-worker-9b2e0_803,2026-07-13T09:13:23+00:00,order-worker-9b2e0,order-worker,0,307.11,0.3428,0,
order-worker-9b2e0_804,2026-07-13T09:13:24+00:00,order-worker-9b2e0,order-worker,0,303.31,0.3385,0,
order-worker-9b2e0_805,2026-07-13T09:13:25+00:00,order-worker-9b2e0,order-worker,0,288.5,0.322,0,
order-worker-9b2e0_806,2026-07-13T09:13:26+00:00,order-worker-9b2e0,order-worker,0,289.1,0.3227,0,
order-worker-9b2e0_807,2026-07-13T09:13:27+00:00,order-worker-9b2e0,order-worker,0,303.01,0.3382,0,
order-worker-9b2e0_808,2026-07-13T09:13:28+00:00,order-worker-9b2e0,order-worker,0,308.23,0.344,0,
order-worker-9b2e0_809,2026-07-13T09:13:29+00:00,order-worker-9b2e0,order-worker,0,277.55,0.3098,0,
order-worker-9b2e0_810,2026-07-13T09:13:30+00:00,order-worker-9b2e0,order-worker,0,288.24,0.3217,0,
order-worker-9b2e0_811,2026-07-13T09:13:31+00:00,order-worker-9b2e0,order-worker,0,302.02,0.3371,0,
order-worker-9b2e0_812,2026-07-13T09:13:32+00:00,order-worker-9b2e0,order-worker,0,292.79,0.3268,0,
order-worker-9b2e0_813,2026-07-13T09:13:33+00:00,order-worker-9b2e0,order-worker,0,303.78,0.339,0,
order-worker-9b2e0_814,2026-07-13T09:13:34+00:00,order-worker-9b2e0,order-worker,0,307.68,0.3434,0,
order-worker-9b2e0_815,2026-07-13T09:13:35+00:00,order-worker-9b2e0,order-worker,0,301.0,0.3359,0,
order-worker-9b2e0_816,2026-07-13T09:13:36+00:00,order-worker-9b2e0,order-worker,0,282.57,0.3154,0,
order-worker-9b2e0_817,2026-07-13T09:13:37+00:00,order-worker-9b2e0,order-worker,0,302.01,0.3371,0,
order-worker-9b2e0_818,2026-07-13T09:13:38+00:00,order-worker-9b2e0,order-worker,0,302.08,0.3371,0,
order-worker-9b2e0_819,2026-07-13T09:13:39+00:00,order-worker-9b2e0,order-worker,0,272.64,0.3043,0,
order-worker-9b2e0_820,2026-07-13T09:13:40+00:00,order-worker-9b2e0,order-worker,0,288.94,0.3225,0,
order-worker-9b2e0_821,2026-07-13T09:13:41+00:00,order-worker-9b2e0,order-worker,0,298.82,0.3335,0,
order-worker-9b2e0_822,2026-07-13T09:13:42+00:00,order-worker-9b2e0,order-worker,0,302.89,0.338,0,
order-worker-9b2e0_823,2026-07-13T09:13:43+00:00,order-worker-9b2e0,order-worker,0,308.99,0.3449,0,
order-worker-9b2e0_824,2026-07-13T09:13:44+00:00,order-worker-9b2e0,order-worker,0,273.41,0.3051,0,
order-worker-9b2e0_825,2026-07-13T09:13:45+00:00,order-worker-9b2e0,order-worker,0,287.33,0.3207,0,
order-worker-9b2e0_826,2026-07-13T09:13:46+00:00,order-worker-9b2e0,order-worker,0,302.67,0.3378,0,
order-worker-9b2e0_827,2026-07-13T09:13:47+00:00,order-worker-9b2e0,order-worker,0,295.86,0.3302,0,
order-worker-9b2e0_828,2026-07-13T09:13:48+00:00,order-worker-9b2e0,order-worker,0,300.32,0.3352,0,
order-worker-9b2e0_829,2026-07-13T09:13:49+00:00,order-worker-9b2e0,order-worker,0,297.62,0.3322,0,
order-worker-9b2e0_830,2026-07-13T09:13:50+00:00,order-worker-9b2e0,order-worker,0,298.02,0.3326,0,
order-worker-9b2e0_831,2026-07-13T09:13:51+00:00,order-worker-9b2e0,order-worker,0,299.17,0.3339,0,
order-worker-9b2e0_832,2026-07-13T09:13:52+00:00,order-worker-9b2e0,order-worker,0,308.39,0.3442,0,
order-worker-9b2e0_833,2026-07-13T09:13:53+00:00,order-worker-9b2e0,order-worker,0,289.48,0.3231,0,
order-worker-9b2e0_834,2026-07-13T09:13:54+00:00,order-worker-9b2e0,order-worker,0,289.49,0.3231,0,
order-worker-9b2e0_835,2026-07-13T09:13:55+00:00,order-worker-9b2e0,order-worker,0,295.44,0.3297,0,
order-worker-9b2e0_836,2026-07-13T09:13:56+00:00,order-worker-9b2e0,order-worker,0,302.52,0.3376,0,
order-worker-9b2e0_837,2026-07-13T09:13:57+00:00,order-worker-9b2e0,order-worker,0,297.3,0.3318,0,
order-worker-9b2e0_838,2026-07-13T09:13:58+00:00,order-worker-9b2e0,order-worker,0,293.7,0.3278,0,
order-worker-9b2e0_839,2026-07-13T09:13:59+00:00,order-worker-9b2e0,order-worker,0,303.8,0.3391,0,
order-worker-9b2e0_840,2026-07-13T09:14:00+00:00,order-worker-9b2e0,order-worker,0,298.41,0.333,0,
order-worker-9b2e0_841,2026-07-13T09:14:01+00:00,order-worker-9b2e0,order-worker,0,292.44,0.3264,0,
order-worker-9b2e0_842,2026-07-13T09:14:02+00:00,order-worker-9b2e0,order-worker,0,296.81,0.3313,0,
order-worker-9b2e0_843,2026-07-13T09:14:03+00:00,order-worker-9b2e0,order-worker,0,292.8,0.3268,0,
order-worker-9b2e0_844,2026-07-13T09:14:04+00:00,order-worker-9b2e0,order-worker,0,289.11,0.3227,0,
order-worker-9b2e0_845,2026-07-13T09:14:05+00:00,order-worker-9b2e0,order-worker,0,300.68,0.3356,0,
order-worker-9b2e0_846,2026-07-13T09:14:06+00:00,order-worker-9b2e0,order-worker,0,280.85,0.3134,0,
order-worker-9b2e0_847,2026-07-13T09:14:07+00:00,order-worker-9b2e0,order-worker,0,291.42,0.3252,0,
order-worker-9b2e0_848,2026-07-13T09:14:08+00:00,order-worker-9b2e0,order-worker,0,296.05,0.3304,0,
order-worker-9b2e0_849,2026-07-13T09:14:09+00:00,order-worker-9b2e0,order-worker,0,286.01,0.3192,0,
order-worker-9b2e0_850,2026-07-13T09:14:10+00:00,order-worker-9b2e0,order-worker,0,290.8,0.3246,0,
order-worker-9b2e0_851,2026-07-13T09:14:11+00:00,order-worker-9b2e0,order-worker,0,305.39,0.3408,0,
order-worker-9b2e0_852,2026-07-13T09:14:12+00:00,order-worker-9b2e0,order-worker,0,300.5,0.3354,0,
order-worker-9b2e0_853,2026-07-13T09:14:13+00:00,order-worker-9b2e0,order-worker,0,299.21,0.3339,0,
order-worker-9b2e0_854,2026-07-13T09:14:14+00:00,order-worker-9b2e0,order-worker,0,303.74,0.339,0,
order-worker-9b2e0_855,2026-07-13T09:14:15+00:00,order-worker-9b2e0,order-worker,0,308.35,0.3441,0,
order-worker-9b2e0_856,2026-07-13T09:14:16+00:00,order-worker-9b2e0,order-worker,0,307.84,0.3436,0,
order-worker-9b2e0_857,2026-07-13T09:14:17+00:00,order-worker-9b2e0,order-worker,0,300.83,0.3357,0,
order-worker-9b2e0_858,2026-07-13T09:14:18+00:00,order-worker-9b2e0,order-worker,0,300.81,0.3357,0,
order-worker-9b2e0_859,2026-07-13T09:14:19+00:00,order-worker-9b2e0,order-worker,0,302.33,0.3374,0,
order-worker-9b2e0_860,2026-07-13T09:14:20+00:00,order-worker-9b2e0,order-worker,0,306.2,0.3417,0,
order-worker-9b2e0_861,2026-07-13T09:14:21+00:00,order-worker-9b2e0,order-worker,0,309.17,0.3451,0,
order-worker-9b2e0_862,2026-07-13T09:14:22+00:00,order-worker-9b2e0,order-worker,0,292.11,0.326,0,
order-worker-9b2e0_863,2026-07-13T09:14:23+00:00,order-worker-9b2e0,order-worker,0,300.83,0.3357,0,
order-worker-9b2e0_864,2026-07-13T09:14:24+00:00,order-worker-9b2e0,order-worker,0,306.09,0.3416,0,
order-worker-9b2e0_865,2026-07-13T09:14:25+00:00,order-worker-9b2e0,order-worker,0,297.56,0.3321,0,
order-worker-9b2e0_866,2026-07-13T09:14:26+00:00,order-worker-9b2e0,order-worker,0,312.13,0.3484,0,
order-worker-9b2e0_867,2026-07-13T09:14:27+00:00,order-worker-9b2e0,order-worker,0,300.82,0.3357,0,
order-worker-9b2e0_868,2026-07-13T09:14:28+00:00,order-worker-9b2e0,order-worker,0,298.48,0.3331,0,
order-worker-9b2e0_869,2026-07-13T09:14:29+00:00,order-worker-9b2e0,order-worker,0,304.34,0.3397,0,
payment-api-7f8d0_30,2026-07-13T09:00:30+00:00,payment-api-7f8d0,payment-api,0,424.15,0.4142,0,
payment-api-7f8d0_31,2026-07-13T09:00:31+00:00,payment-api-7f8d0,payment-api,0,421.79,0.4119,0,
payment-api-7f8d0_32,2026-07-13T09:00:32+00:00,payment-api-7f8d0,payment-api,0,431.61,0.4215,0,
payment-api-7f8d0_33,2026-07-13T09:00:33+00:00,payment-api-7f8d0,payment-api,0,437.52,0.4273,0,
payment-api-7f8d0_34,2026-07-13T09:00:34+00:00,payment-api-7f8d0,payment-api,0,413.93,0.4042,0,
payment-api-7f8d0_35,2026-07-13T09:00:35+00:00,payment-api-7f8d0,payment-api,0,412.81,0.4031,0,
payment-api-7f8d0_36,2026-07-13T09:00:36+00:00,payment-api-7f8d0,payment-api,0,406.29,0.3968,0,
payment-api-7f8d0_37,2026-07-13T09:00:37+00:00,payment-api-7f8d0,payment-api,0,420.04,0.4102,0,
payment-api-7f8d0_38,2026-07-13T09:00:38+00:00,payment-api-7f8d0,payment-api,0,420.96,0.4111,0,
payment-api-7f8d0_39,2026-07-13T09:00:39+00:00,payment-api-7f8d0,payment-api,0,422.66,0.4128,0,
payment-api-7f8d0_40,2026-07-13T09:00:40+00:00,payment-api-7f8d0,payment-api,0,436.49,0.4263,0,
payment-api-7f8d0_41,2026-07-13T09:00:41+00:00,payment-api-7f8d0,payment-api,0,412.28,0.4026,0,
payment-api-7f8d0_42,2026-07-13T09:00:42+00:00,payment-api-7f8d0,payment-api,0,417.84,0.408,0,
payment-api-7f8d0_43,2026-07-13T09:00:43+00:00,payment-api-7f8d0,payment-api,0,406.37,0.3968,0,
payment-api-7f8d0_44,2026-07-13T09:00:44+00:00,payment-api-7f8d0,payment-api,0,409.56,0.4,0,
payment-api-7f8d0_45,2026-07-13T09:00:45+00:00,payment-api-7f8d0,payment-api,0,419.5,0.4097,0,
payment-api-7f8d0_46,2026-07-13T09:00:46+00:00,payment-api-7f8d0,payment-api,0,419.14,0.4093,0,
payment-api-7f8d0_47,2026-07-13T09:00:47+00:00,payment-api-7f8d0,payment-api,0,414.4,0.4047,0,
payment-api-7f8d0_48,2026-07-13T09:00:48+00:00,payment-api-7f8d0,payment-api,0,415.76,0.406,0,
payment-api-7f8d0_49,2026-07-13T09:00:49+00:00,payment-api-7f8d0,payment-api,0,433.16,0.423,0,
payment-api-7f8d0_50,2026-07-13T09:00:50+00:00,payment-api-7f8d0,payment-api,0,418.98,0.4092,0,
payment-api-7f8d0_51,2026-07-13T09:00:51+00:00,payment-api-7f8d0,payment-api,0,414.83,0.4051,0,
payment-api-7f8d0_52,2026-07-13T09:00:52+00:00,payment-api-7f8d0,payment-api,0,420.62,0.4108,0,
payment-api-7f8d0_53,2026-07-13T09:00:53+00:00,payment-api-7f8d0,payment-api,0,413.0,0.4033,0,
payment-api-7f8d0_54,2026-07-13T09:00:54+00:00,payment-api-7f8d0,payment-api,0,414.79,0.4051,0,
payment-api-7f8d0_55,2026-07-13T09:00:55+00:00,payment-api-7f8d0,payment-api,0,422.16,0.4123,0,
payment-api-7f8d0_56,2026-07-13T09:00:56+00:00,payment-api-7f8d0,payment-api,0,424.01,0.4141,0,
payment-api-7f8d0_57,2026-07-13T09:00:57+00:00,payment-api-7f8d0,payment-api,0,414.7,0.405,0,
payment-api-7f8d0_58,2026-07-13T09:00:58+00:00,payment-api-7f8d0,payment-api,0,422.08,0.4122,0,
payment-api-7f8d0_59,2026-07-13T09:00:59+00:00,payment-api-7f8d0,payment-api,0,414.79,0.4051,0,
payment-api-7f8d0_60,2026-07-13T09:01:00+00:00,payment-api-7f8d0,payment-api,0,426.69,0.4167,0,
payment-api-7f8d0_61,2026-07-13T09:01:01+00:00,payment-api-7f8d0,payment-api,0,424.62,0.4147,0,
payment-api-7f8d0_62,2026-07-13T09:01:02+00:00,payment-api-7f8d0,payment-api,0,429.34,0.4193,0,
payment-api-7f8d0_63,2026-07-13T09:01:03+00:00,payment-api-7f8d0,payment-api,0,423.16,0.4132,0,
payment-api-7f8d0_64,2026-07-13T09:01:04+00:00,payment-api-7f8d0,payment-api,0,429.61,0.4195,0,
payment-api-7f8d0_65,2026-07-13T09:01:05+00:00,payment-api-7f8d0,payment-api,0,420.15,0.4103,0,
payment-api-7f8d0_66,2026-07-13T09:01:06+00:00,payment-api-7f8d0,payment-api,0,421.88,0.412,0,
payment-api-7f8d0_67,2026-07-13T09:01:07+00:00,payment-api-7f8d0,payment-api,0,425.06,0.4151,0,
payment-api-7f8d0_68,2026-07-13T09:01:08+00:00,payment-api-7f8d0,payment-api,0,426.64,0.4166,0,
payment-api-7f8d0_69,2026-07-13T09:01:09+00:00,payment-api-7f8d0,payment-api,0,428.3,0.4183,0,
payment-api-7f8d0_70,2026-07-13T09:01:10+00:00,payment-api-7f8d0,payment-api,0,426.06,0.4161,0,
payment-api-7f8d0_71,2026-07-13T09:01:11+00:00,payment-api-7f8d0,payment-api,0,413.81,0.4041,0,
payment-api-7f8d0_72,2026-07-13T09:01:12+00:00,payment-api-7f8d0,payment-api,0,422.24,0.4123,0,
payment-api-7f8d0_73,2026-07-13T09:01:13+00:00,payment-api-7f8d0,payment-api,0,423.85,0.4139,0,
payment-api-7f8d0_74,2026-07-13T09:01:14+00:00,payment-api-7f8d0,payment-api,0,432.75,0.4226,0,
payment-api-7f8d0_75,2026-07-13T09:01:15+00:00,payment-api-7f8d0,payment-api,0,406.46,0.3969,0,
payment-api-7f8d0_76,2026-07-13T09:01:16+00:00,payment-api-7f8d0,payment-api,0,426.59,0.4166,0,
payment-api-7f8d0_77,2026-07-13T09:01:17+00:00,payment-api-7f8d0,payment-api,0,417.92,0.4081,0,
payment-api-7f8d0_78,2026-07-13T09:01:18+00:00,payment-api-7f8d0,payment-api,0,418.15,0.4083,0,
payment-api-7f8d0_79,2026-07-13T09:01:19+00:00,payment-api-7f8d0,payment-api,0,440.59,0.4303,0,
payment-api-7f8d0_80,2026-07-13T09:01:20+00:00,payment-api-7f8d0,payment-api,0,415.41,0.4057,0,
payment-api-7f8d0_81,2026-07-13T09:01:21+00:00,payment-api-7f8d0,payment-api,0,417.96,0.4082,0,
payment-api-7f8d0_82,2026-07-13T09:01:22+00:00,payment-api-7f8d0,payment-api,0,417.26,0.4075,0,
payment-api-7f8d0_83,2026-07-13T09:01:23+00:00,payment-api-7f8d0,payment-api,0,427.49,0.4175,0,
payment-api-7f8d0_84,2026-07-13T09:01:24+00:00,payment-api-7f8d0,payment-api,0,410.22,0.4006,0,
payment-api-7f8d0_85,2026-07-13T09:01:25+00:00,payment-api-7f8d0,payment-api,0,417.11,0.4073,0,
payment-api-7f8d0_86,2026-07-13T09:01:26+00:00,payment-api-7f8d0,payment-api,0,422.61,0.4127,0,
payment-api-7f8d0_87,2026-07-13T09:01:27+00:00,payment-api-7f8d0,payment-api,0,414.37,0.4047,0,
payment-api-7f8d0_88,2026-07-13T09:01:28+00:00,payment-api-7f8d0,payment-api,0,403.34,0.3939,0,
payment-api-7f8d0_89,2026-07-13T09:01:29+00:00,payment-api-7f8d0,payment-api,0,419.7,0.4099,0,
payment-api-7f8d0_90,2026-07-13T09:01:30+00:00,payment-api-7f8d0,payment-api,0,422.46,0.4126,0,
payment-api-7f8d0_91,2026-07-13T09:01:31+00:00,payment-api-7f8d0,payment-api,0,420.15,0.4103,0,
payment-api-7f8d0_92,2026-07-13T09:01:32+00:00,payment-api-7f8d0,payment-api,0,423.27,0.4133,0,
payment-api-7f8d0_93,2026-07-13T09:01:33+00:00,payment-api-7f8d0,payment-api,0,433.32,0.4232,0,
payment-api-7f8d0_94,2026-07-13T09:01:34+00:00,payment-api-7f8d0,payment-api,0,424.14,0.4142,0,
payment-api-7f8d0_95,2026-07-13T09:01:35+00:00,payment-api-7f8d0,payment-api,0,412.61,0.4029,0,
payment-api-7f8d0_96,2026-07-13T09:01:36+00:00,payment-api-7f8d0,payment-api,0,423.95,0.414,0,
payment-api-7f8d0_97,2026-07-13T09:01:37+00:00,payment-api-7f8d0,payment-api,0,440.48,0.4302,0,
payment-api-7f8d0_98,2026-07-13T09:01:38+00:00,payment-api-7f8d0,payment-api,0,414.98,0.4053,0,
payment-api-7f8d0_99,2026-07-13T09:01:39+00:00,payment-api-7f8d0,payment-api,0,424.97,0.415,0,
payment-api-7f8d0_100,2026-07-13T09:01:40+00:00,payment-api-7f8d0,payment-api,0,421.42,0.4115,0,
payment-api-7f8d0_101,2026-07-13T09:01:41+00:00,payment-api-7f8d0,payment-api,0,426.67,0.4167,0,
payment-api-7f8d0_102,2026-07-13T09:01:42+00:00,payment-api-7f8d0,payment-api,0,422.17,0.4123,0,
payment-api-7f8d0_103,2026-07-13T09:01:43+00:00,payment-api-7f8d0,payment-api,0,420.23,0.4104,0,
payment-api-7f8d0_104,2026-07-13T09:01:44+00:00,payment-api-7f8d0,payment-api,0,416.52,0.4068,0,
payment-api-7f8d0_105,2026-07-13T09:01:45+00:00,payment-api-7f8d0,payment-api,0,418.51,0.4087,0,
payment-api-7f8d0_106,2026-07-13T09:01:46+00:00,payment-api-7f8d0,payment-api,0,422.14,0.4122,0,
payment-api-7f8d0_107,2026-07-13T09:01:47+00:00,payment-api-7f8d0,payment-api,0,438.39,0.4281,0,
payment-api-7f8d0_108,2026-07-13T09:01:48+00:00,payment-api-7f8d0,payment-api,0,416.64,0.4069,0,
payment-api-7f8d0_109,2026-07-13T09:01:49+00:00,payment-api-7f8d0,payment-api,0,419.72,0.4099,0,
payment-api-7f8d0_110,2026-07-13T09:01:50+00:00,payment-api-7f8d0,payment-api,0,419.6,0.4098,0,
payment-api-7f8d0_111,2026-07-13T09:01:51+00:00,payment-api-7f8d0,payment-api,0,422.31,0.4124,0,
payment-api-7f8d0_112,2026-07-13T09:01:52+00:00,payment-api-7f8d0,payment-api,0,414.9,0.4052,0,
payment-api-7f8d0_113,2026-07-13T09:01:53+00:00,payment-api-7f8d0,payment-api,0,415.58,0.4058,0,
payment-api-7f8d0_114,2026-07-13T09:01:54+00:00,payment-api-7f8d0,payment-api,0,415.1,0.4054,0,
payment-api-7f8d0_115,2026-07-13T09:01:55+00:00,payment-api-7f8d0,payment-api,0,418.58,0.4088,0,
payment-api-7f8d0_116,2026-07-13T09:01:56+00:00,payment-api-7f8d0,payment-api,0,415.86,0.4061,0,
payment-api-7f8d0_117,2026-07-13T09:01:57+00:00,payment-api-7f8d0,payment-api,0,416.08,0.4063,0,
payment-api-7f8d0_118,2026-07-13T09:01:58+00:00,payment-api-7f8d0,payment-api,0,424.73,0.4148,0,
payment-api-7f8d0_119,2026-07-13T09:01:59+00:00,payment-api-7f8d0,payment-api,0,431.06,0.421,0,
payment-api-7f8d0_120,2026-07-13T09:02:00+00:00,payment-api-7f8d0,payment-api,0,422.95,0.413,0,
payment-api-7f8d0_121,2026-07-13T09:02:01+00:00,payment-api-7f8d0,payment-api,0,409.12,0.3995,0,
payment-api-7f8d0_122,2026-07-13T09:02:02+00:00,payment-api-7f8d0,payment-api,0,422.0,0.4121,0,
payment-api-7f8d0_123,2026-07-13T09:02:03+00:00,payment-api-7f8d0,payment-api,0,416.43,0.4067,0,
payment-api-7f8d0_124,2026-07-13T09:02:04+00:00,payment-api-7f8d0,payment-api,0,429.56,0.4195,0,
payment-api-7f8d0_125,2026-07-13T09:02:05+00:00,payment-api-7f8d0,payment-api,0,415.56,0.4058,0,
payment-api-7f8d0_126,2026-07-13T09:02:06+00:00,payment-api-7f8d0,payment-api,0,411.83,0.4022,0,
payment-api-7f8d0_127,2026-07-13T09:02:07+00:00,payment-api-7f8d0,payment-api,0,425.2,0.4152,0,
payment-api-7f8d0_128,2026-07-13T09:02:08+00:00,payment-api-7f8d0,payment-api,0,419.64,0.4098,0,
payment-api-7f8d0_129,2026-07-13T09:02:09+00:00,payment-api-7f8d0,payment-api,0,419.34,0.4095,0,
payment-api-7f8d0_130,2026-07-13T09:02:10+00:00,payment-api-7f8d0,payment-api,0,425.14,0.4152,0,
payment-api-7f8d0_131,2026-07-13T09:02:11+00:00,payment-api-7f8d0,payment-api,0,414.59,0.4049,0,
payment-api-7f8d0_132,2026-07-13T09:02:12+00:00,payment-api-7f8d0,payment-api,0,426.73,0.4167,0,
payment-api-7f8d0_133,2026-07-13T09:02:13+00:00,payment-api-7f8d0,payment-api,0,407.33,0.3978,0,
payment-api-7f8d0_134,2026-07-13T09:02:14+00:00,payment-api-7f8d0,payment-api,0,419.97,0.4101,0,
payment-api-7f8d0_135,2026-07-13T09:02:15+00:00,payment-api-7f8d0,payment-api,0,421.67,0.4118,0,
payment-api-7f8d0_136,2026-07-13T09:02:16+00:00,payment-api-7f8d0,payment-api,0,434.38,0.4242,0,
payment-api-7f8d0_137,2026-07-13T09:02:17+00:00,payment-api-7f8d0,payment-api,0,420.48,0.4106,0,
payment-api-7f8d0_138,2026-07-13T09:02:18+00:00,payment-api-7f8d0,payment-api,0,428.4,0.4184,0,
payment-api-7f8d0_139,2026-07-13T09:02:19+00:00,payment-api-7f8d0,payment-api,0,433.89,0.4237,0,
payment-api-7f8d0_140,2026-07-13T09:02:20+00:00,payment-api-7f8d0,payment-api,0,424.18,0.4142,0,
payment-api-7f8d0_141,2026-07-13T09:02:21+00:00,payment-api-7f8d0,payment-api,0,420.3,0.4104,0,
payment-api-7f8d0_142,2026-07-13T09:02:22+00:00,payment-api-7f8d0,payment-api,0,423.19,0.4133,0,
payment-api-7f8d0_143,2026-07-13T09:02:23+00:00,payment-api-7f8d0,payment-api,0,421.8,0.4119,0,
payment-api-7f8d0_144,2026-07-13T09:02:24+00:00,payment-api-7f8d0,payment-api,0,418.62,0.4088,0,
payment-api-7f8d0_145,2026-07-13T09:02:25+00:00,payment-api-7f8d0,payment-api,0,415.0,0.4053,0,
payment-api-7f8d0_146,2026-07-13T09:02:26+00:00,payment-api-7f8d0,payment-api,0,419.8,0.41,0,
payment-api-7f8d0_147,2026-07-13T09:02:27+00:00,payment-api-7f8d0,payment-api,0,429.19,0.4191,0,
payment-api-7f8d0_148,2026-07-13T09:02:28+00:00,payment-api-7f8d0,payment-api,0,416.26,0.4065,0,
payment-api-7f8d0_149,2026-07-13T09:02:29+00:00,payment-api-7f8d0,payment-api,0,427.97,0.4179,0,
payment-api-7f8d0_150,2026-07-13T09:02:30+00:00,payment-api-7f8d0,payment-api,0,417.21,0.4074,0,
payment-api-7f8d0_151,2026-07-13T09:02:31+00:00,payment-api-7f8d0,payment-api,0,428.24,0.4182,0,
payment-api-7f8d0_152,2026-07-13T09:02:32+00:00,payment-api-7f8d0,payment-api,0,425.82,0.4158,0,
payment-api-7f8d0_153,2026-07-13T09:02:33+00:00,payment-api-7f8d0,payment-api,0,427.33,0.4173,0,
payment-api-7f8d0_154,2026-07-13T09:02:34+00:00,payment-api-7f8d0,payment-api,0,428.87,0.4188,0,
payment-api-7f8d0_155,2026-07-13T09:02:35+00:00,payment-api-7f8d0,payment-api,0,418.47,0.4087,0,
payment-api-7f8d0_156,2026-07-13T09:02:36+00:00,payment-api-7f8d0,payment-api,0,439.23,0.4289,0,
payment-api-7f8d0_157,2026-07-13T09:02:37+00:00,payment-api-7f8d0,payment-api,0,425.11,0.4151,0,
payment-api-7f8d0_158,2026-07-13T09:02:38+00:00,payment-api-7f8d0,payment-api,0,419.49,0.4097,0,
payment-api-7f8d0_159,2026-07-13T09:02:39+00:00,payment-api-7f8d0,payment-api,0,418.05,0.4083,0,
payment-api-7f8d0_160,2026-07-13T09:02:40+00:00,payment-api-7f8d0,payment-api,0,417.62,0.4078,0,
payment-api-7f8d0_161,2026-07-13T09:02:41+00:00,payment-api-7f8d0,payment-api,0,411.23,0.4016,0,
payment-api-7f8d0_162,2026-07-13T09:02:42+00:00,payment-api-7f8d0,payment-api,0,414.89,0.4052,0,
payment-api-7f8d0_163,2026-07-13T09:02:43+00:00,payment-api-7f8d0,payment-api,0,427.85,0.4178,0,
payment-api-7f8d0_164,2026-07-13T09:02:44+00:00,payment-api-7f8d0,payment-api,0,428.18,0.4181,0,
payment-api-7f8d0_165,2026-07-13T09:02:45+00:00,payment-api-7f8d0,payment-api,0,426.07,0.4161,0,
payment-api-7f8d0_166,2026-07-13T09:02:46+00:00,payment-api-7f8d0,payment-api,0,406.46,0.3969,0,
payment-api-7f8d0_167,2026-07-13T09:02:47+00:00,payment-api-7f8d0,payment-api,0,427.35,0.4173,0,
payment-api-7f8d0_168,2026-07-13T09:02:48+00:00,payment-api-7f8d0,payment-api,0,424.4,0.4145,0,
payment-api-7f8d0_169,2026-07-13T09:02:49+00:00,payment-api-7f8d0,payment-api,0,407.26,0.3977,0,
payment-api-7f8d0_170,2026-07-13T09:02:50+00:00,payment-api-7f8d0,payment-api,0,421.0,0.4111,0,
payment-api-7f8d0_171,2026-07-13T09:02:51+00:00,payment-api-7f8d0,payment-api,0,414.38,0.4047,0,
payment-api-7f8d0_172,2026-07-13T09:02:52+00:00,payment-api-7f8d0,payment-api,0,414.25,0.4045,0,
payment-api-7f8d0_173,2026-07-13T09:02:53+00:00,payment-api-7f8d0,payment-api,0,413.32,0.4036,0,
payment-api-7f8d0_174,2026-07-13T09:02:54+00:00,payment-api-7f8d0,payment-api,0,418.52,0.4087,0,
payment-api-7f8d0_175,2026-07-13T09:02:55+00:00,payment-api-7f8d0,payment-api,0,415.54,0.4058,0,
payment-api-7f8d0_176,2026-07-13T09:02:56+00:00,payment-api-7f8d0,payment-api,0,433.42,0.4233,0,
payment-api-7f8d0_177,2026-07-13T09:02:57+00:00,payment-api-7f8d0,payment-api,0,415.35,0.4056,0,
payment-api-7f8d0_178,2026-07-13T09:02:58+00:00,payment-api-7f8d0,payment-api,0,421.87,0.412,0,
payment-api-7f8d0_179,2026-07-13T09:02:59+00:00,payment-api-7f8d0,payment-api,0,429.82,0.4197,0,
payment-api-7f8d0_180,2026-07-13T09:03:00+00:00,payment-api-7f8d0,payment-api,0,424.47,0.4145,0,
payment-api-7f8d0_181,2026-07-13T09:03:01+00:00,payment-api-7f8d0,payment-api,0,419.11,0.4093,0,
payment-api-7f8d0_182,2026-07-13T09:03:02+00:00,payment-api-7f8d0,payment-api,0,411.26,0.4016,0,
payment-api-7f8d0_183,2026-07-13T09:03:03+00:00,payment-api-7f8d0,payment-api,0,421.54,0.4117,0,
payment-api-7f8d0_184,2026-07-13T09:03:04+00:00,payment-api-7f8d0,payment-api,0,413.71,0.404,0,
payment-api-7f8d0_185,2026-07-13T09:03:05+00:00,payment-api-7f8d0,payment-api,0,423.11,0.4132,0,
payment-api-7f8d0_186,2026-07-13T09:03:06+00:00,payment-api-7f8d0,payment-api,0,427.35,0.4173,0,
payment-api-7f8d0_187,2026-07-13T09:03:07+00:00,payment-api-7f8d0,payment-api,0,418.6,0.4088,0,
payment-api-7f8d0_188,2026-07-13T09:03:08+00:00,payment-api-7f8d0,payment-api,0,428.69,0.4186,0,
payment-api-7f8d0_189,2026-07-13T09:03:09+00:00,payment-api-7f8d0,payment-api,0,420.08,0.4102,0,
payment-api-7f8d0_190,2026-07-13T09:03:10+00:00,payment-api-7f8d0,payment-api,0,420.45,0.4106,0,
payment-api-7f8d0_191,2026-07-13T09:03:11+00:00,payment-api-7f8d0,payment-api,0,412.49,0.4028,0,
payment-api-7f8d0_192,2026-07-13T09:03:12+00:00,payment-api-7f8d0,payment-api,0,418.29,0.4085,0,
payment-api-7f8d0_193,2026-07-13T09:03:13+00:00,payment-api-7f8d0,payment-api,0,416.89,0.4071,0,
payment-api-7f8d0_194,2026-07-13T09:03:14+00:00,payment-api-7f8d0,payment-api,0,427.6,0.4176,0,
payment-api-7f8d0_195,2026-07-13T09:03:15+00:00,payment-api-7f8d0,payment-api,0,410.64,0.401,0,
payment-api-7f8d0_196,2026-07-13T09:03:16+00:00,payment-api-7f8d0,payment-api,0,415.63,0.4059,0,
payment-api-7f8d0_197,2026-07-13T09:03:17+00:00,payment-api-7f8d0,payment-api,0,420.96,0.4111,0,
payment-api-7f8d0_198,2026-07-13T09:03:18+00:00,payment-api-7f8d0,payment-api,0,416.45,0.4067,0,
payment-api-7f8d0_199,2026-07-13T09:03:19+00:00,payment-api-7f8d0,payment-api,0,431.77,0.4217,0,
payment-api-7f8d0_200,2026-07-13T09:03:20+00:00,payment-api-7f8d0,payment-api,0,425.42,0.4154,0,
payment-api-7f8d0_201,2026-07-13T09:03:21+00:00,payment-api-7f8d0,payment-api,0,430.41,0.4203,0,
payment-api-7f8d0_202,2026-07-13T09:03:22+00:00,payment-api-7f8d0,payment-api,0,436.11,0.4259,0,
payment-api-7f8d0_203,2026-07-13T09:03:23+00:00,payment-api-7f8d0,payment-api,0,429.6,0.4195,0,
payment-api-7f8d0_204,2026-07-13T09:03:24+00:00,payment-api-7f8d0,payment-api,0,427.97,0.4179,0,
payment-api-7f8d0_205,2026-07-13T09:03:25+00:00,payment-api-7f8d0,payment-api,0,430.63,0.4205,0,
payment-api-7f8d0_206,2026-07-13T09:03:26+00:00,payment-api-7f8d0,payment-api,0,420.46,0.4106,0,
payment-api-7f8d0_207,2026-07-13T09:03:27+00:00,payment-api-7f8d0,payment-api,0,417.08,0.4073,0,
payment-api-7f8d0_208,2026-07-13T09:03:28+00:00,payment-api-7f8d0,payment-api,0,418.23,0.4084,0,
payment-api-7f8d0_209,2026-07-13T09:03:29+00:00,payment-api-7f8d0,payment-api,0,418.66,0.4088,0,
payment-api-7f8d0_210,2026-07-13T09:03:30+00:00,payment-api-7f8d0,payment-api,0,425.3,0.4153,0,
payment-api-7f8d0_211,2026-07-13T09:03:31+00:00,payment-api-7f8d0,payment-api,0,415.77,0.406,0,
payment-api-7f8d0_212,2026-07-13T09:03:32+00:00,payment-api-7f8d0,payment-api,0,421.93,0.412,0,
payment-api-7f8d0_213,2026-07-13T09:03:33+00:00,payment-api-7f8d0,payment-api,0,430.32,0.4202,0,
payment-api-7f8d0_214,2026-07-13T09:03:34+00:00,payment-api-7f8d0,payment-api,0,415.36,0.4056,0,
payment-api-7f8d0_215,2026-07-13T09:03:35+00:00,payment-api-7f8d0,payment-api,0,429.57,0.4195,0,
payment-api-7f8d0_216,2026-07-13T09:03:36+00:00,payment-api-7f8d0,payment-api,0,419.03,0.4092,0,
payment-api-7f8d0_217,2026-07-13T09:03:37+00:00,payment-api-7f8d0,payment-api,0,433.82,0.4237,0,
payment-api-7f8d0_218,2026-07-13T09:03:38+00:00,payment-api-7f8d0,payment-api,0,407.79,0.3982,0,
payment-api-7f8d0_219,2026-07-13T09:03:39+00:00,payment-api-7f8d0,payment-api,0,432.34,0.4222,0,
payment-api-7f8d0_220,2026-07-13T09:03:40+00:00,payment-api-7f8d0,payment-api,0,429.71,0.4196,0,
payment-api-7f8d0_221,2026-07-13T09:03:41+00:00,payment-api-7f8d0,payment-api,0,429.19,0.4191,0,
payment-api-7f8d0_222,2026-07-13T09:03:42+00:00,payment-api-7f8d0,payment-api,0,428.54,0.4185,0,
payment-api-7f8d0_223,2026-07-13T09:03:43+00:00,payment-api-7f8d0,payment-api,0,437.02,0.4268,0,
payment-api-7f8d0_224,2026-07-13T09:03:44+00:00,payment-api-7f8d0,payment-api,0,422.29,0.4124,0,
payment-api-7f8d0_225,2026-07-13T09:03:45+00:00,payment-api-7f8d0,payment-api,0,423.85,0.4139,0,
payment-api-7f8d0_226,2026-07-13T09:03:46+00:00,payment-api-7f8d0,payment-api,0,446.42,0.436,0,
payment-api-7f8d0_227,2026-07-13T09:03:47+00:00,payment-api-7f8d0,payment-api,0,442.5,0.4321,0,
payment-api-7f8d0_228,2026-07-13T09:03:48+00:00,payment-api-7f8d0,payment-api,0,439.71,0.4294,0,
payment-api-7f8d0_229,2026-07-13T09:03:49+00:00,payment-api-7f8d0,payment-api,0,441.02,0.4307,0,
payment-api-7f8d0_230,2026-07-13T09:03:50+00:00,payment-api-7f8d0,payment-api,0,441.85,0.4315,0,
payment-api-7f8d0_231,2026-07-13T09:03:51+00:00,payment-api-7f8d0,payment-api,0,446.68,0.4362,0,
payment-api-7f8d0_232,2026-07-13T09:03:52+00:00,payment-api-7f8d0,payment-api,0,442.03,0.4317,0,
payment-api-7f8d0_233,2026-07-13T09:03:53+00:00,payment-api-7f8d0,payment-api,0,427.07,0.4171,0,
payment-api-7f8d0_234,2026-07-13T09:03:54+00:00,payment-api-7f8d0,payment-api,0,441.87,0.4315,0,
payment-api-7f8d0_235,2026-07-13T09:03:55+00:00,payment-api-7f8d0,payment-api,0,435.62,0.4254,0,
payment-api-7f8d0_236,2026-07-13T09:03:56+00:00,payment-api-7f8d0,payment-api,0,451.86,0.4413,0,
payment-api-7f8d0_237,2026-07-13T09:03:57+00:00,payment-api-7f8d0,payment-api,0,460.94,0.4501,0,
payment-api-7f8d0_238,2026-07-13T09:03:58+00:00,payment-api-7f8d0,payment-api,0,444.32,0.4339,0,
payment-api-7f8d0_239,2026-07-13T09:03:59+00:00,payment-api-7f8d0,payment-api,0,457.69,0.447,0,
payment-api-7f8d0_240,2026-07-13T09:04:00+00:00,payment-api-7f8d0,payment-api,0,451.19,0.4406,0,
payment-api-7f8d0_241,2026-07-13T09:04:01+00:00,payment-api-7f8d0,payment-api,0,460.44,0.4496,0,
payment-api-7f8d0_242,2026-07-13T09:04:02+00:00,payment-api-7f8d0,payment-api,0,463.39,0.4525,0,
payment-api-7f8d0_243,2026-07-13T09:04:03+00:00,payment-api-7f8d0,payment-api,0,454.71,0.4441,0,
payment-api-7f8d0_244,2026-07-13T09:04:04+00:00,payment-api-7f8d0,payment-api,0,472.0,0.4609,0,
payment-api-7f8d0_245,2026-07-13T09:04:05+00:00,payment-api-7f8d0,payment-api,0,456.17,0.4455,0,
payment-api-7f8d0_246,2026-07-13T09:04:06+00:00,payment-api-7f8d0,payment-api,0,454.49,0.4438,0,
payment-api-7f8d0_247,2026-07-13T09:04:07+00:00,payment-api-7f8d0,payment-api,0,469.47,0.4585,0,
payment-api-7f8d0_248,2026-07-13T09:04:08+00:00,payment-api-7f8d0,payment-api,0,458.57,0.4478,0,
payment-api-7f8d0_249,2026-07-13T09:04:09+00:00,payment-api-7f8d0,payment-api,0,473.83,0.4627,0,
payment-api-7f8d0_250,2026-07-13T09:04:10+00:00,payment-api-7f8d0,payment-api,0,477.02,0.4658,0,
payment-api-7f8d0_251,2026-07-13T09:04:11+00:00,payment-api-7f8d0,payment-api,0,472.65,0.4616,0,
payment-api-7f8d0_252,2026-07-13T09:04:12+00:00,payment-api-7f8d0,payment-api,0,462.12,0.4513,0,
payment-api-7f8d0_253,2026-07-13T09:04:13+00:00,payment-api-7f8d0,payment-api,0,468.36,0.4574,0,
payment-api-7f8d0_254,2026-07-13T09:04:14+00:00,payment-api-7f8d0,payment-api,0,480.3,0.469,0,
payment-api-7f8d0_255,2026-07-13T09:04:15+00:00,payment-api-7f8d0,payment-api,0,479.55,0.4683,0,
payment-api-7f8d0_256,2026-07-13T09:04:16+00:00,payment-api-7f8d0,payment-api,0,478.63,0.4674,0,
payment-api-7f8d0_257,2026-07-13T09:04:17+00:00,payment-api-7f8d0,payment-api,0,487.87,0.4764,0,
payment-api-7f8d0_258,2026-07-13T09:04:18+00:00,payment-api-7f8d0,payment-api,0,496.27,0.4846,0,
payment-api-7f8d0_259,2026-07-13T09:04:19+00:00,payment-api-7f8d0,payment-api,0,482.01,0.4707,0,
payment-api-7f8d0_260,2026-07-13T09:04:20+00:00,payment-api-7f8d0,payment-api,0,470.75,0.4597,0,
payment-api-7f8d0_261,2026-07-13T09:04:21+00:00,payment-api-7f8d0,payment-api,0,480.89,0.4696,0,
payment-api-7f8d0_262,2026-07-13T09:04:22+00:00,payment-api-7f8d0,payment-api,0,496.31,0.4847,0,
payment-api-7f8d0_263,2026-07-13T09:04:23+00:00,payment-api-7f8d0,payment-api,0,488.71,0.4773,0,
payment-api-7f8d0_264,2026-07-13T09:04:24+00:00,payment-api-7f8d0,payment-api,0,475.55,0.4644,0,
payment-api-7f8d0_265,2026-07-13T09:04:25+00:00,payment-api-7f8d0,payment-api,0,483.0,0.4717,0,
payment-api-7f8d0_266,2026-07-13T09:04:26+00:00,payment-api-7f8d0,payment-api,0,489.5,0.478,0,
payment-api-7f8d0_267,2026-07-13T09:04:27+00:00,payment-api-7f8d0,payment-api,0,494.81,0.4832,0,
payment-api-7f8d0_268,2026-07-13T09:04:28+00:00,payment-api-7f8d0,payment-api,0,485.25,0.4739,0,
payment-api-7f8d0_269,2026-07-13T09:04:29+00:00,payment-api-7f8d0,payment-api,0,498.83,0.4871,0,
payment-api-7f8d0_270,2026-07-13T09:04:30+00:00,payment-api-7f8d0,payment-api,0,499.29,0.4876,0,
payment-api-7f8d0_271,2026-07-13T09:04:31+00:00,payment-api-7f8d0,payment-api,0,497.05,0.4854,0,
payment-api-7f8d0_272,2026-07-13T09:04:32+00:00,payment-api-7f8d0,payment-api,0,511.03,0.4991,0,
payment-api-7f8d0_273,2026-07-13T09:04:33+00:00,payment-api-7f8d0,payment-api,0,500.43,0.4887,0,
payment-api-7f8d0_274,2026-07-13T09:04:34+00:00,payment-api-7f8d0,payment-api,0,490.23,0.4787,0,
payment-api-7f8d0_275,2026-07-13T09:04:35+00:00,payment-api-7f8d0,payment-api,0,507.52,0.4956,0,
payment-api-7f8d0_276,2026-07-13T09:04:36+00:00,payment-api-7f8d0,payment-api,0,506.11,0.4942,0,
payment-api-7f8d0_277,2026-07-13T09:04:37+00:00,payment-api-7f8d0,payment-api,0,508.22,0.4963,0,
payment-api-7f8d0_278,2026-07-13T09:04:38+00:00,payment-api-7f8d0,payment-api,0,500.52,0.4888,0,
payment-api-7f8d0_279,2026-07-13T09:04:39+00:00,payment-api-7f8d0,payment-api,0,515.46,0.5034,0,
payment-api-7f8d0_280,2026-07-13T09:04:40+00:00,payment-api-7f8d0,payment-api,0,497.17,0.4855,0,
payment-api-7f8d0_281,2026-07-13T09:04:41+00:00,payment-api-7f8d0,payment-api,0,512.26,0.5003,0,
payment-api-7f8d0_282,2026-07-13T09:04:42+00:00,payment-api-7f8d0,payment-api,0,538.79,0.5262,0,
payment-api-7f8d0_283,2026-07-13T09:04:43+00:00,payment-api-7f8d0,payment-api,0,514.52,0.5025,0,
payment-api-7f8d0_284,2026-07-13T09:04:44+00:00,payment-api-7f8d0,payment-api,0,528.21,0.5158,0,
payment-api-7f8d0_285,2026-07-13T09:04:45+00:00,payment-api-7f8d0,payment-api,0,533.17,0.5207,0,
payment-api-7f8d0_286,2026-07-13T09:04:46+00:00,payment-api-7f8d0,payment-api,0,526.47,0.5141,0,
payment-api-7f8d0_287,2026-07-13T09:04:47+00:00,payment-api-7f8d0,payment-api,0,532.92,0.5204,0,
payment-api-7f8d0_288,2026-07-13T09:04:48+00:00,payment-api-7f8d0,payment-api,0,534.39,0.5219,0,
payment-api-7f8d0_289,2026-07-13T09:04:49+00:00,payment-api-7f8d0,payment-api,0,536.01,0.5234,0,
payment-api-7f8d0_290,2026-07-13T09:04:50+00:00,payment-api-7f8d0,payment-api,0,534.9,0.5224,0,
payment-api-7f8d0_291,2026-07-13T09:04:51+00:00,payment-api-7f8d0,payment-api,0,523.0,0.5107,0,
payment-api-7f8d0_292,2026-07-13T09:04:52+00:00,payment-api-7f8d0,payment-api,0,516.45,0.5043,0,
payment-api-7f8d0_293,2026-07-13T09:04:53+00:00,payment-api-7f8d0,payment-api,0,527.05,0.5147,0,
payment-api-7f8d0_294,2026-07-13T09:04:54+00:00,payment-api-7f8d0,payment-api,0,539.78,0.5271,0,
payment-api-7f8d0_295,2026-07-13T09:04:55+00:00,payment-api-7f8d0,payment-api,0,537.72,0.5251,0,
payment-api-7f8d0_296,2026-07-13T09:04:56+00:00,payment-api-7f8d0,payment-api,0,541.61,0.5289,0,
payment-api-7f8d0_297,2026-07-13T09:04:57+00:00,payment-api-7f8d0,payment-api,0,530.8,0.5184,0,
payment-api-7f8d0_298,2026-07-13T09:04:58+00:00,payment-api-7f8d0,payment-api,0,540.9,0.5282,0,
payment-api-7f8d0_299,2026-07-13T09:04:59+00:00,payment-api-7f8d0,payment-api,0,540.99,0.5283,0,
payment-api-7f8d0_300,2026-07-13T09:05:00+00:00,payment-api-7f8d0,payment-api,0,550.81,0.5379,0,
payment-api-7f8d0_301,2026-07-13T09:05:01+00:00,payment-api-7f8d0,payment-api,0,545.46,0.5327,0,
payment-api-7f8d0_302,2026-07-13T09:05:02+00:00,payment-api-7f8d0,payment-api,0,542.16,0.5295,0,
payment-api-7f8d0_303,2026-07-13T09:05:03+00:00,payment-api-7f8d0,payment-api,0,553.46,0.5405,0,
payment-api-7f8d0_304,2026-07-13T09:05:04+00:00,payment-api-7f8d0,payment-api,0,551.77,0.5388,0,
payment-api-7f8d0_305,2026-07-13T09:05:05+00:00,payment-api-7f8d0,payment-api,0,551.14,0.5382,0,
payment-api-7f8d0_306,2026-07-13T09:05:06+00:00,payment-api-7f8d0,payment-api,0,546.34,0.5335,0,
payment-api-7f8d0_307,2026-07-13T09:05:07+00:00,payment-api-7f8d0,payment-api,0,559.68,0.5466,0,
payment-api-7f8d0_308,2026-07-13T09:05:08+00:00,payment-api-7f8d0,payment-api,0,554.57,0.5416,0,
payment-api-7f8d0_309,2026-07-13T09:05:09+00:00,payment-api-7f8d0,payment-api,0,559.44,0.5463,0,
payment-api-7f8d0_310,2026-07-13T09:05:10+00:00,payment-api-7f8d0,payment-api,0,563.52,0.5503,0,
payment-api-7f8d0_311,2026-07-13T09:05:11+00:00,payment-api-7f8d0,payment-api,0,574.66,0.5612,0,
payment-api-7f8d0_312,2026-07-13T09:05:12+00:00,payment-api-7f8d0,payment-api,0,560.81,0.5477,0,
payment-api-7f8d0_313,2026-07-13T09:05:13+00:00,payment-api-7f8d0,payment-api,0,577.44,0.5639,0,
payment-api-7f8d0_314,2026-07-13T09:05:14+00:00,payment-api-7f8d0,payment-api,0,583.86,0.5702,0,
payment-api-7f8d0_315,2026-07-13T09:05:15+00:00,payment-api-7f8d0,payment-api,0,559.13,0.546,0,
payment-api-7f8d0_316,2026-07-13T09:05:16+00:00,payment-api-7f8d0,payment-api,0,576.36,0.5629,0,
payment-api-7f8d0_317,2026-07-13T09:05:17+00:00,payment-api-7f8d0,payment-api,0,578.07,0.5645,0,
payment-api-7f8d0_318,2026-07-13T09:05:18+00:00,payment-api-7f8d0,payment-api,0,570.63,0.5573,0,
payment-api-7f8d0_319,2026-07-13T09:05:19+00:00,payment-api-7f8d0,payment-api,0,564.98,0.5517,0,
payment-api-7f8d0_320,2026-07-13T09:05:20+00:00,payment-api-7f8d0,payment-api,0,596.86,0.5829,0,
payment-api-7f8d0_321,2026-07-13T09:05:21+00:00,payment-api-7f8d0,payment-api,0,579.39,0.5658,0,
payment-api-7f8d0_322,2026-07-13T09:05:22+00:00,payment-api-7f8d0,payment-api,0,574.34,0.5609,0,
payment-api-7f8d0_323,2026-07-13T09:05:23+00:00,payment-api-7f8d0,payment-api,0,574.47,0.561,0,
payment-api-7f8d0_324,2026-07-13T09:05:24+00:00,payment-api-7f8d0,payment-api,0,566.27,0.553,0,
payment-api-7f8d0_325,2026-07-13T09:05:25+00:00,payment-api-7f8d0,payment-api,0,591.52,0.5777,0,
payment-api-7f8d0_326,2026-07-13T09:05:26+00:00,payment-api-7f8d0,payment-api,0,600.11,0.586,0,
payment-api-7f8d0_327,2026-07-13T09:05:27+00:00,payment-api-7f8d0,payment-api,0,595.04,0.5811,0,
payment-api-7f8d0_328,2026-07-13T09:05:28+00:00,payment-api-7f8d0,payment-api,0,600.67,0.5866,0,
payment-api-7f8d0_329,2026-07-13T09:05:29+00:00,payment-api-7f8d0,payment-api,0,580.38,0.5668,0,
payment-api-7f8d0_330,2026-07-13T09:05:30+00:00,payment-api-7f8d0,payment-api,0,596.68,0.5827,0,
payment-api-7f8d0_331,2026-07-13T09:05:31+00:00,payment-api-7f8d0,payment-api,0,582.86,0.5692,0,
payment-api-7f8d0_332,2026-07-13T09:05:32+00:00,payment-api-7f8d0,payment-api,0,598.58,0.5846,0,
payment-api-7f8d0_333,2026-07-13T09:05:33+00:00,payment-api-7f8d0,payment-api,0,609.99,0.5957,0,
payment-api-7f8d0_334,2026-07-13T09:05:34+00:00,payment-api-7f8d0,payment-api,0,611.88,0.5975,0,
payment-api-7f8d0_335,2026-07-13T09:05:35+00:00,payment-api-7f8d0,payment-api,0,632.11,0.6173,0,
payment-api-7f8d0_336,2026-07-13T09:05:36+00:00,payment-api-7f8d0,payment-api,0,601.64,0.5875,0,
payment-api-7f8d0_337,2026-07-13T09:05:37+00:00,payment-api-7f8d0,payment-api,0,595.89,0.5819,0,
payment-api-7f8d0_338,2026-07-13T09:05:38+00:00,payment-api-7f8d0,payment-api,0,594.17,0.5802,0,
payment-api-7f8d0_339,2026-07-13T09:05:39+00:00,payment-api-7f8d0,payment-api,0,601.59,0.5875,0,
payment-api-7f8d0_340,2026-07-13T09:05:40+00:00,payment-api-7f8d0,payment-api,0,611.59,0.5973,0,
payment-api-7f8d0_341,2026-07-13T09:05:41+00:00,payment-api-7f8d0,payment-api,0,600.65,0.5866,0,
payment-api-7f8d0_342,2026-07-13T09:05:42+00:00,payment-api-7f8d0,payment-api,0,618.8,0.6043,0,
payment-api-7f8d0_343,2026-07-13T09:05:43+00:00,payment-api-7f8d0,payment-api,0,599.83,0.5858,0,
payment-api-7f8d0_344,2026-07-13T09:05:44+00:00,payment-api-7f8d0,payment-api,0,608.85,0.5946,0,
payment-api-7f8d0_345,2026-07-13T09:05:45+00:00,payment-api-7f8d0,payment-api,0,625.34,0.6107,0,
payment-api-7f8d0_346,2026-07-13T09:05:46+00:00,payment-api-7f8d0,payment-api,0,622.5,0.6079,0,
payment-api-7f8d0_347,2026-07-13T09:05:47+00:00,payment-api-7f8d0,payment-api,0,625.13,0.6105,0,
payment-api-7f8d0_348,2026-07-13T09:05:48+00:00,payment-api-7f8d0,payment-api,0,611.03,0.5967,0,
payment-api-7f8d0_349,2026-07-13T09:05:49+00:00,payment-api-7f8d0,payment-api,0,617.78,0.6033,0,
payment-api-7f8d0_350,2026-07-13T09:05:50+00:00,payment-api-7f8d0,payment-api,0,630.81,0.616,0,
payment-api-7f8d0_351,2026-07-13T09:05:51+00:00,payment-api-7f8d0,payment-api,0,625.77,0.6111,0,
payment-api-7f8d0_352,2026-07-13T09:05:52+00:00,payment-api-7f8d0,payment-api,0,615.17,0.6008,0,
payment-api-7f8d0_353,2026-07-13T09:05:53+00:00,payment-api-7f8d0,payment-api,0,622.12,0.6075,0,
payment-api-7f8d0_354,2026-07-13T09:05:54+00:00,payment-api-7f8d0,payment-api,0,624.21,0.6096,0,
payment-api-7f8d0_355,2026-07-13T09:05:55+00:00,payment-api-7f8d0,payment-api,0,631.36,0.6166,0,
payment-api-7f8d0_356,2026-07-13T09:05:56+00:00,payment-api-7f8d0,payment-api,0,632.76,0.6179,0,
payment-api-7f8d0_357,2026-07-13T09:05:57+00:00,payment-api-7f8d0,payment-api,0,640.56,0.6255,0,
payment-api-7f8d0_358,2026-07-13T09:05:58+00:00,payment-api-7f8d0,payment-api,0,627.79,0.6131,0,
payment-api-7f8d0_359,2026-07-13T09:05:59+00:00,payment-api-7f8d0,payment-api,0,627.87,0.6132,0,
payment-api-7f8d0_360,2026-07-13T09:06:00+00:00,payment-api-7f8d0,payment-api,0,632.15,0.6173,0,
payment-api-7f8d0_361,2026-07-13T09:06:01+00:00,payment-api-7f8d0,payment-api,0,645.4,0.6303,0,
payment-api-7f8d0_362,2026-07-13T09:06:02+00:00,payment-api-7f8d0,payment-api,0,632.9,0.6181,0,
payment-api-7f8d0_363,2026-07-13T09:06:03+00:00,payment-api-7f8d0,payment-api,0,655.62,0.6403,0,
payment-api-7f8d0_364,2026-07-13T09:06:04+00:00,payment-api-7f8d0,payment-api,0,632.39,0.6176,0,
payment-api-7f8d0_365,2026-07-13T09:06:05+00:00,payment-api-7f8d0,payment-api,0,662.3,0.6468,0,
payment-api-7f8d0_366,2026-07-13T09:06:06+00:00,payment-api-7f8d0,payment-api,0,659.52,0.6441,0,
payment-api-7f8d0_367,2026-07-13T09:06:07+00:00,payment-api-7f8d0,payment-api,0,638.8,0.6238,0,
payment-api-7f8d0_368,2026-07-13T09:06:08+00:00,payment-api-7f8d0,payment-api,0,657.21,0.6418,0,
payment-api-7f8d0_369,2026-07-13T09:06:09+00:00,payment-api-7f8d0,payment-api,0,658.92,0.6435,0,
payment-api-7f8d0_370,2026-07-13T09:06:10+00:00,payment-api-7f8d0,payment-api,0,639.81,0.6248,0,
payment-api-7f8d0_371,2026-07-13T09:06:11+00:00,payment-api-7f8d0,payment-api,0,655.35,0.64,0,
payment-api-7f8d0_372,2026-07-13T09:06:12+00:00,payment-api-7f8d0,payment-api,0,648.63,0.6334,0,
payment-api-7f8d0_373,2026-07-13T09:06:13+00:00,payment-api-7f8d0,payment-api,0,650.55,0.6353,0,
payment-api-7f8d0_374,2026-07-13T09:06:14+00:00,payment-api-7f8d0,payment-api,0,666.43,0.6508,0,
payment-api-7f8d0_375,2026-07-13T09:06:15+00:00,payment-api-7f8d0,payment-api,0,655.24,0.6399,0,
payment-api-7f8d0_376,2026-07-13T09:06:16+00:00,payment-api-7f8d0,payment-api,0,667.46,0.6518,0,
payment-api-7f8d0_377,2026-07-13T09:06:17+00:00,payment-api-7f8d0,payment-api,0,659.41,0.644,0,
payment-api-7f8d0_378,2026-07-13T09:06:18+00:00,payment-api-7f8d0,payment-api,0,660.06,0.6446,0,
payment-api-7f8d0_379,2026-07-13T09:06:19+00:00,payment-api-7f8d0,payment-api,0,673.68,0.6579,0,
payment-api-7f8d0_380,2026-07-13T09:06:20+00:00,payment-api-7f8d0,payment-api,0,680.65,0.6647,0,
payment-api-7f8d0_381,2026-07-13T09:06:21+00:00,payment-api-7f8d0,payment-api,0,676.69,0.6608,0,
payment-api-7f8d0_382,2026-07-13T09:06:22+00:00,payment-api-7f8d0,payment-api,0,693.75,0.6775,0,
payment-api-7f8d0_383,2026-07-13T09:06:23+00:00,payment-api-7f8d0,payment-api,0,670.91,0.6552,0,
payment-api-7f8d0_384,2026-07-13T09:06:24+00:00,payment-api-7f8d0,payment-api,0,674.32,0.6585,0,
payment-api-7f8d0_385,2026-07-13T09:06:25+00:00,payment-api-7f8d0,payment-api,0,682.59,0.6666,0,
payment-api-7f8d0_386,2026-07-13T09:06:26+00:00,payment-api-7f8d0,payment-api,0,684.84,0.6688,0,
payment-api-7f8d0_387,2026-07-13T09:06:27+00:00,payment-api-7f8d0,payment-api,0,683.86,0.6678,0,
payment-api-7f8d0_388,2026-07-13T09:06:28+00:00,payment-api-7f8d0,payment-api,0,683.2,0.6672,0,
payment-api-7f8d0_389,2026-07-13T09:06:29+00:00,payment-api-7f8d0,payment-api,0,690.87,0.6747,0,
payment-api-7f8d0_390,2026-07-13T09:06:30+00:00,payment-api-7f8d0,payment-api,0,680.78,0.6648,0,
payment-api-7f8d0_391,2026-07-13T09:06:31+00:00,payment-api-7f8d0,payment-api,0,691.27,0.6751,0,
payment-api-7f8d0_392,2026-07-13T09:06:32+00:00,payment-api-7f8d0,payment-api,0,690.26,0.6741,0,
payment-api-7f8d0_393,2026-07-13T09:06:33+00:00,payment-api-7f8d0,payment-api,0,700.86,0.6844,0,
payment-api-7f8d0_394,2026-07-13T09:06:34+00:00,payment-api-7f8d0,payment-api,0,681.23,0.6653,0,
payment-api-7f8d0_395,2026-07-13T09:06:35+00:00,payment-api-7f8d0,payment-api,0,701.1,0.6847,0,
payment-api-7f8d0_396,2026-07-13T09:06:36+00:00,payment-api-7f8d0,payment-api,0,705.23,0.6887,0,
payment-api-7f8d0_397,2026-07-13T09:06:37+00:00,payment-api-7f8d0,payment-api,0,696.28,0.68,0,
payment-api-7f8d0_398,2026-07-13T09:06:38+00:00,payment-api-7f8d0,payment-api,0,698.46,0.6821,0,
payment-api-7f8d0_399,2026-07-13T09:06:39+00:00,payment-api-7f8d0,payment-api,0,704.61,0.6881,0,
payment-api-7f8d0_400,2026-07-13T09:06:40+00:00,payment-api-7f8d0,payment-api,0,697.35,0.681,0,
payment-api-7f8d0_401,2026-07-13T09:06:41+00:00,payment-api-7f8d0,payment-api,0,700.06,0.6837,0,
payment-api-7f8d0_402,2026-07-13T09:06:42+00:00,payment-api-7f8d0,payment-api,0,695.94,0.6796,0,
payment-api-7f8d0_403,2026-07-13T09:06:43+00:00,payment-api-7f8d0,payment-api,0,704.32,0.6878,0,
payment-api-7f8d0_404,2026-07-13T09:06:44+00:00,payment-api-7f8d0,payment-api,0,712.58,0.6959,0,
payment-api-7f8d0_405,2026-07-13T09:06:45+00:00,payment-api-7f8d0,payment-api,0,708.23,0.6916,0,
payment-api-7f8d0_406,2026-07-13T09:06:46+00:00,payment-api-7f8d0,payment-api,0,711.45,0.6948,0,
payment-api-7f8d0_407,2026-07-13T09:06:47+00:00,payment-api-7f8d0,payment-api,0,727.64,0.7106,0,
payment-api-7f8d0_408,2026-07-13T09:06:48+00:00,payment-api-7f8d0,payment-api,0,710.93,0.6943,0,
payment-api-7f8d0_409,2026-07-13T09:06:49+00:00,payment-api-7f8d0,payment-api,0,724.77,0.7078,0,
payment-api-7f8d0_410,2026-07-13T09:06:50+00:00,payment-api-7f8d0,payment-api,0,710.11,0.6935,0,
payment-api-7f8d0_411,2026-07-13T09:06:51+00:00,payment-api-7f8d0,payment-api,0,727.53,0.7105,0,
payment-api-7f8d0_412,2026-07-13T09:06:52+00:00,payment-api-7f8d0,payment-api,0,710.89,0.6942,0,
payment-api-7f8d0_413,2026-07-13T09:06:53+00:00,payment-api-7f8d0,payment-api,0,718.9,0.7021,0,
payment-api-7f8d0_414,2026-07-13T09:06:54+00:00,payment-api-7f8d0,payment-api,0,715.85,0.6991,0,
payment-api-7f8d0_415,2026-07-13T09:06:55+00:00,payment-api-7f8d0,payment-api,0,723.38,0.7064,0,
payment-api-7f8d0_416,2026-07-13T09:06:56+00:00,payment-api-7f8d0,payment-api,0,721.5,0.7046,0,
payment-api-7f8d0_417,2026-07-13T09:06:57+00:00,payment-api-7f8d0,payment-api,0,722.02,0.7051,0,
payment-api-7f8d0_418,2026-07-13T09:06:58+00:00,payment-api-7f8d0,payment-api,0,732.38,0.7152,0,
payment-api-7f8d0_419,2026-07-13T09:06:59+00:00,payment-api-7f8d0,payment-api,0,734.78,0.7176,0,
payment-api-7f8d0_420,2026-07-13T09:07:00+00:00,payment-api-7f8d0,payment-api,0,736.95,0.7197,0,
payment-api-7f8d0_421,2026-07-13T09:07:01+00:00,payment-api-7f8d0,payment-api,0,720.05,0.7032,0,
payment-api-7f8d0_422,2026-07-13T09:07:02+00:00,payment-api-7f8d0,payment-api,0,736.12,0.7189,0,
payment-api-7f8d0_423,2026-07-13T09:07:03+00:00,payment-api-7f8d0,payment-api,0,727.06,0.71,0,
payment-api-7f8d0_424,2026-07-13T09:07:04+00:00,payment-api-7f8d0,payment-api,0,731.97,0.7148,0,
payment-api-7f8d0_425,2026-07-13T09:07:05+00:00,payment-api-7f8d0,payment-api,0,728.77,0.7117,0,
payment-api-7f8d0_426,2026-07-13T09:07:06+00:00,payment-api-7f8d0,payment-api,0,743.65,0.7262,0,
payment-api-7f8d0_427,2026-07-13T09:07:07+00:00,payment-api-7f8d0,payment-api,0,740.23,0.7229,0,
payment-api-7f8d0_428,2026-07-13T09:07:08+00:00,payment-api-7f8d0,payment-api,0,734.78,0.7176,0,
payment-api-7f8d0_429,2026-07-13T09:07:09+00:00,payment-api-7f8d0,payment-api,0,746.05,0.7286,0,
payment-api-7f8d0_430,2026-07-13T09:07:10+00:00,payment-api-7f8d0,payment-api,0,744.75,0.7273,0,
payment-api-7f8d0_431,2026-07-13T09:07:11+00:00,payment-api-7f8d0,payment-api,0,743.44,0.726,0,
payment-api-7f8d0_432,2026-07-13T09:07:12+00:00,payment-api-7f8d0,payment-api,0,752.39,0.7348,0,
payment-api-7f8d0_433,2026-07-13T09:07:13+00:00,payment-api-7f8d0,payment-api,0,753.67,0.736,0,
payment-api-7f8d0_434,2026-07-13T09:07:14+00:00,payment-api-7f8d0,payment-api,0,749.14,0.7316,0,
payment-api-7f8d0_435,2026-07-13T09:07:15+00:00,payment-api-7f8d0,payment-api,0,742.28,0.7249,0,
payment-api-7f8d0_436,2026-07-13T09:07:16+00:00,payment-api-7f8d0,payment-api,0,745.18,0.7277,0,
payment-api-7f8d0_437,2026-07-13T09:07:17+00:00,payment-api-7f8d0,payment-api,0,771.4,0.7533,0,
payment-api-7f8d0_438,2026-07-13T09:07:18+00:00,payment-api-7f8d0,payment-api,0,758.04,0.7403,0,
payment-api-7f8d0_439,2026-07-13T09:07:19+00:00,payment-api-7f8d0,payment-api,0,743.71,0.7263,0,
payment-api-7f8d0_440,2026-07-13T09:07:20+00:00,payment-api-7f8d0,payment-api,0,751.66,0.734,0,
payment-api-7f8d0_441,2026-07-13T09:07:21+00:00,payment-api-7f8d0,payment-api,0,761.51,0.7437,0,
payment-api-7f8d0_442,2026-07-13T09:07:22+00:00,payment-api-7f8d0,payment-api,0,753.75,0.7361,0,
payment-api-7f8d0_443,2026-07-13T09:07:23+00:00,payment-api-7f8d0,payment-api,0,768.76,0.7507,0,
payment-api-7f8d0_444,2026-07-13T09:07:24+00:00,payment-api-7f8d0,payment-api,0,771.49,0.7534,0,
payment-api-7f8d0_445,2026-07-13T09:07:25+00:00,payment-api-7f8d0,payment-api,0,772.79,0.7547,0,
payment-api-7f8d0_446,2026-07-13T09:07:26+00:00,payment-api-7f8d0,payment-api,0,776.25,0.7581,0,
payment-api-7f8d0_447,2026-07-13T09:07:27+00:00,payment-api-7f8d0,payment-api,0,766.19,0.7482,0,
payment-api-7f8d0_448,2026-07-13T09:07:28+00:00,payment-api-7f8d0,payment-api,0,765.09,0.7472,0,
payment-api-7f8d0_449,2026-07-13T09:07:29+00:00,payment-api-7f8d0,payment-api,0,771.28,0.7532,0,
payment-api-7f8d0_450,2026-07-13T09:07:30+00:00,payment-api-7f8d0,payment-api,0,768.93,0.7509,0,
payment-api-7f8d0_451,2026-07-13T09:07:31+00:00,payment-api-7f8d0,payment-api,0,785.85,0.7674,0,
payment-api-7f8d0_452,2026-07-13T09:07:32+00:00,payment-api-7f8d0,payment-api,0,781.43,0.7631,0,
payment-api-7f8d0_453,2026-07-13T09:07:33+00:00,payment-api-7f8d0,payment-api,0,769.8,0.7518,0,
payment-api-7f8d0_454,2026-07-13T09:07:34+00:00,payment-api-7f8d0,payment-api,0,788.98,0.7705,0,
payment-api-7f8d0_455,2026-07-13T09:07:35+00:00,payment-api-7f8d0,payment-api,0,793.72,0.7751,0,
payment-api-7f8d0_456,2026-07-13T09:07:36+00:00,payment-api-7f8d0,payment-api,0,781.34,0.763,0,
payment-api-7f8d0_457,2026-07-13T09:07:37+00:00,payment-api-7f8d0,payment-api,0,780.58,0.7623,0,
payment-api-7f8d0_458,2026-07-13T09:07:38+00:00,payment-api-7f8d0,payment-api,0,778.72,0.7605,0,
payment-api-7f8d0_459,2026-07-13T09:07:39+00:00,payment-api-7f8d0,payment-api,0,778.25,0.76,0,
payment-api-7f8d0_460,2026-07-13T09:07:40+00:00,payment-api-7f8d0,payment-api,0,796.83,0.7782,0,
payment-api-7f8d0_461,2026-07-13T09:07:41+00:00,payment-api-7f8d0,payment-api,0,806.37,0.7875,0,
payment-api-7f8d0_462,2026-07-13T09:07:42+00:00,payment-api-7f8d0,payment-api,0,792.48,0.7739,0,
payment-api-7f8d0_463,2026-07-13T09:07:43+00:00,payment-api-7f8d0,payment-api,0,789.32,0.7708,0,
payment-api-7f8d0_464,2026-07-13T09:07:44+00:00,payment-api-7f8d0,payment-api,0,780.98,0.7627,0,
payment-api-7f8d0_465,2026-07-13T09:07:45+00:00,payment-api-7f8d0,payment-api,0,819.48,0.8003,0,
payment-api-7f8d0_466,2026-07-13T09:07:46+00:00,payment-api-7f8d0,payment-api,0,797.58,0.7789,0,
payment-api-7f8d0_467,2026-07-13T09:07:47+00:00,payment-api-7f8d0,payment-api,0,817.54,0.7984,0,
payment-api-7f8d0_468,2026-07-13T09:07:48+00:00,payment-api-7f8d0,payment-api,0,802.49,0.7837,0,
payment-api-7f8d0_469,2026-07-13T09:07:49+00:00,payment-api-7f8d0,payment-api,0,793.56,0.775,0,
payment-api-7f8d0_470,2026-07-13T09:07:50+00:00,payment-api-7f8d0,payment-api,0,814.81,0.7957,0,
payment-api-7f8d0_471,2026-07-13T09:07:51+00:00,payment-api-7f8d0,payment-api,0,813.07,0.794,0,
payment-api-7f8d0_472,2026-07-13T09:07:52+00:00,payment-api-7f8d0,payment-api,0,810.47,0.7915,0,
payment-api-7f8d0_473,2026-07-13T09:07:53+00:00,payment-api-7f8d0,payment-api,0,807.4,0.7885,0,
payment-api-7f8d0_474,2026-07-13T09:07:54+00:00,payment-api-7f8d0,payment-api,0,801.35,0.7826,0,
payment-api-7f8d0_475,2026-07-13T09:07:55+00:00,payment-api-7f8d0,payment-api,0,814.63,0.7955,0,
payment-api-7f8d0_476,2026-07-13T09:07:56+00:00,payment-api-7f8d0,payment-api,0,826.38,0.807,0,
payment-api-7f8d0_477,2026-07-13T09:07:57+00:00,payment-api-7f8d0,payment-api,0,811.82,0.7928,0,
payment-api-7f8d0_478,2026-07-13T09:07:58+00:00,payment-api-7f8d0,payment-api,0,838.14,0.8185,0,
payment-api-7f8d0_479,2026-07-13T09:07:59+00:00,payment-api-7f8d0,payment-api,0,823.01,0.8037,0,
payment-api-7f8d0_480,2026-07-13T09:08:00+00:00,payment-api-7f8d0,payment-api,0,821.8,0.8025,0,
payment-api-7f8d0_481,2026-07-13T09:08:01+00:00,payment-api-7f8d0,payment-api,0,814.21,0.7951,0,
payment-api-7f8d0_482,2026-07-13T09:08:02+00:00,payment-api-7f8d0,payment-api,0,830.73,0.8113,0,
payment-api-7f8d0_483,2026-07-13T09:08:03+00:00,payment-api-7f8d0,payment-api,0,846.56,0.8267,0,
payment-api-7f8d0_484,2026-07-13T09:08:04+00:00,payment-api-7f8d0,payment-api,0,830.33,0.8109,0,
payment-api-7f8d0_485,2026-07-13T09:08:05+00:00,payment-api-7f8d0,payment-api,0,832.37,0.8129,0,
payment-api-7f8d0_486,2026-07-13T09:08:06+00:00,payment-api-7f8d0,payment-api,0,833.33,0.8138,0,
payment-api-7f8d0_487,2026-07-13T09:08:07+00:00,payment-api-7f8d0,payment-api,0,830.82,0.8113,0,
payment-api-7f8d0_488,2026-07-13T09:08:08+00:00,payment-api-7f8d0,payment-api,0,829.66,0.8102,0,
payment-api-7f8d0_489,2026-07-13T09:08:09+00:00,payment-api-7f8d0,payment-api,0,834.06,0.8145,0,
payment-api-7f8d0_490,2026-07-13T09:08:10+00:00,payment-api-7f8d0,payment-api,0,839.96,0.8203,0,
payment-api-7f8d0_491,2026-07-13T09:08:11+00:00,payment-api-7f8d0,payment-api,0,838.58,0.8189,0,
payment-api-7f8d0_492,2026-07-13T09:08:12+00:00,payment-api-7f8d0,payment-api,0,852.74,0.8328,0,
payment-api-7f8d0_493,2026-07-13T09:08:13+00:00,payment-api-7f8d0,payment-api,0,849.14,0.8292,0,
payment-api-7f8d0_494,2026-07-13T09:08:14+00:00,payment-api-7f8d0,payment-api,0,836.97,0.8174,0,
payment-api-7f8d0_495,2026-07-13T09:08:15+00:00,payment-api-7f8d0,payment-api,0,861.62,0.8414,0,
payment-api-7f8d0_496,2026-07-13T09:08:16+00:00,payment-api-7f8d0,payment-api,0,854.29,0.8343,0,
payment-api-7f8d0_497,2026-07-13T09:08:17+00:00,payment-api-7f8d0,payment-api,0,856.58,0.8365,0,
payment-api-7f8d0_498,2026-07-13T09:08:18+00:00,payment-api-7f8d0,payment-api,0,837.34,0.8177,0,
payment-api-7f8d0_499,2026-07-13T09:08:19+00:00,payment-api-7f8d0,payment-api,0,836.05,0.8165,0,
payment-api-7f8d0_500,2026-07-13T09:08:20+00:00,payment-api-7f8d0,payment-api,0,851.62,0.8317,0,
payment-api-7f8d0_501,2026-07-13T09:08:21+00:00,payment-api-7f8d0,payment-api,0,849.38,0.8295,0,
payment-api-7f8d0_502,2026-07-13T09:08:22+00:00,payment-api-7f8d0,payment-api,0,863.05,0.8428,0,
payment-api-7f8d0_503,2026-07-13T09:08:23+00:00,payment-api-7f8d0,payment-api,0,868.72,0.8484,0,
payment-api-7f8d0_504,2026-07-13T09:08:24+00:00,payment-api-7f8d0,payment-api,0,876.6,0.8561,0,
payment-api-7f8d0_505,2026-07-13T09:08:25+00:00,payment-api-7f8d0,payment-api,0,862.02,0.8418,0,
payment-api-7f8d0_506,2026-07-13T09:08:26+00:00,payment-api-7f8d0,payment-api,0,882.35,0.8617,0,
payment-api-7f8d0_507,2026-07-13T09:08:27+00:00,payment-api-7f8d0,payment-api,0,858.18,0.8381,0,
payment-api-7f8d0_508,2026-07-13T09:08:28+00:00,payment-api-7f8d0,payment-api,0,869.77,0.8494,0,
payment-api-7f8d0_509,2026-07-13T09:08:29+00:00,payment-api-7f8d0,payment-api,0,863.94,0.8437,0,
payment-api-7f8d0_510,2026-07-13T09:08:30+00:00,payment-api-7f8d0,payment-api,0,872.8,0.8523,0,
payment-api-7f8d0_511,2026-07-13T09:08:31+00:00,payment-api-7f8d0,payment-api,0,878.3,0.8577,0,
payment-api-7f8d0_512,2026-07-13T09:08:32+00:00,payment-api-7f8d0,payment-api,0,878.45,0.8579,0,
payment-api-7f8d0_513,2026-07-13T09:08:33+00:00,payment-api-7f8d0,payment-api,0,873.63,0.8532,0,
payment-api-7f8d0_514,2026-07-13T09:08:34+00:00,payment-api-7f8d0,payment-api,0,883.51,0.8628,0,
payment-api-7f8d0_515,2026-07-13T09:08:35+00:00,payment-api-7f8d0,payment-api,0,881.52,0.8609,0,
payment-api-7f8d0_516,2026-07-13T09:08:36+00:00,payment-api-7f8d0,payment-api,0,886.27,0.8655,0,
payment-api-7f8d0_517,2026-07-13T09:08:37+00:00,payment-api-7f8d0,payment-api,0,877.56,0.857,0,
payment-api-7f8d0_518,2026-07-13T09:08:38+00:00,payment-api-7f8d0,payment-api,0,894.98,0.874,0,
payment-api-7f8d0_519,2026-07-13T09:08:39+00:00,payment-api-7f8d0,payment-api,0,870.35,0.85,0,
payment-api-7f8d0_520,2026-07-13T09:08:40+00:00,payment-api-7f8d0,payment-api,0,891.86,0.871,0,
payment-api-7f8d0_521,2026-07-13T09:08:41+00:00,payment-api-7f8d0,payment-api,0,883.59,0.8629,0,
payment-api-7f8d0_522,2026-07-13T09:08:42+00:00,payment-api-7f8d0,payment-api,0,876.95,0.8564,0,
payment-api-7f8d0_523,2026-07-13T09:08:43+00:00,payment-api-7f8d0,payment-api,0,885.72,0.865,0,
payment-api-7f8d0_524,2026-07-13T09:08:44+00:00,payment-api-7f8d0,payment-api,0,888.02,0.8672,0,
payment-api-7f8d0_525,2026-07-13T09:08:45+00:00,payment-api-7f8d0,payment-api,0,900.76,0.8796,0,
payment-api-7f8d0_526,2026-07-13T09:08:46+00:00,payment-api-7f8d0,payment-api,0,880.02,0.8594,0,
payment-api-7f8d0_527,2026-07-13T09:08:47+00:00,payment-api-7f8d0,payment-api,0,899.67,0.8786,0,
payment-api-7f8d0_528,2026-07-13T09:08:48+00:00,payment-api-7f8d0,payment-api,0,897.46,0.8764,0,
payment-api-7f8d0_529,2026-07-13T09:08:49+00:00,payment-api-7f8d0,payment-api,0,892.49,0.8716,0,
payment-api-7f8d0_530,2026-07-13T09:08:50+00:00,payment-api-7f8d0,payment-api,0,892.55,0.8716,0,
payment-api-7f8d0_531,2026-07-13T09:08:51+00:00,payment-api-7f8d0,payment-api,0,898.87,0.8778,0,
payment-api-7f8d0_532,2026-07-13T09:08:52+00:00,payment-api-7f8d0,payment-api,0,899.37,0.8783,0,
payment-api-7f8d0_533,2026-07-13T09:08:53+00:00,payment-api-7f8d0,payment-api,0,897.39,0.8764,0,
payment-api-7f8d0_534,2026-07-13T09:08:54+00:00,payment-api-7f8d0,payment-api,0,914.53,0.8931,0,
payment-api-7f8d0_535,2026-07-13T09:08:55+00:00,payment-api-7f8d0,payment-api,0,904.05,0.8829,0,
payment-api-7f8d0_536,2026-07-13T09:08:56+00:00,payment-api-7f8d0,payment-api,0,904.01,0.8828,0,
payment-api-7f8d0_537,2026-07-13T09:08:57+00:00,payment-api-7f8d0,payment-api,0,913.91,0.8925,0,
payment-api-7f8d0_538,2026-07-13T09:08:58+00:00,payment-api-7f8d0,payment-api,0,908.49,0.8872,0,
payment-api-7f8d0_539,2026-07-13T09:08:59+00:00,payment-api-7f8d0,payment-api,0,900.41,0.8793,0,
payment-api-7f8d0_540,2026-07-13T09:09:00+00:00,payment-api-7f8d0,payment-api,1,928.51,0.9067,1,30
payment-api-7f8d0_541,2026-07-13T09:09:01+00:00,payment-api-7f8d0,payment-api,1,929.06,0.9073,1,29
payment-api-7f8d0_542,2026-07-13T09:09:02+00:00,payment-api-7f8d0,payment-api,1,934.75,0.9128,1,28
payment-api-7f8d0_543,2026-07-13T09:09:03+00:00,payment-api-7f8d0,payment-api,0,917.94,0.8964,1,27
payment-api-7f8d0_544,2026-07-13T09:09:04+00:00,payment-api-7f8d0,payment-api,0,919.43,0.8979,1,26
payment-api-7f8d0_545,2026-07-13T09:09:05+00:00,payment-api-7f8d0,payment-api,1,935.37,0.9134,1,25
payment-api-7f8d0_546,2026-07-13T09:09:06+00:00,payment-api-7f8d0,payment-api,1,922.5,0.9009,1,24
payment-api-7f8d0_547,2026-07-13T09:09:07+00:00,payment-api-7f8d0,payment-api,1,942.07,0.92,1,23
payment-api-7f8d0_548,2026-07-13T09:09:08+00:00,payment-api-7f8d0,payment-api,1,923.75,0.9021,1,22
payment-api-7f8d0_549,2026-07-13T09:09:09+00:00,payment-api-7f8d0,payment-api,1,940.42,0.9184,1,21
payment-api-7f8d0_550,2026-07-13T09:09:10+00:00,payment-api-7f8d0,payment-api,1,930.85,0.909,1,20
payment-api-7f8d0_551,2026-07-13T09:09:11+00:00,payment-api-7f8d0,payment-api,1,938.81,0.9168,1,19
payment-api-7f8d0_552,2026-07-13T09:09:12+00:00,payment-api-7f8d0,payment-api,1,939.03,0.917,1,18
payment-api-7f8d0_553,2026-07-13T09:09:13+00:00,payment-api-7f8d0,payment-api,0,919.63,0.8981,1,17
payment-api-7f8d0_554,2026-07-13T09:09:14+00:00,payment-api-7f8d0,payment-api,1,937.84,0.9159,1,16
payment-api-7f8d0_555,2026-07-13T09:09:15+00:00,payment-api-7f8d0,payment-api,1,939.43,0.9174,1,15
payment-api-7f8d0_556,2026-07-13T09:09:16+00:00,payment-api-7f8d0,payment-api,1,936.66,0.9147,1,14
payment-api-7f8d0_557,2026-07-13T09:09:17+00:00,payment-api-7f8d0,payment-api,1,936.1,0.9142,1,13
payment-api-7f8d0_558,2026-07-13T09:09:18+00:00,payment-api-7f8d0,payment-api,1,938.45,0.9165,1,12
payment-api-7f8d0_559,2026-07-13T09:09:19+00:00,payment-api-7f8d0,payment-api,1,932.52,0.9107,1,11
payment-api-7f8d0_560,2026-07-13T09:09:20+00:00,payment-api-7f8d0,payment-api,1,948.41,0.9262,1,10
payment-api-7f8d0_561,2026-07-13T09:09:21+00:00,payment-api-7f8d0,payment-api,1,956.25,0.9338,1,9
payment-api-7f8d0_562,2026-07-13T09:09:22+00:00,payment-api-7f8d0,payment-api,1,951.61,0.9293,1,8
payment-api-7f8d0_563,2026-07-13T09:09:23+00:00,payment-api-7f8d0,payment-api,1,951.25,0.929,1,7
payment-api-7f8d0_564,2026-07-13T09:09:24+00:00,payment-api-7f8d0,payment-api,1,972.33,0.9495,1,6
payment-api-7f8d0_565,2026-07-13T09:09:25+00:00,payment-api-7f8d0,payment-api,1,948.94,0.9267,1,5
payment-api-7f8d0_566,2026-07-13T09:09:26+00:00,payment-api-7f8d0,payment-api,1,955.24,0.9329,1,4
payment-api-7f8d0_567,2026-07-13T09:09:27+00:00,payment-api-7f8d0,payment-api,1,963.29,0.9407,1,3
payment-api-7f8d0_568,2026-07-13T09:09:28+00:00,payment-api-7f8d0,payment-api,1,972.44,0.9496,1,2
payment-api-7f8d0_569,2026-07-13T09:09:29+00:00,payment-api-7f8d0,payment-api,1,968.61,0.9459,1,1
payment-api-7f8d0_570,2026-07-13T09:09:30+00:00,payment-api-7f8d0,payment-api,1,960.56,0.938,1,1
payment-api-7f8d0_571,2026-07-13T09:09:31+00:00,payment-api-7f8d0,payment-api,1,971.18,0.9484,1,1
payment-api-7f8d0_572,2026-07-13T09:09:32+00:00,payment-api-7f8d0,payment-api,1,969.14,0.9464,1,3
payment-api-7f8d0_573,2026-07-13T09:09:33+00:00,payment-api-7f8d0,payment-api,1,975.14,0.9523,1,2
payment-api-7f8d0_574,2026-07-13T09:09:34+00:00,payment-api-7f8d0,payment-api,1,971.48,0.9487,1,1
payment-api-7f8d0_575,2026-07-13T09:09:35+00:00,payment-api-7f8d0,payment-api,1,957.91,0.9355,1,1
payment-api-7f8d0_576,2026-07-13T09:09:36+00:00,payment-api-7f8d0,payment-api,1,986.31,0.9632,1,1
payment-api-7f8d0_577,2026-07-13T09:09:37+00:00,payment-api-7f8d0,payment-api,1,998.56,0.9752,1,1
payment-api-7f8d0_578,2026-07-13T09:09:38+00:00,payment-api-7f8d0,payment-api,1,957.02,0.9346,1,1
payment-api-7f8d0_579,2026-07-13T09:09:39+00:00,payment-api-7f8d0,payment-api,1,968.57,0.9459,1,1
payment-api-7f8d0_580,2026-07-13T09:09:40+00:00,payment-api-7f8d0,payment-api,1,985.23,0.9621,1,1
payment-api-7f8d0_581,2026-07-13T09:09:41+00:00,payment-api-7f8d0,payment-api,1,982.15,0.9591,1,1
payment-api-7f8d0_582,2026-07-13T09:09:42+00:00,payment-api-7f8d0,payment-api,1,996.05,0.9727,1,2
payment-api-7f8d0_583,2026-07-13T09:09:43+00:00,payment-api-7f8d0,payment-api,1,970.15,0.9474,1,1
payment-api-7f8d0_584,2026-07-13T09:09:44+00:00,payment-api-7f8d0,payment-api,1,981.95,0.9589,1,1
payment-api-7f8d0_585,2026-07-13T09:09:45+00:00,payment-api-7f8d0,payment-api,1,994.35,0.971,1,1
payment-api-7f8d0_586,2026-07-13T09:09:46+00:00,payment-api-7f8d0,payment-api,1,986.57,0.9634,1,1
payment-api-7f8d0_587,2026-07-13T09:09:47+00:00,payment-api-7f8d0,payment-api,1,991.18,0.9679,1,1
payment-api-7f8d0_588,2026-07-13T09:09:48+00:00,payment-api-7f8d0,payment-api,1,984.69,0.9616,1,1
payment-api-7f8d0_589,2026-07-13T09:09:49+00:00,payment-api-7f8d0,payment-api,1,1003.52,0.98,1,1
payment-api-7f8d0_590,2026-07-13T09:09:50+00:00,payment-api-7f8d0,payment-api,1,997.57,0.9742,1,1
payment-api-7f8d0_591,2026-07-13T09:09:51+00:00,payment-api-7f8d0,payment-api,1,987.17,0.964,1,1
payment-api-7f8d0_592,2026-07-13T09:09:52+00:00,payment-api-7f8d0,payment-api,1,994.03,0.9707,1,1
payment-api-7f8d0_593,2026-07-13T09:09:53+00:00,payment-api-7f8d0,payment-api,1,994.88,0.9716,1,1
payment-api-7f8d0_594,2026-07-13T09:09:54+00:00,payment-api-7f8d0,payment-api,1,1003.52,0.98,1,1
payment-api-7f8d0_595,2026-07-13T09:09:55+00:00,payment-api-7f8d0,payment-api,1,1003.52,0.98,1,1
payment-api-7f8d0_596,2026-07-13T09:09:56+00:00,payment-api-7f8d0,payment-api,1,986.29,0.9632,1,1
payment-api-7f8d0_597,2026-07-13T09:09:57+00:00,payment-api-7f8d0,payment-api,1,1003.52,0.98,1,1
payment-api-7f8d0_598,2026-07-13T09:09:58+00:00,payment-api-7f8d0,payment-api,1,1003.52,0.98,1,1
payment-api-7f8d0_599,2026-07-13T09:09:59+00:00,payment-api-7f8d0,payment-api,1,1003.52,0.98,1,1
payment-api-7f8d0_600,2026-07-13T09:10:00+00:00,payment-api-7f8d0,payment-api,1,995.06,0.9717,1,1
payment-api-7f8d0_601,2026-07-13T09:10:01+00:00,payment-api-7f8d0,payment-api,1,1003.52,0.98,1,1
payment-api-7f8d0_602,2026-07-13T09:10:02+00:00,payment-api-7f8d0,payment-api,1,1003.52,0.98,1,1
payment-api-7f8d0_603,2026-07-13T09:10:03+00:00,payment-api-7f8d0,payment-api,1,1003.52,0.98,1,1
payment-api-7f8d0_604,2026-07-13T09:10:04+00:00,payment-api-7f8d0,payment-api,1,1003.52,0.98,1,1
payment-api-7f8d0_605,2026-07-13T09:10:05+00:00,payment-api-7f8d0,payment-api,1,1003.52,0.98,1,1
payment-api-7f8d0_606,2026-07-13T09:10:06+00:00,payment-api-7f8d0,payment-api,1,1003.52,0.98,1,1
payment-api-7f8d0_607,2026-07-13T09:10:07+00:00,payment-api-7f8d0,payment-api,1,1003.52,0.98,1,1
payment-api-7f8d0_608,2026-07-13T09:10:08+00:00,payment-api-7f8d0,payment-api,1,1003.52,0.98,1,1
payment-api-7f8d0_609,2026-07-13T09:10:09+00:00,payment-api-7f8d0,payment-api,1,1003.52,0.98,1,1
payment-api-7f8d0_610,2026-07-13T09:10:10+00:00,payment-api-7f8d0,payment-api,1,1003.52,0.98,1,1
payment-api-7f8d0_611,2026-07-13T09:10:11+00:00,payment-api-7f8d0,payment-api,1,1003.52,0.98,1,1
payment-api-7f8d0_612,2026-07-13T09:10:12+00:00,payment-api-7f8d0,payment-api,1,1003.52,0.98,1,1
payment-api-7f8d0_613,2026-07-13T09:10:13+00:00,payment-api-7f8d0,payment-api,1,1003.52,0.98,1,1
payment-api-7f8d0_614,2026-07-13T09:10:14+00:00,payment-api-7f8d0,payment-api,1,1003.52,0.98,1,1
payment-api-7f8d0_615,2026-07-13T09:10:15+00:00,payment-api-7f8d0,payment-api,1,1003.52,0.98,1,1
payment-api-7f8d0_616,2026-07-13T09:10:16+00:00,payment-api-7f8d0,payment-api,1,1003.52,0.98,1,1
payment-api-7f8d0_617,2026-07-13T09:10:17+00:00,payment-api-7f8d0,payment-api,1,1003.52,0.98,1,1
payment-api-7f8d0_618,2026-07-13T09:10:18+00:00,payment-api-7f8d0,payment-api,1,1003.52,0.98,1,1
payment-api-7f8d0_619,2026-07-13T09:10:19+00:00,payment-api-7f8d0,payment-api,1,1003.52,0.98,1,1
payment-api-7f8d0_620,2026-07-13T09:10:20+00:00,payment-api-7f8d0,payment-api,1,1003.52,0.98,1,1
payment-api-7f8d0_621,2026-07-13T09:10:21+00:00,payment-api-7f8d0,payment-api,1,1003.52,0.98,1,1
payment-api-7f8d0_622,2026-07-13T09:10:22+00:00,payment-api-7f8d0,payment-api,1,1003.52,0.98,1,1
payment-api-7f8d0_623,2026-07-13T09:10:23+00:00,payment-api-7f8d0,payment-api,1,1003.52,0.98,1,1
payment-api-7f8d0_624,2026-07-13T09:10:24+00:00,payment-api-7f8d0,payment-api,1,1003.52,0.98,1,1
payment-api-7f8d0_625,2026-07-13T09:10:25+00:00,payment-api-7f8d0,payment-api,1,1003.52,0.98,1,1
payment-api-7f8d0_626,2026-07-13T09:10:26+00:00,payment-api-7f8d0,payment-api,1,1003.52,0.98,1,1
payment-api-7f8d0_627,2026-07-13T09:10:27+00:00,payment-api-7f8d0,payment-api,1,1003.52,0.98,1,1
payment-api-7f8d0_628,2026-07-13T09:10:28+00:00,payment-api-7f8d0,payment-api,1,1003.52,0.98,1,1
payment-api-7f8d0_629,2026-07-13T09:10:29+00:00,payment-api-7f8d0,payment-api,1,1003.52,0.98,1,1
payment-api-7f8d0_630,2026-07-13T09:10:30+00:00,payment-api-7f8d0,payment-api,1,1003.52,0.98,1,1
payment-api-7f8d0_631,2026-07-13T09:10:31+00:00,payment-api-7f8d0,payment-api,1,1003.52,0.98,1,1
payment-api-7f8d0_632,2026-07-13T09:10:32+00:00,payment-api-7f8d0,payment-api,1,1003.52,0.98,1,1
payment-api-7f8d0_633,2026-07-13T09:10:33+00:00,payment-api-7f8d0,payment-api,1,1003.52,0.98,1,1
payment-api-7f8d0_634,2026-07-13T09:10:34+00:00,payment-api-7f8d0,payment-api,1,1003.52,0.98,1,1
payment-api-7f8d0_635,2026-07-13T09:10:35+00:00,payment-api-7f8d0,payment-api,1,1003.52,0.98,1,1
payment-api-7f8d0_636,2026-07-13T09:10:36+00:00,payment-api-7f8d0,payment-api,1,1003.52,0.98,1,1
payment-api-7f8d0_637,2026-07-13T09:10:37+00:00,payment-api-7f8d0,payment-api,1,1003.52,0.98,1,1
payment-api-7f8d0_638,2026-07-13T09:10:38+00:00,payment-api-7f8d0,payment-api,1,1003.52,0.98,1,1
payment-api-7f8d0_639,2026-07-13T09:10:39+00:00,payment-api-7f8d0,payment-api,1,1003.52,0.98,1,1
payment-api-7f8d0_640,2026-07-13T09:10:40+00:00,payment-api-7f8d0,payment-api,1,1003.52,0.98,1,1
payment-api-7f8d0_641,2026-07-13T09:10:41+00:00,payment-api-7f8d0,payment-api,1,1003.52,0.98,1,1
payment-api-7f8d0_642,2026-07-13T09:10:42+00:00,payment-api-7f8d0,payment-api,1,1003.52,0.98,1,1
payment-api-7f8d0_643,2026-07-13T09:10:43+00:00,payment-api-7f8d0,payment-api,1,1003.52,0.98,1,1
payment-api-7f8d0_644,2026-07-13T09:10:44+00:00,payment-api-7f8d0,payment-api,1,1003.52,0.98,1,1
payment-api-7f8d0_645,2026-07-13T09:10:45+00:00,payment-api-7f8d0,payment-api,1,1003.52,0.98,1,1
payment-api-7f8d0_646,2026-07-13T09:10:46+00:00,payment-api-7f8d0,payment-api,1,1003.52,0.98,1,1
payment-api-7f8d0_647,2026-07-13T09:10:47+00:00,payment-api-7f8d0,payment-api,1,1003.52,0.98,1,1
payment-api-7f8d0_648,2026-07-13T09:10:48+00:00,payment-api-7f8d0,payment-api,1,1003.52,0.98,1,1
payment-api-7f8d0_649,2026-07-13T09:10:49+00:00,payment-api-7f8d0,payment-api,1,1003.52,0.98,1,1
payment-api-7f8d0_650,2026-07-13T09:10:50+00:00,payment-api-7f8d0,payment-api,1,1003.52,0.98,1,1
payment-api-7f8d0_651,2026-07-13T09:10:51+00:00,payment-api-7f8d0,payment-api,1,1003.52,0.98,1,1
payment-api-7f8d0_652,2026-07-13T09:10:52+00:00,payment-api-7f8d0,payment-api,1,1003.52,0.98,1,1
payment-api-7f8d0_653,2026-07-13T09:10:53+00:00,payment-api-7f8d0,payment-api,1,1003.52,0.98,1,1
payment-api-7f8d0_654,2026-07-13T09:10:54+00:00,payment-api-7f8d0,payment-api,1,1003.52,0.98,1,1
payment-api-7f8d0_655,2026-07-13T09:10:55+00:00,payment-api-7f8d0,payment-api,1,1003.52,0.98,1,1
payment-api-7f8d0_656,2026-07-13T09:10:56+00:00,payment-api-7f8d0,payment-api,1,1003.52,0.98,1,1
payment-api-7f8d0_657,2026-07-13T09:10:57+00:00,payment-api-7f8d0,payment-api,1,1003.52,0.98,1,1
payment-api-7f8d0_658,2026-07-13T09:10:58+00:00,payment-api-7f8d0,payment-api,1,1003.52,0.98,1,1
payment-api-7f8d0_659,2026-07-13T09:10:59+00:00,payment-api-7f8d0,payment-api,1,1003.52,0.98,1,1
payment-api-7f8d0_660,2026-07-13T09:11:00+00:00,payment-api-7f8d0,payment-api,1,1003.52,0.98,1,1
payment-api-7f8d0_661,2026-07-13T09:11:01+00:00,payment-api-7f8d0,payment-api,1,1003.52,0.98,1,1
payment-api-7f8d0_662,2026-07-13T09:11:02+00:00,payment-api-7f8d0,payment-api,1,1003.52,0.98,1,1
payment-api-7f8d0_663,2026-07-13T09:11:03+00:00,payment-api-7f8d0,payment-api,1,1003.52,0.98,1,1
payment-api-7f8d0_664,2026-07-13T09:11:04+00:00,payment-api-7f8d0,payment-api,1,1003.52,0.98,1,1
payment-api-7f8d0_665,2026-07-13T09:11:05+00:00,payment-api-7f8d0,payment-api,1,1003.52,0.98,1,1
payment-api-7f8d0_666,2026-07-13T09:11:06+00:00,payment-api-7f8d0,payment-api,1,1003.52,0.98,1,1
payment-api-7f8d0_667,2026-07-13T09:11:07+00:00,payment-api-7f8d0,payment-api,1,1003.52,0.98,1,1
payment-api-7f8d0_668,2026-07-13T09:11:08+00:00,payment-api-7f8d0,payment-api,1,1003.52,0.98,1,1
payment-api-7f8d0_669,2026-07-13T09:11:09+00:00,payment-api-7f8d0,payment-api,1,1003.52,0.98,1,1
payment-api-7f8d0_670,2026-07-13T09:11:10+00:00,payment-api-7f8d0,payment-api,1,1003.52,0.98,1,1
payment-api-7f8d0_671,2026-07-13T09:11:11+00:00,payment-api-7f8d0,payment-api,1,1003.52,0.98,1,1
payment-api-7f8d0_672,2026-07-13T09:11:12+00:00,payment-api-7f8d0,payment-api,1,1003.52,0.98,1,1
payment-api-7f8d0_673,2026-07-13T09:11:13+00:00,payment-api-7f8d0,payment-api,1,1003.52,0.98,1,1
payment-api-7f8d0_674,2026-07-13T09:11:14+00:00,payment-api-7f8d0,payment-api,1,1003.52,0.98,1,1
payment-api-7f8d0_675,2026-07-13T09:11:15+00:00,payment-api-7f8d0,payment-api,1,1003.52,0.98,1,1
payment-api-7f8d0_676,2026-07-13T09:11:16+00:00,payment-api-7f8d0,payment-api,1,1003.52,0.98,1,1
payment-api-7f8d0_677,2026-07-13T09:11:17+00:00,payment-api-7f8d0,payment-api,1,1003.52,0.98,1,1
payment-api-7f8d0_678,2026-07-13T09:11:18+00:00,payment-api-7f8d0,payment-api,1,1003.52,0.98,1,1
payment-api-7f8d0_679,2026-07-13T09:11:19+00:00,payment-api-7f8d0,payment-api,1,1003.52,0.98,1,1
payment-api-7f8d0_680,2026-07-13T09:11:20+00:00,payment-api-7f8d0,payment-api,1,1003.52,0.98,1,1
payment-api-7f8d0_681,2026-07-13T09:11:21+00:00,payment-api-7f8d0,payment-api,1,1003.52,0.98,1,1
payment-api-7f8d0_682,2026-07-13T09:11:22+00:00,payment-api-7f8d0,payment-api,1,1003.52,0.98,1,1
payment-api-7f8d0_683,2026-07-13T09:11:23+00:00,payment-api-7f8d0,payment-api,1,1003.52,0.98,1,1
payment-api-7f8d0_684,2026-07-13T09:11:24+00:00,payment-api-7f8d0,payment-api,1,1003.52,0.98,1,1
payment-api-7f8d0_685,2026-07-13T09:11:25+00:00,payment-api-7f8d0,payment-api,1,1003.52,0.98,1,1
payment-api-7f8d0_686,2026-07-13T09:11:26+00:00,payment-api-7f8d0,payment-api,1,1003.52,0.98,1,1
payment-api-7f8d0_687,2026-07-13T09:11:27+00:00,payment-api-7f8d0,payment-api,1,1003.52,0.98,1,1
payment-api-7f8d0_688,2026-07-13T09:11:28+00:00,payment-api-7f8d0,payment-api,1,1003.52,0.98,1,1
payment-api-7f8d0_689,2026-07-13T09:11:29+00:00,payment-api-7f8d0,payment-api,1,1003.52,0.98,1,1
payment-api-7f8d0_690,2026-07-13T09:11:30+00:00,payment-api-7f8d0,payment-api,1,1003.52,0.98,1,1
payment-api-7f8d0_691,2026-07-13T09:11:31+00:00,payment-api-7f8d0,payment-api,1,1003.52,0.98,1,1
payment-api-7f8d0_692,2026-07-13T09:11:32+00:00,payment-api-7f8d0,payment-api,1,1003.52,0.98,1,1
payment-api-7f8d0_693,2026-07-13T09:11:33+00:00,payment-api-7f8d0,payment-api,1,1003.52,0.98,1,1
payment-api-7f8d0_694,2026-07-13T09:11:34+00:00,payment-api-7f8d0,payment-api,1,1003.52,0.98,1,1
payment-api-7f8d0_695,2026-07-13T09:11:35+00:00,payment-api-7f8d0,payment-api,1,1003.52,0.98,1,1
payment-api-7f8d0_696,2026-07-13T09:11:36+00:00,payment-api-7f8d0,payment-api,1,1003.52,0.98,1,1
payment-api-7f8d0_697,2026-07-13T09:11:37+00:00,payment-api-7f8d0,payment-api,1,1003.52,0.98,1,1
payment-api-7f8d0_698,2026-07-13T09:11:38+00:00,payment-api-7f8d0,payment-api,1,1003.52,0.98,1,1
payment-api-7f8d0_699,2026-07-13T09:11:39+00:00,payment-api-7f8d0,payment-api,1,1003.52,0.98,1,1
payment-api-7f8d0_700,2026-07-13T09:11:40+00:00,payment-api-7f8d0,payment-api,1,1003.52,0.98,1,1
payment-api-7f8d0_701,2026-07-13T09:11:41+00:00,payment-api-7f8d0,payment-api,1,1003.52,0.98,1,1
payment-api-7f8d0_702,2026-07-13T09:11:42+00:00,payment-api-7f8d0,payment-api,1,1003.52,0.98,1,1
payment-api-7f8d0_703,2026-07-13T09:11:43+00:00,payment-api-7f8d0,payment-api,1,1003.52,0.98,1,1
payment-api-7f8d0_704,2026-07-13T09:11:44+00:00,payment-api-7f8d0,payment-api,1,1003.52,0.98,1,1
payment-api-7f8d0_705,2026-07-13T09:11:45+00:00,payment-api-7f8d0,payment-api,1,1003.52,0.98,1,1
payment-api-7f8d0_706,2026-07-13T09:11:46+00:00,payment-api-7f8d0,payment-api,1,1003.52,0.98,1,1
payment-api-7f8d0_707,2026-07-13T09:11:47+00:00,payment-api-7f8d0,payment-api,1,1003.52,0.98,1,1
payment-api-7f8d0_708,2026-07-13T09:11:48+00:00,payment-api-7f8d0,payment-api,1,1003.52,0.98,1,1
payment-api-7f8d0_709,2026-07-13T09:11:49+00:00,payment-api-7f8d0,payment-api,1,1003.52,0.98,1,1
payment-api-7f8d0_710,2026-07-13T09:11:50+00:00,payment-api-7f8d0,payment-api,1,1003.52,0.98,1,1
payment-api-7f8d0_711,2026-07-13T09:11:51+00:00,payment-api-7f8d0,payment-api,1,1003.52,0.98,1,1
payment-api-7f8d0_712,2026-07-13T09:11:52+00:00,payment-api-7f8d0,payment-api,1,1003.52,0.98,1,1
payment-api-7f8d0_713,2026-07-13T09:11:53+00:00,payment-api-7f8d0,payment-api,1,1003.52,0.98,1,1
payment-api-7f8d0_714,2026-07-13T09:11:54+00:00,payment-api-7f8d0,payment-api,1,1003.52,0.98,1,1
payment-api-7f8d0_715,2026-07-13T09:11:55+00:00,payment-api-7f8d0,payment-api,1,1003.52,0.98,1,1
payment-api-7f8d0_716,2026-07-13T09:11:56+00:00,payment-api-7f8d0,payment-api,1,1003.52,0.98,1,1
payment-api-7f8d0_717,2026-07-13T09:11:57+00:00,payment-api-7f8d0,payment-api,1,1003.52,0.98,1,1
payment-api-7f8d0_718,2026-07-13T09:11:58+00:00,payment-api-7f8d0,payment-api,1,1003.52,0.98,1,1
payment-api-7f8d0_719,2026-07-13T09:11:59+00:00,payment-api-7f8d0,payment-api,1,1003.52,0.98,1,1
payment-api-7f8d0_720,2026-07-13T09:12:00+00:00,payment-api-7f8d0,payment-api,1,1003.52,0.98,1,1
payment-api-7f8d0_721,2026-07-13T09:12:01+00:00,payment-api-7f8d0,payment-api,1,1003.52,0.98,1,1
payment-api-7f8d0_722,2026-07-13T09:12:02+00:00,payment-api-7f8d0,payment-api,1,1003.52,0.98,1,1
payment-api-7f8d0_723,2026-07-13T09:12:03+00:00,payment-api-7f8d0,payment-api,1,1003.52,0.98,1,1
payment-api-7f8d0_724,2026-07-13T09:12:04+00:00,payment-api-7f8d0,payment-api,1,1003.52,0.98,1,1
payment-api-7f8d0_725,2026-07-13T09:12:05+00:00,payment-api-7f8d0,payment-api,1,1003.52,0.98,1,1
payment-api-7f8d0_726,2026-07-13T09:12:06+00:00,payment-api-7f8d0,payment-api,1,1003.52,0.98,1,1
payment-api-7f8d0_727,2026-07-13T09:12:07+00:00,payment-api-7f8d0,payment-api,1,1003.52,0.98,1,1
payment-api-7f8d0_728,2026-07-13T09:12:08+00:00,payment-api-7f8d0,payment-api,1,1003.52,0.98,1,1
payment-api-7f8d0_729,2026-07-13T09:12:09+00:00,payment-api-7f8d0,payment-api,1,1003.52,0.98,1,1
payment-api-7f8d0_730,2026-07-13T09:12:10+00:00,payment-api-7f8d0,payment-api,1,1003.52,0.98,1,1
payment-api-7f8d0_731,2026-07-13T09:12:11+00:00,payment-api-7f8d0,payment-api,1,1003.52,0.98,1,1
payment-api-7f8d0_732,2026-07-13T09:12:12+00:00,payment-api-7f8d0,payment-api,1,1003.52,0.98,1,1
payment-api-7f8d0_733,2026-07-13T09:12:13+00:00,payment-api-7f8d0,payment-api,1,1003.52,0.98,1,1
payment-api-7f8d0_734,2026-07-13T09:12:14+00:00,payment-api-7f8d0,payment-api,1,1003.52,0.98,1,1
payment-api-7f8d0_735,2026-07-13T09:12:15+00:00,payment-api-7f8d0,payment-api,1,1003.52,0.98,1,1
payment-api-7f8d0_736,2026-07-13T09:12:16+00:00,payment-api-7f8d0,payment-api,1,1003.52,0.98,1,1
payment-api-7f8d0_737,2026-07-13T09:12:17+00:00,payment-api-7f8d0,payment-api,1,1003.52,0.98,1,1
payment-api-7f8d0_738,2026-07-13T09:12:18+00:00,payment-api-7f8d0,payment-api,1,1003.52,0.98,1,1
payment-api-7f8d0_739,2026-07-13T09:12:19+00:00,payment-api-7f8d0,payment-api,1,1003.52,0.98,1,1
payment-api-7f8d0_740,2026-07-13T09:12:20+00:00,payment-api-7f8d0,payment-api,1,1003.52,0.98,1,1
payment-api-7f8d0_741,2026-07-13T09:12:21+00:00,payment-api-7f8d0,payment-api,1,1003.52,0.98,1,1
payment-api-7f8d0_742,2026-07-13T09:12:22+00:00,payment-api-7f8d0,payment-api,1,1003.52,0.98,1,1
payment-api-7f8d0_743,2026-07-13T09:12:23+00:00,payment-api-7f8d0,payment-api,1,1003.52,0.98,1,1
payment-api-7f8d0_744,2026-07-13T09:12:24+00:00,payment-api-7f8d0,payment-api,1,1003.52,0.98,1,1
payment-api-7f8d0_745,2026-07-13T09:12:25+00:00,payment-api-7f8d0,payment-api,1,1003.52,0.98,1,1
payment-api-7f8d0_746,2026-07-13T09:12:26+00:00,payment-api-7f8d0,payment-api,1,1003.52,0.98,1,1
payment-api-7f8d0_747,2026-07-13T09:12:27+00:00,payment-api-7f8d0,payment-api,1,1003.52,0.98,1,1
payment-api-7f8d0_748,2026-07-13T09:12:28+00:00,payment-api-7f8d0,payment-api,1,1003.52,0.98,1,1
payment-api-7f8d0_749,2026-07-13T09:12:29+00:00,payment-api-7f8d0,payment-api,1,1003.52,0.98,1,1
payment-api-7f8d0_750,2026-07-13T09:12:30+00:00,payment-api-7f8d0,payment-api,1,1003.52,0.98,1,1
payment-api-7f8d0_751,2026-07-13T09:12:31+00:00,payment-api-7f8d0,payment-api,1,1003.52,0.98,1,1
payment-api-7f8d0_752,2026-07-13T09:12:32+00:00,payment-api-7f8d0,payment-api,1,1003.52,0.98,1,1
payment-api-7f8d0_753,2026-07-13T09:12:33+00:00,payment-api-7f8d0,payment-api,1,1003.52,0.98,1,1
payment-api-7f8d0_754,2026-07-13T09:12:34+00:00,payment-api-7f8d0,payment-api,1,1003.52,0.98,1,1
payment-api-7f8d0_755,2026-07-13T09:12:35+00:00,payment-api-7f8d0,payment-api,1,1003.52,0.98,1,1
payment-api-7f8d0_756,2026-07-13T09:12:36+00:00,payment-api-7f8d0,payment-api,1,1003.52,0.98,1,1
payment-api-7f8d0_757,2026-07-13T09:12:37+00:00,payment-api-7f8d0,payment-api,1,1003.52,0.98,1,1
payment-api-7f8d0_758,2026-07-13T09:12:38+00:00,payment-api-7f8d0,payment-api,1,1003.52,0.98,1,1
payment-api-7f8d0_759,2026-07-13T09:12:39+00:00,payment-api-7f8d0,payment-api,1,1003.52,0.98,1,1
payment-api-7f8d0_760,2026-07-13T09:12:40+00:00,payment-api-7f8d0,payment-api,1,1003.52,0.98,1,1
payment-api-7f8d0_761,2026-07-13T09:12:41+00:00,payment-api-7f8d0,payment-api,1,1003.52,0.98,1,1
payment-api-7f8d0_762,2026-07-13T09:12:42+00:00,payment-api-7f8d0,payment-api,1,1003.52,0.98,1,1
payment-api-7f8d0_763,2026-07-13T09:12:43+00:00,payment-api-7f8d0,payment-api,1,1003.52,0.98,1,1
payment-api-7f8d0_764,2026-07-13T09:12:44+00:00,payment-api-7f8d0,payment-api,1,1003.52,0.98,1,1
payment-api-7f8d0_765,2026-07-13T09:12:45+00:00,payment-api-7f8d0,payment-api,1,1003.52,0.98,1,1
payment-api-7f8d0_766,2026-07-13T09:12:46+00:00,payment-api-7f8d0,payment-api,1,1003.52,0.98,1,1
payment-api-7f8d0_767,2026-07-13T09:12:47+00:00,payment-api-7f8d0,payment-api,1,1003.52,0.98,1,1
payment-api-7f8d0_768,2026-07-13T09:12:48+00:00,payment-api-7f8d0,payment-api,1,1003.52,0.98,1,1
payment-api-7f8d0_769,2026-07-13T09:12:49+00:00,payment-api-7f8d0,payment-api,1,1003.52,0.98,1,1
payment-api-7f8d0_770,2026-07-13T09:12:50+00:00,payment-api-7f8d0,payment-api,1,1003.52,0.98,1,1
payment-api-7f8d0_771,2026-07-13T09:12:51+00:00,payment-api-7f8d0,payment-api,1,1003.52,0.98,1,1
payment-api-7f8d0_772,2026-07-13T09:12:52+00:00,payment-api-7f8d0,payment-api,1,1003.52,0.98,1,1
payment-api-7f8d0_773,2026-07-13T09:12:53+00:00,payment-api-7f8d0,payment-api,1,1003.52,0.98,1,1
payment-api-7f8d0_774,2026-07-13T09:12:54+00:00,payment-api-7f8d0,payment-api,1,1003.52,0.98,1,1
payment-api-7f8d0_775,2026-07-13T09:12:55+00:00,payment-api-7f8d0,payment-api,1,1003.52,0.98,1,1
payment-api-7f8d0_776,2026-07-13T09:12:56+00:00,payment-api-7f8d0,payment-api,1,1003.52,0.98,1,1
payment-api-7f8d0_777,2026-07-13T09:12:57+00:00,payment-api-7f8d0,payment-api,1,1003.52,0.98,1,1
payment-api-7f8d0_778,2026-07-13T09:12:58+00:00,payment-api-7f8d0,payment-api,1,1003.52,0.98,1,1
payment-api-7f8d0_779,2026-07-13T09:12:59+00:00,payment-api-7f8d0,payment-api,1,1003.52,0.98,1,1
payment-api-7f8d0_780,2026-07-13T09:13:00+00:00,payment-api-7f8d0,payment-api,1,1003.52,0.98,1,1
payment-api-7f8d0_781,2026-07-13T09:13:01+00:00,payment-api-7f8d0,payment-api,1,1003.52,0.98,1,1
payment-api-7f8d0_782,2026-07-13T09:13:02+00:00,payment-api-7f8d0,payment-api,1,1003.52,0.98,1,1
payment-api-7f8d0_783,2026-07-13T09:13:03+00:00,payment-api-7f8d0,payment-api,1,1003.52,0.98,1,1
payment-api-7f8d0_784,2026-07-13T09:13:04+00:00,payment-api-7f8d0,payment-api,1,1003.52,0.98,1,1
payment-api-7f8d0_785,2026-07-13T09:13:05+00:00,payment-api-7f8d0,payment-api,1,1003.52,0.98,1,1
payment-api-7f8d0_786,2026-07-13T09:13:06+00:00,payment-api-7f8d0,payment-api,1,1003.52,0.98,1,1
payment-api-7f8d0_787,2026-07-13T09:13:07+00:00,payment-api-7f8d0,payment-api,1,1003.52,0.98,1,1
payment-api-7f8d0_788,2026-07-13T09:13:08+00:00,payment-api-7f8d0,payment-api,1,1003.52,0.98,1,1
payment-api-7f8d0_789,2026-07-13T09:13:09+00:00,payment-api-7f8d0,payment-api,1,1003.52,0.98,1,1
payment-api-7f8d0_790,2026-07-13T09:13:10+00:00,payment-api-7f8d0,payment-api,1,1003.52,0.98,1,1
payment-api-7f8d0_791,2026-07-13T09:13:11+00:00,payment-api-7f8d0,payment-api,1,1003.52,0.98,1,1
payment-api-7f8d0_792,2026-07-13T09:13:12+00:00,payment-api-7f8d0,payment-api,1,1003.52,0.98,1,1
payment-api-7f8d0_793,2026-07-13T09:13:13+00:00,payment-api-7f8d0,payment-api,1,1003.52,0.98,1,1
payment-api-7f8d0_794,2026-07-13T09:13:14+00:00,payment-api-7f8d0,payment-api,1,1003.52,0.98,1,1
payment-api-7f8d0_795,2026-07-13T09:13:15+00:00,payment-api-7f8d0,payment-api,1,1003.52,0.98,1,1
payment-api-7f8d0_796,2026-07-13T09:13:16+00:00,payment-api-7f8d0,payment-api,1,1003.52,0.98,1,1
payment-api-7f8d0_797,2026-07-13T09:13:17+00:00,payment-api-7f8d0,payment-api,1,1003.52,0.98,1,1
payment-api-7f8d0_798,2026-07-13T09:13:18+00:00,payment-api-7f8d0,payment-api,1,1003.52,0.98,1,1
payment-api-7f8d0_799,2026-07-13T09:13:19+00:00,payment-api-7f8d0,payment-api,1,1003.52,0.98,1,1
payment-api-7f8d0_800,2026-07-13T09:13:20+00:00,payment-api-7f8d0,payment-api,1,1003.52,0.98,1,1
payment-api-7f8d0_801,2026-07-13T09:13:21+00:00,payment-api-7f8d0,payment-api,1,1003.52,0.98,1,1
payment-api-7f8d0_802,2026-07-13T09:13:22+00:00,payment-api-7f8d0,payment-api,1,1003.52,0.98,1,1
payment-api-7f8d0_803,2026-07-13T09:13:23+00:00,payment-api-7f8d0,payment-api,1,1003.52,0.98,1,1
payment-api-7f8d0_804,2026-07-13T09:13:24+00:00,payment-api-7f8d0,payment-api,1,1003.52,0.98,1,1
payment-api-7f8d0_805,2026-07-13T09:13:25+00:00,payment-api-7f8d0,payment-api,1,1003.52,0.98,1,1
payment-api-7f8d0_806,2026-07-13T09:13:26+00:00,payment-api-7f8d0,payment-api,1,1003.52,0.98,1,1
payment-api-7f8d0_807,2026-07-13T09:13:27+00:00,payment-api-7f8d0,payment-api,1,1003.52,0.98,1,1
payment-api-7f8d0_808,2026-07-13T09:13:28+00:00,payment-api-7f8d0,payment-api,1,1003.52,0.98,1,1
payment-api-7f8d0_809,2026-07-13T09:13:29+00:00,payment-api-7f8d0,payment-api,1,1003.52,0.98,1,1
payment-api-7f8d0_810,2026-07-13T09:13:30+00:00,payment-api-7f8d0,payment-api,1,1003.52,0.98,1,1
payment-api-7f8d0_811,2026-07-13T09:13:31+00:00,payment-api-7f8d0,payment-api,1,1003.52,0.98,1,1
payment-api-7f8d0_812,2026-07-13T09:13:32+00:00,payment-api-7f8d0,payment-api,1,1003.52,0.98,1,1
payment-api-7f8d0_813,2026-07-13T09:13:33+00:00,payment-api-7f8d0,payment-api,1,1003.52,0.98,1,1
payment-api-7f8d0_814,2026-07-13T09:13:34+00:00,payment-api-7f8d0,payment-api,1,1003.52,0.98,1,1
payment-api-7f8d0_815,2026-07-13T09:13:35+00:00,payment-api-7f8d0,payment-api,1,1003.52,0.98,1,1
payment-api-7f8d0_816,2026-07-13T09:13:36+00:00,payment-api-7f8d0,payment-api,1,1003.52,0.98,1,1
payment-api-7f8d0_817,2026-07-13T09:13:37+00:00,payment-api-7f8d0,payment-api,1,1003.52,0.98,1,1
payment-api-7f8d0_818,2026-07-13T09:13:38+00:00,payment-api-7f8d0,payment-api,1,1003.52,0.98,1,1
payment-api-7f8d0_819,2026-07-13T09:13:39+00:00,payment-api-7f8d0,payment-api,1,1003.52,0.98,1,1
payment-api-7f8d0_820,2026-07-13T09:13:40+00:00,payment-api-7f8d0,payment-api,1,1003.52,0.98,1,1
payment-api-7f8d0_821,2026-07-13T09:13:41+00:00,payment-api-7f8d0,payment-api,1,1003.52,0.98,1,1
payment-api-7f8d0_822,2026-07-13T09:13:42+00:00,payment-api-7f8d0,payment-api,1,1003.52,0.98,1,1
payment-api-7f8d0_823,2026-07-13T09:13:43+00:00,payment-api-7f8d0,payment-api,1,1003.52,0.98,1,1
payment-api-7f8d0_824,2026-07-13T09:13:44+00:00,payment-api-7f8d0,payment-api,1,1003.52,0.98,1,1
payment-api-7f8d0_825,2026-07-13T09:13:45+00:00,payment-api-7f8d0,payment-api,1,1003.52,0.98,1,1
payment-api-7f8d0_826,2026-07-13T09:13:46+00:00,payment-api-7f8d0,payment-api,1,1003.52,0.98,1,1
payment-api-7f8d0_827,2026-07-13T09:13:47+00:00,payment-api-7f8d0,payment-api,1,1003.52,0.98,1,1
payment-api-7f8d0_828,2026-07-13T09:13:48+00:00,payment-api-7f8d0,payment-api,1,1003.52,0.98,1,1
payment-api-7f8d0_829,2026-07-13T09:13:49+00:00,payment-api-7f8d0,payment-api,1,1003.52,0.98,1,1
payment-api-7f8d0_830,2026-07-13T09:13:50+00:00,payment-api-7f8d0,payment-api,1,1003.52,0.98,1,1
payment-api-7f8d0_831,2026-07-13T09:13:51+00:00,payment-api-7f8d0,payment-api,1,1003.52,0.98,1,1
payment-api-7f8d0_832,2026-07-13T09:13:52+00:00,payment-api-7f8d0,payment-api,1,1003.52,0.98,1,1
payment-api-7f8d0_833,2026-07-13T09:13:53+00:00,payment-api-7f8d0,payment-api,1,1003.52,0.98,1,1
payment-api-7f8d0_834,2026-07-13T09:13:54+00:00,payment-api-7f8d0,payment-api,1,1003.52,0.98,1,1
payment-api-7f8d0_835,2026-07-13T09:13:55+00:00,payment-api-7f8d0,payment-api,1,1003.52,0.98,1,1
payment-api-7f8d0_836,2026-07-13T09:13:56+00:00,payment-api-7f8d0,payment-api,1,1003.52,0.98,1,1
payment-api-7f8d0_837,2026-07-13T09:13:57+00:00,payment-api-7f8d0,payment-api,1,1003.52,0.98,1,1
payment-api-7f8d0_838,2026-07-13T09:13:58+00:00,payment-api-7f8d0,payment-api,1,1003.52,0.98,1,1
payment-api-7f8d0_839,2026-07-13T09:13:59+00:00,payment-api-7f8d0,payment-api,1,1003.52,0.98,1,1
payment-api-7f8d0_840,2026-07-13T09:14:00+00:00,payment-api-7f8d0,payment-api,1,1003.52,0.98,1,1
payment-api-7f8d0_841,2026-07-13T09:14:01+00:00,payment-api-7f8d0,payment-api,1,1003.52,0.98,1,1
payment-api-7f8d0_842,2026-07-13T09:14:02+00:00,payment-api-7f8d0,payment-api,1,1003.52,0.98,1,1
payment-api-7f8d0_843,2026-07-13T09:14:03+00:00,payment-api-7f8d0,payment-api,1,1003.52,0.98,1,1
payment-api-7f8d0_844,2026-07-13T09:14:04+00:00,payment-api-7f8d0,payment-api,1,1003.52,0.98,1,1
payment-api-7f8d0_845,2026-07-13T09:14:05+00:00,payment-api-7f8d0,payment-api,1,1003.52,0.98,1,1
payment-api-7f8d0_846,2026-07-13T09:14:06+00:00,payment-api-7f8d0,payment-api,1,1003.52,0.98,1,1
payment-api-7f8d0_847,2026-07-13T09:14:07+00:00,payment-api-7f8d0,payment-api,1,1003.52,0.98,1,1
payment-api-7f8d0_848,2026-07-13T09:14:08+00:00,payment-api-7f8d0,payment-api,1,1003.52,0.98,1,1
payment-api-7f8d0_849,2026-07-13T09:14:09+00:00,payment-api-7f8d0,payment-api,1,1003.52,0.98,1,1
payment-api-7f8d0_850,2026-07-13T09:14:10+00:00,payment-api-7f8d0,payment-api,1,1003.52,0.98,1,1
payment-api-7f8d0_851,2026-07-13T09:14:11+00:00,payment-api-7f8d0,payment-api,1,1003.52,0.98,1,1
payment-api-7f8d0_852,2026-07-13T09:14:12+00:00,payment-api-7f8d0,payment-api,1,1003.52,0.98,1,1
payment-api-7f8d0_853,2026-07-13T09:14:13+00:00,payment-api-7f8d0,payment-api,1,1003.52,0.98,1,1
payment-api-7f8d0_854,2026-07-13T09:14:14+00:00,payment-api-7f8d0,payment-api,1,1003.52,0.98,1,1
payment-api-7f8d0_855,2026-07-13T09:14:15+00:00,payment-api-7f8d0,payment-api,1,1003.52,0.98,1,1
payment-api-7f8d0_856,2026-07-13T09:14:16+00:00,payment-api-7f8d0,payment-api,1,1003.52,0.98,1,1
payment-api-7f8d0_857,2026-07-13T09:14:17+00:00,payment-api-7f8d0,payment-api,1,1003.52,0.98,1,1
payment-api-7f8d0_858,2026-07-13T09:14:18+00:00,payment-api-7f8d0,payment-api,1,1003.52,0.98,1,1
payment-api-7f8d0_859,2026-07-13T09:14:19+00:00,payment-api-7f8d0,payment-api,1,1003.52,0.98,1,1
payment-api-7f8d0_860,2026-07-13T09:14:20+00:00,payment-api-7f8d0,payment-api,1,1003.52,0.98,1,1
payment-api-7f8d0_861,2026-07-13T09:14:21+00:00,payment-api-7f8d0,payment-api,1,1003.52,0.98,1,1
payment-api-7f8d0_862,2026-07-13T09:14:22+00:00,payment-api-7f8d0,payment-api,1,1003.52,0.98,1,1
payment-api-7f8d0_863,2026-07-13T09:14:23+00:00,payment-api-7f8d0,payment-api,1,1003.52,0.98,1,1
payment-api-7f8d0_864,2026-07-13T09:14:24+00:00,payment-api-7f8d0,payment-api,1,1003.52,0.98,1,1
payment-api-7f8d0_865,2026-07-13T09:14:25+00:00,payment-api-7f8d0,payment-api,1,1003.52,0.98,1,1
payment-api-7f8d0_866,2026-07-13T09:14:26+00:00,payment-api-7f8d0,payment-api,1,1003.52,0.98,1,1
payment-api-7f8d0_867,2026-07-13T09:14:27+00:00,payment-api-7f8d0,payment-api,1,1003.52,0.98,1,1
payment-api-7f8d0_868,2026-07-13T09:14:28+00:00,payment-api-7f8d0,payment-api,1,1003.52,0.98,1,1
payment-api-7f8d0_869,2026-07-13T09:14:29+00:00,payment-api-7f8d0,payment-api,1,1003.52,0.98,1,1
payment-api-7f8d1_30,2026-07-13T09:00:30+00:00,payment-api-7f8d1,payment-api,0,428.09,0.4181,0,
payment-api-7f8d1_31,2026-07-13T09:00:31+00:00,payment-api-7f8d1,payment-api,0,414.24,0.4045,0,
payment-api-7f8d1_32,2026-07-13T09:00:32+00:00,payment-api-7f8d1,payment-api,0,423.38,0.4135,0,
payment-api-7f8d1_33,2026-07-13T09:00:33+00:00,payment-api-7f8d1,payment-api,0,413.12,0.4034,0,
payment-api-7f8d1_34,2026-07-13T09:00:34+00:00,payment-api-7f8d1,payment-api,0,428.55,0.4185,0,
payment-api-7f8d1_35,2026-07-13T09:00:35+00:00,payment-api-7f8d1,payment-api,0,422.06,0.4122,0,
payment-api-7f8d1_36,2026-07-13T09:00:36+00:00,payment-api-7f8d1,payment-api,0,420.17,0.4103,0,
payment-api-7f8d1_37,2026-07-13T09:00:37+00:00,payment-api-7f8d1,payment-api,0,421.98,0.4121,0,
payment-api-7f8d1_38,2026-07-13T09:00:38+00:00,payment-api-7f8d1,payment-api,0,416.56,0.4068,0,
payment-api-7f8d1_39,2026-07-13T09:00:39+00:00,payment-api-7f8d1,payment-api,0,405.65,0.3961,0,
payment-api-7f8d1_40,2026-07-13T09:00:40+00:00,payment-api-7f8d1,payment-api,0,409.34,0.3997,0,
payment-api-7f8d1_41,2026-07-13T09:00:41+00:00,payment-api-7f8d1,payment-api,0,420.76,0.4109,0,
payment-api-7f8d1_42,2026-07-13T09:00:42+00:00,payment-api-7f8d1,payment-api,0,423.99,0.4141,0,
payment-api-7f8d1_43,2026-07-13T09:00:43+00:00,payment-api-7f8d1,payment-api,0,419.53,0.4097,0,
payment-api-7f8d1_44,2026-07-13T09:00:44+00:00,payment-api-7f8d1,payment-api,0,430.79,0.4207,0,
payment-api-7f8d1_45,2026-07-13T09:00:45+00:00,payment-api-7f8d1,payment-api,0,409.48,0.3999,0,
payment-api-7f8d1_46,2026-07-13T09:00:46+00:00,payment-api-7f8d1,payment-api,0,408.78,0.3992,0,
payment-api-7f8d1_47,2026-07-13T09:00:47+00:00,payment-api-7f8d1,payment-api,0,427.57,0.4175,0,
payment-api-7f8d1_48,2026-07-13T09:00:48+00:00,payment-api-7f8d1,payment-api,0,419.96,0.4101,0,
payment-api-7f8d1_49,2026-07-13T09:00:49+00:00,payment-api-7f8d1,payment-api,0,425.66,0.4157,0,
payment-api-7f8d1_50,2026-07-13T09:00:50+00:00,payment-api-7f8d1,payment-api,0,422.33,0.4124,0,
payment-api-7f8d1_51,2026-07-13T09:00:51+00:00,payment-api-7f8d1,payment-api,0,419.72,0.4099,0,
payment-api-7f8d1_52,2026-07-13T09:00:52+00:00,payment-api-7f8d1,payment-api,0,415.55,0.4058,0,
payment-api-7f8d1_53,2026-07-13T09:00:53+00:00,payment-api-7f8d1,payment-api,0,410.74,0.4011,0,
payment-api-7f8d1_54,2026-07-13T09:00:54+00:00,payment-api-7f8d1,payment-api,0,432.84,0.4227,0,
payment-api-7f8d1_55,2026-07-13T09:00:55+00:00,payment-api-7f8d1,payment-api,0,426.13,0.4161,0,
payment-api-7f8d1_56,2026-07-13T09:00:56+00:00,payment-api-7f8d1,payment-api,0,420.1,0.4103,0,
payment-api-7f8d1_57,2026-07-13T09:00:57+00:00,payment-api-7f8d1,payment-api,0,428.4,0.4184,0,
payment-api-7f8d1_58,2026-07-13T09:00:58+00:00,payment-api-7f8d1,payment-api,0,435.62,0.4254,0,
payment-api-7f8d1_59,2026-07-13T09:00:59+00:00,payment-api-7f8d1,payment-api,0,421.89,0.412,0,
payment-api-7f8d1_60,2026-07-13T09:01:00+00:00,payment-api-7f8d1,payment-api,0,429.65,0.4196,0,
payment-api-7f8d1_61,2026-07-13T09:01:01+00:00,payment-api-7f8d1,payment-api,0,426.41,0.4164,0,
payment-api-7f8d1_62,2026-07-13T09:01:02+00:00,payment-api-7f8d1,payment-api,0,413.76,0.4041,0,
payment-api-7f8d1_63,2026-07-13T09:01:03+00:00,payment-api-7f8d1,payment-api,0,420.42,0.4106,0,
payment-api-7f8d1_64,2026-07-13T09:01:04+00:00,payment-api-7f8d1,payment-api,0,425.4,0.4154,0,
payment-api-7f8d1_65,2026-07-13T09:01:05+00:00,payment-api-7f8d1,payment-api,0,418.24,0.4084,0,
payment-api-7f8d1_66,2026-07-13T09:01:06+00:00,payment-api-7f8d1,payment-api,0,404.52,0.395,0,
payment-api-7f8d1_67,2026-07-13T09:01:07+00:00,payment-api-7f8d1,payment-api,0,430.51,0.4204,0,
payment-api-7f8d1_68,2026-07-13T09:01:08+00:00,payment-api-7f8d1,payment-api,0,413.28,0.4036,0,
payment-api-7f8d1_69,2026-07-13T09:01:09+00:00,payment-api-7f8d1,payment-api,0,430.74,0.4206,0,
payment-api-7f8d1_70,2026-07-13T09:01:10+00:00,payment-api-7f8d1,payment-api,0,419.41,0.4096,0,
payment-api-7f8d1_71,2026-07-13T09:01:11+00:00,payment-api-7f8d1,payment-api,0,414.78,0.4051,0,
payment-api-7f8d1_72,2026-07-13T09:01:12+00:00,payment-api-7f8d1,payment-api,0,420.27,0.4104,0,
payment-api-7f8d1_73,2026-07-13T09:01:13+00:00,payment-api-7f8d1,payment-api,0,430.93,0.4208,0,
payment-api-7f8d1_74,2026-07-13T09:01:14+00:00,payment-api-7f8d1,payment-api,0,416.92,0.4071,0,
payment-api-7f8d1_75,2026-07-13T09:01:15+00:00,payment-api-7f8d1,payment-api,0,422.18,0.4123,0,
payment-api-7f8d1_76,2026-07-13T09:01:16+00:00,payment-api-7f8d1,payment-api,0,435.18,0.425,0,
payment-api-7f8d1_77,2026-07-13T09:01:17+00:00,payment-api-7f8d1,payment-api,0,418.65,0.4088,0,
payment-api-7f8d1_78,2026-07-13T09:01:18+00:00,payment-api-7f8d1,payment-api,0,416.68,0.4069,0,
payment-api-7f8d1_79,2026-07-13T09:01:19+00:00,payment-api-7f8d1,payment-api,0,420.34,0.4105,0,
payment-api-7f8d1_80,2026-07-13T09:01:20+00:00,payment-api-7f8d1,payment-api,0,421.26,0.4114,0,
payment-api-7f8d1_81,2026-07-13T09:01:21+00:00,payment-api-7f8d1,payment-api,0,423.6,0.4137,0,
payment-api-7f8d1_82,2026-07-13T09:01:22+00:00,payment-api-7f8d1,payment-api,0,426.51,0.4165,0,
payment-api-7f8d1_83,2026-07-13T09:01:23+00:00,payment-api-7f8d1,payment-api,0,409.84,0.4002,0,
payment-api-7f8d1_84,2026-07-13T09:01:24+00:00,payment-api-7f8d1,payment-api,0,420.11,0.4103,0,
payment-api-7f8d1_85,2026-07-13T09:01:25+00:00,payment-api-7f8d1,payment-api,0,428.85,0.4188,0,
payment-api-7f8d1_86,2026-07-13T09:01:26+00:00,payment-api-7f8d1,payment-api,0,419.54,0.4097,0,
payment-api-7f8d1_87,2026-07-13T09:01:27+00:00,payment-api-7f8d1,payment-api,0,421.96,0.4121,0,
payment-api-7f8d1_88,2026-07-13T09:01:28+00:00,payment-api-7f8d1,payment-api,0,412.54,0.4029,0,
payment-api-7f8d1_89,2026-07-13T09:01:29+00:00,payment-api-7f8d1,payment-api,0,425.59,0.4156,0,
payment-api-7f8d1_90,2026-07-13T09:01:30+00:00,payment-api-7f8d1,payment-api,0,422.69,0.4128,0,
payment-api-7f8d1_91,2026-07-13T09:01:31+00:00,payment-api-7f8d1,payment-api,0,419.34,0.4095,0,
payment-api-7f8d1_92,2026-07-13T09:01:32+00:00,payment-api-7f8d1,payment-api,0,423.09,0.4132,0,
payment-api-7f8d1_93,2026-07-13T09:01:33+00:00,payment-api-7f8d1,payment-api,0,421.46,0.4116,0,
payment-api-7f8d1_94,2026-07-13T09:01:34+00:00,payment-api-7f8d1,payment-api,0,431.49,0.4214,0,
payment-api-7f8d1_95,2026-07-13T09:01:35+00:00,payment-api-7f8d1,payment-api,0,413.8,0.4041,0,
payment-api-7f8d1_96,2026-07-13T09:01:36+00:00,payment-api-7f8d1,payment-api,0,428.6,0.4186,0,
payment-api-7f8d1_97,2026-07-13T09:01:37+00:00,payment-api-7f8d1,payment-api,0,414.99,0.4053,0,
payment-api-7f8d1_98,2026-07-13T09:01:38+00:00,payment-api-7f8d1,payment-api,0,414.28,0.4046,0,
payment-api-7f8d1_99,2026-07-13T09:01:39+00:00,payment-api-7f8d1,payment-api,0,423.65,0.4137,0,
payment-api-7f8d1_100,2026-07-13T09:01:40+00:00,payment-api-7f8d1,payment-api,0,416.4,0.4066,0,
payment-api-7f8d1_101,2026-07-13T09:01:41+00:00,payment-api-7f8d1,payment-api,0,412.57,0.4029,0,
payment-api-7f8d1_102,2026-07-13T09:01:42+00:00,payment-api-7f8d1,payment-api,0,416.36,0.4066,0,
payment-api-7f8d1_103,2026-07-13T09:01:43+00:00,payment-api-7f8d1,payment-api,0,408.99,0.3994,0,
payment-api-7f8d1_104,2026-07-13T09:01:44+00:00,payment-api-7f8d1,payment-api,0,421.93,0.412,0,
payment-api-7f8d1_105,2026-07-13T09:01:45+00:00,payment-api-7f8d1,payment-api,0,415.2,0.4055,0,
payment-api-7f8d1_106,2026-07-13T09:01:46+00:00,payment-api-7f8d1,payment-api,0,413.42,0.4037,0,
payment-api-7f8d1_107,2026-07-13T09:01:47+00:00,payment-api-7f8d1,payment-api,0,415.98,0.4062,0,
payment-api-7f8d1_108,2026-07-13T09:01:48+00:00,payment-api-7f8d1,payment-api,0,410.47,0.4008,0,
payment-api-7f8d1_109,2026-07-13T09:01:49+00:00,payment-api-7f8d1,payment-api,0,428.3,0.4183,0,
payment-api-7f8d1_110,2026-07-13T09:01:50+00:00,payment-api-7f8d1,payment-api,0,421.67,0.4118,0,
payment-api-7f8d1_111,2026-07-13T09:01:51+00:00,payment-api-7f8d1,payment-api,0,423.71,0.4138,0,
payment-api-7f8d1_112,2026-07-13T09:01:52+00:00,payment-api-7f8d1,payment-api,0,417.5,0.4077,0,
payment-api-7f8d1_113,2026-07-13T09:01:53+00:00,payment-api-7f8d1,payment-api,0,423.51,0.4136,0,
payment-api-7f8d1_114,2026-07-13T09:01:54+00:00,payment-api-7f8d1,payment-api,0,420.35,0.4105,0,
payment-api-7f8d1_115,2026-07-13T09:01:55+00:00,payment-api-7f8d1,payment-api,0,414.96,0.4052,0,
payment-api-7f8d1_116,2026-07-13T09:01:56+00:00,payment-api-7f8d1,payment-api,0,417.0,0.4072,0,
payment-api-7f8d1_117,2026-07-13T09:01:57+00:00,payment-api-7f8d1,payment-api,0,418.18,0.4084,0,
payment-api-7f8d1_118,2026-07-13T09:01:58+00:00,payment-api-7f8d1,payment-api,0,419.84,0.41,0,
payment-api-7f8d1_119,2026-07-13T09:01:59+00:00,payment-api-7f8d1,payment-api,0,405.65,0.3961,0,
payment-api-7f8d1_120,2026-07-13T09:02:00+00:00,payment-api-7f8d1,payment-api,0,420.32,0.4105,0,
payment-api-7f8d1_121,2026-07-13T09:02:01+00:00,payment-api-7f8d1,payment-api,0,413.82,0.4041,0,
payment-api-7f8d1_122,2026-07-13T09:02:02+00:00,payment-api-7f8d1,payment-api,0,420.73,0.4109,0,
payment-api-7f8d1_123,2026-07-13T09:02:03+00:00,payment-api-7f8d1,payment-api,0,429.9,0.4198,0,
payment-api-7f8d1_124,2026-07-13T09:02:04+00:00,payment-api-7f8d1,payment-api,0,411.55,0.4019,0,
payment-api-7f8d1_125,2026-07-13T09:02:05+00:00,payment-api-7f8d1,payment-api,0,415.15,0.4054,0,
payment-api-7f8d1_126,2026-07-13T09:02:06+00:00,payment-api-7f8d1,payment-api,0,417.42,0.4076,0,
payment-api-7f8d1_127,2026-07-13T09:02:07+00:00,payment-api-7f8d1,payment-api,0,410.11,0.4005,0,
payment-api-7f8d1_128,2026-07-13T09:02:08+00:00,payment-api-7f8d1,payment-api,0,435.35,0.4251,0,
payment-api-7f8d1_129,2026-07-13T09:02:09+00:00,payment-api-7f8d1,payment-api,0,417.3,0.4075,0,
payment-api-7f8d1_130,2026-07-13T09:02:10+00:00,payment-api-7f8d1,payment-api,0,417.89,0.4081,0,
payment-api-7f8d1_131,2026-07-13T09:02:11+00:00,payment-api-7f8d1,payment-api,0,415.87,0.4061,0,
payment-api-7f8d1_132,2026-07-13T09:02:12+00:00,payment-api-7f8d1,payment-api,0,426.03,0.416,0,
payment-api-7f8d1_133,2026-07-13T09:02:13+00:00,payment-api-7f8d1,payment-api,0,413.6,0.4039,0,
payment-api-7f8d1_134,2026-07-13T09:02:14+00:00,payment-api-7f8d1,payment-api,0,410.58,0.401,0,
payment-api-7f8d1_135,2026-07-13T09:02:15+00:00,payment-api-7f8d1,payment-api,0,427.88,0.4179,0,
payment-api-7f8d1_136,2026-07-13T09:02:16+00:00,payment-api-7f8d1,payment-api,0,428.13,0.4181,0,
payment-api-7f8d1_137,2026-07-13T09:02:17+00:00,payment-api-7f8d1,payment-api,0,420.7,0.4108,0,
payment-api-7f8d1_138,2026-07-13T09:02:18+00:00,payment-api-7f8d1,payment-api,0,414.11,0.4044,0,
payment-api-7f8d1_139,2026-07-13T09:02:19+00:00,payment-api-7f8d1,payment-api,0,428.47,0.4184,0,
payment-api-7f8d1_140,2026-07-13T09:02:20+00:00,payment-api-7f8d1,payment-api,0,422.74,0.4128,0,
payment-api-7f8d1_141,2026-07-13T09:02:21+00:00,payment-api-7f8d1,payment-api,0,430.51,0.4204,0,
payment-api-7f8d1_142,2026-07-13T09:02:22+00:00,payment-api-7f8d1,payment-api,0,427.78,0.4178,0,
payment-api-7f8d1_143,2026-07-13T09:02:23+00:00,payment-api-7f8d1,payment-api,0,429.41,0.4193,0,
payment-api-7f8d1_144,2026-07-13T09:02:24+00:00,payment-api-7f8d1,payment-api,0,414.12,0.4044,0,
payment-api-7f8d1_145,2026-07-13T09:02:25+00:00,payment-api-7f8d1,payment-api,0,429.51,0.4194,0,
payment-api-7f8d1_146,2026-07-13T09:02:26+00:00,payment-api-7f8d1,payment-api,0,411.69,0.402,0,
payment-api-7f8d1_147,2026-07-13T09:02:27+00:00,payment-api-7f8d1,payment-api,0,413.96,0.4043,0,
payment-api-7f8d1_148,2026-07-13T09:02:28+00:00,payment-api-7f8d1,payment-api,0,427.95,0.4179,0,
payment-api-7f8d1_149,2026-07-13T09:02:29+00:00,payment-api-7f8d1,payment-api,0,422.45,0.4125,0,
payment-api-7f8d1_150,2026-07-13T09:02:30+00:00,payment-api-7f8d1,payment-api,0,421.88,0.412,0,
payment-api-7f8d1_151,2026-07-13T09:02:31+00:00,payment-api-7f8d1,payment-api,0,421.3,0.4114,0,
payment-api-7f8d1_152,2026-07-13T09:02:32+00:00,payment-api-7f8d1,payment-api,0,413.58,0.4039,0,
payment-api-7f8d1_153,2026-07-13T09:02:33+00:00,payment-api-7f8d1,payment-api,0,407.15,0.3976,0,
payment-api-7f8d1_154,2026-07-13T09:02:34+00:00,payment-api-7f8d1,payment-api,0,434.82,0.4246,0,
payment-api-7f8d1_155,2026-07-13T09:02:35+00:00,payment-api-7f8d1,payment-api,0,403.45,0.394,0,
payment-api-7f8d1_156,2026-07-13T09:02:36+00:00,payment-api-7f8d1,payment-api,0,405.02,0.3955,0,
payment-api-7f8d1_157,2026-07-13T09:02:37+00:00,payment-api-7f8d1,payment-api,0,419.49,0.4097,0,
payment-api-7f8d1_158,2026-07-13T09:02:38+00:00,payment-api-7f8d1,payment-api,0,426.08,0.4161,0,
payment-api-7f8d1_159,2026-07-13T09:02:39+00:00,payment-api-7f8d1,payment-api,0,427.15,0.4171,0,
payment-api-7f8d1_160,2026-07-13T09:02:40+00:00,payment-api-7f8d1,payment-api,0,426.0,0.416,0,
payment-api-7f8d1_161,2026-07-13T09:02:41+00:00,payment-api-7f8d1,payment-api,0,418.28,0.4085,0,
payment-api-7f8d1_162,2026-07-13T09:02:42+00:00,payment-api-7f8d1,payment-api,0,418.28,0.4085,0,
payment-api-7f8d1_163,2026-07-13T09:02:43+00:00,payment-api-7f8d1,payment-api,0,418.13,0.4083,0,
payment-api-7f8d1_164,2026-07-13T09:02:44+00:00,payment-api-7f8d1,payment-api,0,424.95,0.415,0,
payment-api-7f8d1_165,2026-07-13T09:02:45+00:00,payment-api-7f8d1,payment-api,0,427.13,0.4171,0,
payment-api-7f8d1_166,2026-07-13T09:02:46+00:00,payment-api-7f8d1,payment-api,0,432.61,0.4225,0,
payment-api-7f8d1_167,2026-07-13T09:02:47+00:00,payment-api-7f8d1,payment-api,0,418.02,0.4082,0,
payment-api-7f8d1_168,2026-07-13T09:02:48+00:00,payment-api-7f8d1,payment-api,0,417.6,0.4078,0,
payment-api-7f8d1_169,2026-07-13T09:02:49+00:00,payment-api-7f8d1,payment-api,0,433.1,0.4229,0,
payment-api-7f8d1_170,2026-07-13T09:02:50+00:00,payment-api-7f8d1,payment-api,0,432.34,0.4222,0,
payment-api-7f8d1_171,2026-07-13T09:02:51+00:00,payment-api-7f8d1,payment-api,0,441.68,0.4313,0,
payment-api-7f8d1_172,2026-07-13T09:02:52+00:00,payment-api-7f8d1,payment-api,0,414.95,0.4052,0,
payment-api-7f8d1_173,2026-07-13T09:02:53+00:00,payment-api-7f8d1,payment-api,0,425.84,0.4159,0,
payment-api-7f8d1_174,2026-07-13T09:02:54+00:00,payment-api-7f8d1,payment-api,0,420.43,0.4106,0,
payment-api-7f8d1_175,2026-07-13T09:02:55+00:00,payment-api-7f8d1,payment-api,0,430.51,0.4204,0,
payment-api-7f8d1_176,2026-07-13T09:02:56+00:00,payment-api-7f8d1,payment-api,0,440.79,0.4305,0,
payment-api-7f8d1_177,2026-07-13T09:02:57+00:00,payment-api-7f8d1,payment-api,0,417.68,0.4079,0,
payment-api-7f8d1_178,2026-07-13T09:02:58+00:00,payment-api-7f8d1,payment-api,0,418.18,0.4084,0,
payment-api-7f8d1_179,2026-07-13T09:02:59+00:00,payment-api-7f8d1,payment-api,0,421.55,0.4117,0,
payment-api-7f8d1_180,2026-07-13T09:03:00+00:00,payment-api-7f8d1,payment-api,0,420.91,0.411,0,
payment-api-7f8d1_181,2026-07-13T09:03:01+00:00,payment-api-7f8d1,payment-api,0,409.28,0.3997,0,
payment-api-7f8d1_182,2026-07-13T09:03:02+00:00,payment-api-7f8d1,payment-api,0,413.63,0.4039,0,
payment-api-7f8d1_183,2026-07-13T09:03:03+00:00,payment-api-7f8d1,payment-api,0,433.11,0.423,0,
payment-api-7f8d1_184,2026-07-13T09:03:04+00:00,payment-api-7f8d1,payment-api,0,420.94,0.4111,0,
payment-api-7f8d1_185,2026-07-13T09:03:05+00:00,payment-api-7f8d1,payment-api,0,424.79,0.4148,0,
payment-api-7f8d1_186,2026-07-13T09:03:06+00:00,payment-api-7f8d1,payment-api,0,419.53,0.4097,0,
payment-api-7f8d1_187,2026-07-13T09:03:07+00:00,payment-api-7f8d1,payment-api,0,425.14,0.4152,0,
payment-api-7f8d1_188,2026-07-13T09:03:08+00:00,payment-api-7f8d1,payment-api,0,417.79,0.408,0,
payment-api-7f8d1_189,2026-07-13T09:03:09+00:00,payment-api-7f8d1,payment-api,0,432.74,0.4226,0,
payment-api-7f8d1_190,2026-07-13T09:03:10+00:00,payment-api-7f8d1,payment-api,0,436.02,0.4258,0,
payment-api-7f8d1_191,2026-07-13T09:03:11+00:00,payment-api-7f8d1,payment-api,0,410.35,0.4007,0,
payment-api-7f8d1_192,2026-07-13T09:03:12+00:00,payment-api-7f8d1,payment-api,0,408.67,0.3991,0,
payment-api-7f8d1_193,2026-07-13T09:03:13+00:00,payment-api-7f8d1,payment-api,0,410.76,0.4011,0,
payment-api-7f8d1_194,2026-07-13T09:03:14+00:00,payment-api-7f8d1,payment-api,0,442.59,0.4322,0,
payment-api-7f8d1_195,2026-07-13T09:03:15+00:00,payment-api-7f8d1,payment-api,0,409.44,0.3998,0,
payment-api-7f8d1_196,2026-07-13T09:03:16+00:00,payment-api-7f8d1,payment-api,0,429.37,0.4193,0,
payment-api-7f8d1_197,2026-07-13T09:03:17+00:00,payment-api-7f8d1,payment-api,0,410.45,0.4008,0,
payment-api-7f8d1_198,2026-07-13T09:03:18+00:00,payment-api-7f8d1,payment-api,0,409.28,0.3997,0,
payment-api-7f8d1_199,2026-07-13T09:03:19+00:00,payment-api-7f8d1,payment-api,0,428.9,0.4188,0,
payment-api-7f8d1_200,2026-07-13T09:03:20+00:00,payment-api-7f8d1,payment-api,0,422.68,0.4128,0,
payment-api-7f8d1_201,2026-07-13T09:03:21+00:00,payment-api-7f8d1,payment-api,0,417.8,0.408,0,
payment-api-7f8d1_202,2026-07-13T09:03:22+00:00,payment-api-7f8d1,payment-api,0,409.95,0.4003,0,
payment-api-7f8d1_203,2026-07-13T09:03:23+00:00,payment-api-7f8d1,payment-api,0,422.51,0.4126,0,
payment-api-7f8d1_204,2026-07-13T09:03:24+00:00,payment-api-7f8d1,payment-api,0,418.48,0.4087,0,
payment-api-7f8d1_205,2026-07-13T09:03:25+00:00,payment-api-7f8d1,payment-api,0,404.22,0.3947,0,
payment-api-7f8d1_206,2026-07-13T09:03:26+00:00,payment-api-7f8d1,payment-api,0,428.97,0.4189,0,
payment-api-7f8d1_207,2026-07-13T09:03:27+00:00,payment-api-7f8d1,payment-api,0,417.84,0.408,0,
payment-api-7f8d1_208,2026-07-13T09:03:28+00:00,payment-api-7f8d1,payment-api,0,420.73,0.4109,0,
payment-api-7f8d1_209,2026-07-13T09:03:29+00:00,payment-api-7f8d1,payment-api,0,415.53,0.4058,0,
payment-api-7f8d1_210,2026-07-13T09:03:30+00:00,payment-api-7f8d1,payment-api,0,432.78,0.4226,0,
payment-api-7f8d1_211,2026-07-13T09:03:31+00:00,payment-api-7f8d1,payment-api,0,412.1,0.4024,0,
payment-api-7f8d1_212,2026-07-13T09:03:32+00:00,payment-api-7f8d1,payment-api,0,419.42,0.4096,0,
payment-api-7f8d1_213,2026-07-13T09:03:33+00:00,payment-api-7f8d1,payment-api,0,422.6,0.4127,0,
payment-api-7f8d1_214,2026-07-13T09:03:34+00:00,payment-api-7f8d1,payment-api,0,414.34,0.4046,0,
payment-api-7f8d1_215,2026-07-13T09:03:35+00:00,payment-api-7f8d1,payment-api,0,419.74,0.4099,0,
payment-api-7f8d1_216,2026-07-13T09:03:36+00:00,payment-api-7f8d1,payment-api,0,420.81,0.4109,0,
payment-api-7f8d1_217,2026-07-13T09:03:37+00:00,payment-api-7f8d1,payment-api,0,419.09,0.4093,0,
payment-api-7f8d1_218,2026-07-13T09:03:38+00:00,payment-api-7f8d1,payment-api,0,436.97,0.4267,0,
payment-api-7f8d1_219,2026-07-13T09:03:39+00:00,payment-api-7f8d1,payment-api,0,394.89,0.3856,0,
payment-api-7f8d1_220,2026-07-13T09:03:40+00:00,payment-api-7f8d1,payment-api,0,416.68,0.4069,0,
payment-api-7f8d1_221,2026-07-13T09:03:41+00:00,payment-api-7f8d1,payment-api,0,415.05,0.4053,0,
payment-api-7f8d1_222,2026-07-13T09:03:42+00:00,payment-api-7f8d1,payment-api,0,430.73,0.4206,0,
payment-api-7f8d1_223,2026-07-13T09:03:43+00:00,payment-api-7f8d1,payment-api,0,415.23,0.4055,0,
payment-api-7f8d1_224,2026-07-13T09:03:44+00:00,payment-api-7f8d1,payment-api,0,427.66,0.4176,0,
payment-api-7f8d1_225,2026-07-13T09:03:45+00:00,payment-api-7f8d1,payment-api,0,431.85,0.4217,0,
payment-api-7f8d1_226,2026-07-13T09:03:46+00:00,payment-api-7f8d1,payment-api,0,426.15,0.4162,0,
payment-api-7f8d1_227,2026-07-13T09:03:47+00:00,payment-api-7f8d1,payment-api,0,442.7,0.4323,0,
payment-api-7f8d1_228,2026-07-13T09:03:48+00:00,payment-api-7f8d1,payment-api,0,416.52,0.4068,0,
payment-api-7f8d1_229,2026-07-13T09:03:49+00:00,payment-api-7f8d1,payment-api,0,430.87,0.4208,0,
payment-api-7f8d1_230,2026-07-13T09:03:50+00:00,payment-api-7f8d1,payment-api,0,416.33,0.4066,0,
payment-api-7f8d1_231,2026-07-13T09:03:51+00:00,payment-api-7f8d1,payment-api,0,443.6,0.4332,0,
payment-api-7f8d1_232,2026-07-13T09:03:52+00:00,payment-api-7f8d1,payment-api,0,437.19,0.4269,0,
payment-api-7f8d1_233,2026-07-13T09:03:53+00:00,payment-api-7f8d1,payment-api,0,430.71,0.4206,0,
payment-api-7f8d1_234,2026-07-13T09:03:54+00:00,payment-api-7f8d1,payment-api,0,440.24,0.4299,0,
payment-api-7f8d1_235,2026-07-13T09:03:55+00:00,payment-api-7f8d1,payment-api,0,442.27,0.4319,0,
payment-api-7f8d1_236,2026-07-13T09:03:56+00:00,payment-api-7f8d1,payment-api,0,434.55,0.4244,0,
payment-api-7f8d1_237,2026-07-13T09:03:57+00:00,payment-api-7f8d1,payment-api,0,441.88,0.4315,0,
payment-api-7f8d1_238,2026-07-13T09:03:58+00:00,payment-api-7f8d1,payment-api,0,453.31,0.4427,0,
payment-api-7f8d1_239,2026-07-13T09:03:59+00:00,payment-api-7f8d1,payment-api,0,449.27,0.4387,0,
payment-api-7f8d1_240,2026-07-13T09:04:00+00:00,payment-api-7f8d1,payment-api,0,454.65,0.444,0,
payment-api-7f8d1_241,2026-07-13T09:04:01+00:00,payment-api-7f8d1,payment-api,0,465.48,0.4546,0,
payment-api-7f8d1_242,2026-07-13T09:04:02+00:00,payment-api-7f8d1,payment-api,0,457.55,0.4468,0,
payment-api-7f8d1_243,2026-07-13T09:04:03+00:00,payment-api-7f8d1,payment-api,0,462.76,0.4519,0,
payment-api-7f8d1_244,2026-07-13T09:04:04+00:00,payment-api-7f8d1,payment-api,0,474.85,0.4637,0,
payment-api-7f8d1_245,2026-07-13T09:04:05+00:00,payment-api-7f8d1,payment-api,0,458.38,0.4476,0,
payment-api-7f8d1_246,2026-07-13T09:04:06+00:00,payment-api-7f8d1,payment-api,0,454.0,0.4434,0,
payment-api-7f8d1_247,2026-07-13T09:04:07+00:00,payment-api-7f8d1,payment-api,0,451.19,0.4406,0,
payment-api-7f8d1_248,2026-07-13T09:04:08+00:00,payment-api-7f8d1,payment-api,0,459.94,0.4492,0,
payment-api-7f8d1_249,2026-07-13T09:04:09+00:00,payment-api-7f8d1,payment-api,0,460.32,0.4495,0,
payment-api-7f8d1_250,2026-07-13T09:04:10+00:00,payment-api-7f8d1,payment-api,0,468.3,0.4573,0,
payment-api-7f8d1_251,2026-07-13T09:04:11+00:00,payment-api-7f8d1,payment-api,0,464.85,0.454,0,
payment-api-7f8d1_252,2026-07-13T09:04:12+00:00,payment-api-7f8d1,payment-api,0,470.52,0.4595,0,
payment-api-7f8d1_253,2026-07-13T09:04:13+00:00,payment-api-7f8d1,payment-api,0,484.9,0.4735,0,
payment-api-7f8d1_254,2026-07-13T09:04:14+00:00,payment-api-7f8d1,payment-api,0,466.69,0.4558,0,
payment-api-7f8d1_255,2026-07-13T09:04:15+00:00,payment-api-7f8d1,payment-api,0,484.15,0.4728,0,
payment-api-7f8d1_256,2026-07-13T09:04:16+00:00,payment-api-7f8d1,payment-api,0,482.25,0.4709,0,
payment-api-7f8d1_257,2026-07-13T09:04:17+00:00,payment-api-7f8d1,payment-api,0,467.24,0.4563,0,
payment-api-7f8d1_258,2026-07-13T09:04:18+00:00,payment-api-7f8d1,payment-api,0,494.69,0.4831,0,
payment-api-7f8d1_259,2026-07-13T09:04:19+00:00,payment-api-7f8d1,payment-api,0,481.56,0.4703,0,
payment-api-7f8d1_260,2026-07-13T09:04:20+00:00,payment-api-7f8d1,payment-api,0,474.78,0.4637,0,
payment-api-7f8d1_261,2026-07-13T09:04:21+00:00,payment-api-7f8d1,payment-api,0,498.48,0.4868,0,
payment-api-7f8d1_262,2026-07-13T09:04:22+00:00,payment-api-7f8d1,payment-api,0,485.63,0.4742,0,
payment-api-7f8d1_263,2026-07-13T09:04:23+00:00,payment-api-7f8d1,payment-api,0,495.8,0.4842,0,
payment-api-7f8d1_264,2026-07-13T09:04:24+00:00,payment-api-7f8d1,payment-api,0,489.39,0.4779,0,
payment-api-7f8d1_265,2026-07-13T09:04:25+00:00,payment-api-7f8d1,payment-api,0,492.41,0.4809,0,
payment-api-7f8d1_266,2026-07-13T09:04:26+00:00,payment-api-7f8d1,payment-api,0,494.73,0.4831,0,
payment-api-7f8d1_267,2026-07-13T09:04:27+00:00,payment-api-7f8d1,payment-api,0,489.87,0.4784,0,
payment-api-7f8d1_268,2026-07-13T09:04:28+00:00,payment-api-7f8d1,payment-api,0,500.2,0.4885,0,
payment-api-7f8d1_269,2026-07-13T09:04:29+00:00,payment-api-7f8d1,payment-api,0,477.58,0.4664,0,
payment-api-7f8d1_270,2026-07-13T09:04:30+00:00,payment-api-7f8d1,payment-api,0,506.46,0.4946,0,
payment-api-7f8d1_271,2026-07-13T09:04:31+00:00,payment-api-7f8d1,payment-api,0,502.01,0.4902,0,
payment-api-7f8d1_272,2026-07-13T09:04:32+00:00,payment-api-7f8d1,payment-api,0,495.07,0.4835,0,
payment-api-7f8d1_273,2026-07-13T09:04:33+00:00,payment-api-7f8d1,payment-api,0,511.47,0.4995,0,
payment-api-7f8d1_274,2026-07-13T09:04:34+00:00,payment-api-7f8d1,payment-api,0,498.68,0.487,0,
payment-api-7f8d1_275,2026-07-13T09:04:35+00:00,payment-api-7f8d1,payment-api,0,512.33,0.5003,0,
payment-api-7f8d1_276,2026-07-13T09:04:36+00:00,payment-api-7f8d1,payment-api,0,502.01,0.4902,0,
payment-api-7f8d1_277,2026-07-13T09:04:37+00:00,payment-api-7f8d1,payment-api,0,504.84,0.493,0,
payment-api-7f8d1_278,2026-07-13T09:04:38+00:00,payment-api-7f8d1,payment-api,0,511.16,0.4992,0,
payment-api-7f8d1_279,2026-07-13T09:04:39+00:00,payment-api-7f8d1,payment-api,0,502.62,0.4908,0,
payment-api-7f8d1_280,2026-07-13T09:04:40+00:00,payment-api-7f8d1,payment-api,0,503.99,0.4922,0,
payment-api-7f8d1_281,2026-07-13T09:04:41+00:00,payment-api-7f8d1,payment-api,0,514.74,0.5027,0,
payment-api-7f8d1_282,2026-07-13T09:04:42+00:00,payment-api-7f8d1,payment-api,0,524.01,0.5117,0,
payment-api-7f8d1_283,2026-07-13T09:04:43+00:00,payment-api-7f8d1,payment-api,0,529.95,0.5175,0,
payment-api-7f8d1_284,2026-07-13T09:04:44+00:00,payment-api-7f8d1,payment-api,0,546.83,0.534,0,
payment-api-7f8d1_285,2026-07-13T09:04:45+00:00,payment-api-7f8d1,payment-api,0,526.81,0.5145,0,
payment-api-7f8d1_286,2026-07-13T09:04:46+00:00,payment-api-7f8d1,payment-api,0,521.39,0.5092,0,
payment-api-7f8d1_287,2026-07-13T09:04:47+00:00,payment-api-7f8d1,payment-api,0,532.36,0.5199,0,
payment-api-7f8d1_288,2026-07-13T09:04:48+00:00,payment-api-7f8d1,payment-api,0,534.97,0.5224,0,
payment-api-7f8d1_289,2026-07-13T09:04:49+00:00,payment-api-7f8d1,payment-api,0,536.43,0.5239,0,
payment-api-7f8d1_290,2026-07-13T09:04:50+00:00,payment-api-7f8d1,payment-api,0,526.63,0.5143,0,
payment-api-7f8d1_291,2026-07-13T09:04:51+00:00,payment-api-7f8d1,payment-api,0,538.66,0.526,0,
payment-api-7f8d1_292,2026-07-13T09:04:52+00:00,payment-api-7f8d1,payment-api,0,541.73,0.529,0,
payment-api-7f8d1_293,2026-07-13T09:04:53+00:00,payment-api-7f8d1,payment-api,0,528.15,0.5158,0,
payment-api-7f8d1_294,2026-07-13T09:04:54+00:00,payment-api-7f8d1,payment-api,0,535.93,0.5234,0,
payment-api-7f8d1_295,2026-07-13T09:04:55+00:00,payment-api-7f8d1,payment-api,0,541.25,0.5286,0,
payment-api-7f8d1_296,2026-07-13T09:04:56+00:00,payment-api-7f8d1,payment-api,0,547.45,0.5346,0,
payment-api-7f8d1_297,2026-07-13T09:04:57+00:00,payment-api-7f8d1,payment-api,0,527.6,0.5152,0,
payment-api-7f8d1_298,2026-07-13T09:04:58+00:00,payment-api-7f8d1,payment-api,0,541.03,0.5283,0,
payment-api-7f8d1_299,2026-07-13T09:04:59+00:00,payment-api-7f8d1,payment-api,0,547.49,0.5347,0,
payment-api-7f8d1_300,2026-07-13T09:05:00+00:00,payment-api-7f8d1,payment-api,0,555.64,0.5426,0,
payment-api-7f8d1_301,2026-07-13T09:05:01+00:00,payment-api-7f8d1,payment-api,0,556.03,0.543,0,
payment-api-7f8d1_302,2026-07-13T09:05:02+00:00,payment-api-7f8d1,payment-api,0,552.01,0.5391,0,
payment-api-7f8d1_303,2026-07-13T09:05:03+00:00,payment-api-7f8d1,payment-api,0,556.94,0.5439,0,
payment-api-7f8d1_304,2026-07-13T09:05:04+00:00,payment-api-7f8d1,payment-api,0,560.86,0.5477,0,
payment-api-7f8d1_305,2026-07-13T09:05:05+00:00,payment-api-7f8d1,payment-api,0,553.44,0.5405,0,
payment-api-7f8d1_306,2026-07-13T09:05:06+00:00,payment-api-7f8d1,payment-api,0,567.97,0.5547,0,
payment-api-7f8d1_307,2026-07-13T09:05:07+00:00,payment-api-7f8d1,payment-api,0,549.92,0.537,0,
payment-api-7f8d1_308,2026-07-13T09:05:08+00:00,payment-api-7f8d1,payment-api,0,541.59,0.5289,0,
payment-api-7f8d1_309,2026-07-13T09:05:09+00:00,payment-api-7f8d1,payment-api,0,557.48,0.5444,0,
payment-api-7f8d1_310,2026-07-13T09:05:10+00:00,payment-api-7f8d1,payment-api,0,577.95,0.5644,0,
payment-api-7f8d1_311,2026-07-13T09:05:11+00:00,payment-api-7f8d1,payment-api,0,561.52,0.5484,0,
payment-api-7f8d1_312,2026-07-13T09:05:12+00:00,payment-api-7f8d1,payment-api,0,559.86,0.5467,0,
payment-api-7f8d1_313,2026-07-13T09:05:13+00:00,payment-api-7f8d1,payment-api,0,571.87,0.5585,0,
payment-api-7f8d1_314,2026-07-13T09:05:14+00:00,payment-api-7f8d1,payment-api,0,582.0,0.5684,0,
payment-api-7f8d1_315,2026-07-13T09:05:15+00:00,payment-api-7f8d1,payment-api,0,574.5,0.561,0,
payment-api-7f8d1_316,2026-07-13T09:05:16+00:00,payment-api-7f8d1,payment-api,0,564.33,0.5511,0,
payment-api-7f8d1_317,2026-07-13T09:05:17+00:00,payment-api-7f8d1,payment-api,0,566.19,0.5529,0,
payment-api-7f8d1_318,2026-07-13T09:05:18+00:00,payment-api-7f8d1,payment-api,0,578.44,0.5649,0,
payment-api-7f8d1_319,2026-07-13T09:05:19+00:00,payment-api-7f8d1,payment-api,0,576.01,0.5625,0,
payment-api-7f8d1_320,2026-07-13T09:05:20+00:00,payment-api-7f8d1,payment-api,0,572.43,0.559,0,
payment-api-7f8d1_321,2026-07-13T09:05:21+00:00,payment-api-7f8d1,payment-api,0,579.06,0.5655,0,
payment-api-7f8d1_322,2026-07-13T09:05:22+00:00,payment-api-7f8d1,payment-api,0,598.92,0.5849,0,
payment-api-7f8d1_323,2026-07-13T09:05:23+00:00,payment-api-7f8d1,payment-api,0,585.45,0.5717,0,
payment-api-7f8d1_324,2026-07-13T09:05:24+00:00,payment-api-7f8d1,payment-api,0,582.51,0.5689,0,
payment-api-7f8d1_325,2026-07-13T09:05:25+00:00,payment-api-7f8d1,payment-api,0,586.95,0.5732,0,
payment-api-7f8d1_326,2026-07-13T09:05:26+00:00,payment-api-7f8d1,payment-api,0,583.78,0.5701,0,
payment-api-7f8d1_327,2026-07-13T09:05:27+00:00,payment-api-7f8d1,payment-api,0,585.6,0.5719,0,
payment-api-7f8d1_328,2026-07-13T09:05:28+00:00,payment-api-7f8d1,payment-api,0,592.75,0.5789,0,
payment-api-7f8d1_329,2026-07-13T09:05:29+00:00,payment-api-7f8d1,payment-api,0,592.68,0.5788,0,
payment-api-7f8d1_330,2026-07-13T09:05:30+00:00,payment-api-7f8d1,payment-api,0,583.97,0.5703,0,
payment-api-7f8d1_331,2026-07-13T09:05:31+00:00,payment-api-7f8d1,payment-api,0,595.24,0.5813,0,
payment-api-7f8d1_332,2026-07-13T09:05:32+00:00,payment-api-7f8d1,payment-api,0,598.01,0.584,0,
payment-api-7f8d1_333,2026-07-13T09:05:33+00:00,payment-api-7f8d1,payment-api,0,607.57,0.5933,0,
payment-api-7f8d1_334,2026-07-13T09:05:34+00:00,payment-api-7f8d1,payment-api,0,604.36,0.5902,0,
payment-api-7f8d1_335,2026-07-13T09:05:35+00:00,payment-api-7f8d1,payment-api,0,601.7,0.5876,0,
payment-api-7f8d1_336,2026-07-13T09:05:36+00:00,payment-api-7f8d1,payment-api,0,599.24,0.5852,0,
payment-api-7f8d1_337,2026-07-13T09:05:37+00:00,payment-api-7f8d1,payment-api,0,606.7,0.5925,0,
payment-api-7f8d1_338,2026-07-13T09:05:38+00:00,payment-api-7f8d1,payment-api,0,604.56,0.5904,0,
payment-api-7f8d1_339,2026-07-13T09:05:39+00:00,payment-api-7f8d1,payment-api,0,591.19,0.5773,0,
payment-api-7f8d1_340,2026-07-13T09:05:40+00:00,payment-api-7f8d1,payment-api,0,614.46,0.6001,0,
payment-api-7f8d1_341,2026-07-13T09:05:41+00:00,payment-api-7f8d1,payment-api,0,597.75,0.5837,0,
payment-api-7f8d1_342,2026-07-13T09:05:42+00:00,payment-api-7f8d1,payment-api,0,623.0,0.6084,0,
payment-api-7f8d1_343,2026-07-13T09:05:43+00:00,payment-api-7f8d1,payment-api,0,616.42,0.602,0,
payment-api-7f8d1_344,2026-07-13T09:05:44+00:00,payment-api-7f8d1,payment-api,0,603.74,0.5896,0,
payment-api-7f8d1_345,2026-07-13T09:05:45+00:00,payment-api-7f8d1,payment-api,0,607.63,0.5934,0,
payment-api-7f8d1_346,2026-07-13T09:05:46+00:00,payment-api-7f8d1,payment-api,0,613.52,0.5991,0,
payment-api-7f8d1_347,2026-07-13T09:05:47+00:00,payment-api-7f8d1,payment-api,0,626.67,0.612,0,
payment-api-7f8d1_348,2026-07-13T09:05:48+00:00,payment-api-7f8d1,payment-api,0,607.7,0.5935,0,
payment-api-7f8d1_349,2026-07-13T09:05:49+00:00,payment-api-7f8d1,payment-api,0,612.06,0.5977,0,
payment-api-7f8d1_350,2026-07-13T09:05:50+00:00,payment-api-7f8d1,payment-api,0,632.82,0.618,0,
payment-api-7f8d1_351,2026-07-13T09:05:51+00:00,payment-api-7f8d1,payment-api,0,624.53,0.6099,0,
payment-api-7f8d1_352,2026-07-13T09:05:52+00:00,payment-api-7f8d1,payment-api,0,624.64,0.61,0,
payment-api-7f8d1_353,2026-07-13T09:05:53+00:00,payment-api-7f8d1,payment-api,0,626.52,0.6118,0,
payment-api-7f8d1_354,2026-07-13T09:05:54+00:00,payment-api-7f8d1,payment-api,0,636.06,0.6212,0,
payment-api-7f8d1_355,2026-07-13T09:05:55+00:00,payment-api-7f8d1,payment-api,0,628.79,0.6141,0,
payment-api-7f8d1_356,2026-07-13T09:05:56+00:00,payment-api-7f8d1,payment-api,0,637.63,0.6227,0,
payment-api-7f8d1_357,2026-07-13T09:05:57+00:00,payment-api-7f8d1,payment-api,0,629.3,0.6146,0,
payment-api-7f8d1_358,2026-07-13T09:05:58+00:00,payment-api-7f8d1,payment-api,0,645.73,0.6306,0,
payment-api-7f8d1_359,2026-07-13T09:05:59+00:00,payment-api-7f8d1,payment-api,0,625.65,0.611,0,
payment-api-7f8d1_360,2026-07-13T09:06:00+00:00,payment-api-7f8d1,payment-api,0,639.73,0.6247,0,
payment-api-7f8d1_361,2026-07-13T09:06:01+00:00,payment-api-7f8d1,payment-api,0,637.08,0.6221,0,
payment-api-7f8d1_362,2026-07-13T09:06:02+00:00,payment-api-7f8d1,payment-api,0,640.48,0.6255,0,
payment-api-7f8d1_363,2026-07-13T09:06:03+00:00,payment-api-7f8d1,payment-api,0,646.47,0.6313,0,
payment-api-7f8d1_364,2026-07-13T09:06:04+00:00,payment-api-7f8d1,payment-api,0,649.39,0.6342,0,
payment-api-7f8d1_365,2026-07-13T09:06:05+00:00,payment-api-7f8d1,payment-api,0,632.87,0.618,0,
payment-api-7f8d1_366,2026-07-13T09:06:06+00:00,payment-api-7f8d1,payment-api,0,645.73,0.6306,0,
payment-api-7f8d1_367,2026-07-13T09:06:07+00:00,payment-api-7f8d1,payment-api,0,657.06,0.6417,0,
payment-api-7f8d1_368,2026-07-13T09:06:08+00:00,payment-api-7f8d1,payment-api,0,642.23,0.6272,0,
payment-api-7f8d1_369,2026-07-13T09:06:09+00:00,payment-api-7f8d1,payment-api,0,662.87,0.6473,0,
payment-api-7f8d1_370,2026-07-13T09:06:10+00:00,payment-api-7f8d1,payment-api,0,661.82,0.6463,0,
payment-api-7f8d1_371,2026-07-13T09:06:11+00:00,payment-api-7f8d1,payment-api,0,676.39,0.6605,0,
payment-api-7f8d1_372,2026-07-13T09:06:12+00:00,payment-api-7f8d1,payment-api,0,665.33,0.6497,0,
payment-api-7f8d1_373,2026-07-13T09:06:13+00:00,payment-api-7f8d1,payment-api,0,667.57,0.6519,0,
payment-api-7f8d1_374,2026-07-13T09:06:14+00:00,payment-api-7f8d1,payment-api,0,671.03,0.6553,0,
payment-api-7f8d1_375,2026-07-13T09:06:15+00:00,payment-api-7f8d1,payment-api,0,667.54,0.6519,0,
payment-api-7f8d1_376,2026-07-13T09:06:16+00:00,payment-api-7f8d1,payment-api,0,670.11,0.6544,0,
payment-api-7f8d1_377,2026-07-13T09:06:17+00:00,payment-api-7f8d1,payment-api,0,671.31,0.6556,0,
payment-api-7f8d1_378,2026-07-13T09:06:18+00:00,payment-api-7f8d1,payment-api,0,664.6,0.649,0,
payment-api-7f8d1_379,2026-07-13T09:06:19+00:00,payment-api-7f8d1,payment-api,0,665.41,0.6498,0,
payment-api-7f8d1_380,2026-07-13T09:06:20+00:00,payment-api-7f8d1,payment-api,0,674.83,0.659,0,
payment-api-7f8d1_381,2026-07-13T09:06:21+00:00,payment-api-7f8d1,payment-api,0,679.48,0.6636,0,
payment-api-7f8d1_382,2026-07-13T09:06:22+00:00,payment-api-7f8d1,payment-api,0,678.61,0.6627,0,
payment-api-7f8d1_383,2026-07-13T09:06:23+00:00,payment-api-7f8d1,payment-api,0,673.01,0.6572,0,
payment-api-7f8d1_384,2026-07-13T09:06:24+00:00,payment-api-7f8d1,payment-api,0,665.99,0.6504,0,
payment-api-7f8d1_385,2026-07-13T09:06:25+00:00,payment-api-7f8d1,payment-api,0,675.22,0.6594,0,
payment-api-7f8d1_386,2026-07-13T09:06:26+00:00,payment-api-7f8d1,payment-api,0,682.24,0.6663,0,
payment-api-7f8d1_387,2026-07-13T09:06:27+00:00,payment-api-7f8d1,payment-api,0,675.18,0.6594,0,
payment-api-7f8d1_388,2026-07-13T09:06:28+00:00,payment-api-7f8d1,payment-api,0,694.89,0.6786,0,
payment-api-7f8d1_389,2026-07-13T09:06:29+00:00,payment-api-7f8d1,payment-api,0,686.21,0.6701,0,
payment-api-7f8d1_390,2026-07-13T09:06:30+00:00,payment-api-7f8d1,payment-api,0,685.79,0.6697,0,
payment-api-7f8d1_391,2026-07-13T09:06:31+00:00,payment-api-7f8d1,payment-api,0,676.79,0.6609,0,
payment-api-7f8d1_392,2026-07-13T09:06:32+00:00,payment-api-7f8d1,payment-api,0,690.89,0.6747,0,
payment-api-7f8d1_393,2026-07-13T09:06:33+00:00,payment-api-7f8d1,payment-api,0,685.75,0.6697,0,
payment-api-7f8d1_394,2026-07-13T09:06:34+00:00,payment-api-7f8d1,payment-api,0,700.06,0.6837,0,
payment-api-7f8d1_395,2026-07-13T09:06:35+00:00,payment-api-7f8d1,payment-api,0,675.85,0.66,0,
payment-api-7f8d1_396,2026-07-13T09:06:36+00:00,payment-api-7f8d1,payment-api,0,707.1,0.6905,0,
payment-api-7f8d1_397,2026-07-13T09:06:37+00:00,payment-api-7f8d1,payment-api,0,690.95,0.6748,0,
payment-api-7f8d1_398,2026-07-13T09:06:38+00:00,payment-api-7f8d1,payment-api,0,697.48,0.6811,0,
payment-api-7f8d1_399,2026-07-13T09:06:39+00:00,payment-api-7f8d1,payment-api,0,685.56,0.6695,0,
payment-api-7f8d1_400,2026-07-13T09:06:40+00:00,payment-api-7f8d1,payment-api,0,706.52,0.69,0,
payment-api-7f8d1_401,2026-07-13T09:06:41+00:00,payment-api-7f8d1,payment-api,0,702.31,0.6858,0,
payment-api-7f8d1_402,2026-07-13T09:06:42+00:00,payment-api-7f8d1,payment-api,0,700.31,0.6839,0,
payment-api-7f8d1_403,2026-07-13T09:06:43+00:00,payment-api-7f8d1,payment-api,0,699.14,0.6828,0,
payment-api-7f8d1_404,2026-07-13T09:06:44+00:00,payment-api-7f8d1,payment-api,0,700.77,0.6843,0,
payment-api-7f8d1_405,2026-07-13T09:06:45+00:00,payment-api-7f8d1,payment-api,0,700.93,0.6845,0,
payment-api-7f8d1_406,2026-07-13T09:06:46+00:00,payment-api-7f8d1,payment-api,0,713.17,0.6965,0,
payment-api-7f8d1_407,2026-07-13T09:06:47+00:00,payment-api-7f8d1,payment-api,0,715.13,0.6984,0,
payment-api-7f8d1_408,2026-07-13T09:06:48+00:00,payment-api-7f8d1,payment-api,0,720.29,0.7034,0,
payment-api-7f8d1_409,2026-07-13T09:06:49+00:00,payment-api-7f8d1,payment-api,0,708.23,0.6916,0,
payment-api-7f8d1_410,2026-07-13T09:06:50+00:00,payment-api-7f8d1,payment-api,0,714.48,0.6977,0,
payment-api-7f8d1_411,2026-07-13T09:06:51+00:00,payment-api-7f8d1,payment-api,0,725.12,0.7081,0,
payment-api-7f8d1_412,2026-07-13T09:06:52+00:00,payment-api-7f8d1,payment-api,0,722.7,0.7058,0,
payment-api-7f8d1_413,2026-07-13T09:06:53+00:00,payment-api-7f8d1,payment-api,0,724.14,0.7072,0,
payment-api-7f8d1_414,2026-07-13T09:06:54+00:00,payment-api-7f8d1,payment-api,0,725.71,0.7087,0,
payment-api-7f8d1_415,2026-07-13T09:06:55+00:00,payment-api-7f8d1,payment-api,0,724.59,0.7076,0,
payment-api-7f8d1_416,2026-07-13T09:06:56+00:00,payment-api-7f8d1,payment-api,0,715.68,0.6989,0,
payment-api-7f8d1_417,2026-07-13T09:06:57+00:00,payment-api-7f8d1,payment-api,0,726.27,0.7092,0,
payment-api-7f8d1_418,2026-07-13T09:06:58+00:00,payment-api-7f8d1,payment-api,0,738.37,0.7211,0,
payment-api-7f8d1_419,2026-07-13T09:06:59+00:00,payment-api-7f8d1,payment-api,0,728.67,0.7116,0,
payment-api-7f8d1_420,2026-07-13T09:07:00+00:00,payment-api-7f8d1,payment-api,0,740.22,0.7229,0,
payment-api-7f8d1_421,2026-07-13T09:07:01+00:00,payment-api-7f8d1,payment-api,0,726.07,0.7091,0,
payment-api-7f8d1_422,2026-07-13T09:07:02+00:00,payment-api-7f8d1,payment-api,0,735.27,0.718,0,
payment-api-7f8d1_423,2026-07-13T09:07:03+00:00,payment-api-7f8d1,payment-api,0,723.76,0.7068,0,
payment-api-7f8d1_424,2026-07-13T09:07:04+00:00,payment-api-7f8d1,payment-api,0,733.07,0.7159,0,
payment-api-7f8d1_425,2026-07-13T09:07:05+00:00,payment-api-7f8d1,payment-api,0,735.61,0.7184,0,
payment-api-7f8d1_426,2026-07-13T09:07:06+00:00,payment-api-7f8d1,payment-api,0,737.11,0.7198,0,
payment-api-7f8d1_427,2026-07-13T09:07:07+00:00,payment-api-7f8d1,payment-api,0,760.4,0.7426,0,
payment-api-7f8d1_428,2026-07-13T09:07:08+00:00,payment-api-7f8d1,payment-api,0,739.07,0.7217,0,
payment-api-7f8d1_429,2026-07-13T09:07:09+00:00,payment-api-7f8d1,payment-api,0,731.74,0.7146,0,
payment-api-7f8d1_430,2026-07-13T09:07:10+00:00,payment-api-7f8d1,payment-api,0,751.49,0.7339,0,
payment-api-7f8d1_431,2026-07-13T09:07:11+00:00,payment-api-7f8d1,payment-api,0,742.03,0.7246,0,
payment-api-7f8d1_432,2026-07-13T09:07:12+00:00,payment-api-7f8d1,payment-api,0,739.68,0.7223,0,
payment-api-7f8d1_433,2026-07-13T09:07:13+00:00,payment-api-7f8d1,payment-api,0,753.91,0.7362,0,
payment-api-7f8d1_434,2026-07-13T09:07:14+00:00,payment-api-7f8d1,payment-api,0,747.78,0.7303,0,
payment-api-7f8d1_435,2026-07-13T09:07:15+00:00,payment-api-7f8d1,payment-api,0,767.02,0.749,0,
payment-api-7f8d1_436,2026-07-13T09:07:16+00:00,payment-api-7f8d1,payment-api,0,738.84,0.7215,0,
payment-api-7f8d1_437,2026-07-13T09:07:17+00:00,payment-api-7f8d1,payment-api,0,749.52,0.732,0,
payment-api-7f8d1_438,2026-07-13T09:07:18+00:00,payment-api-7f8d1,payment-api,0,765.4,0.7475,0,
payment-api-7f8d1_439,2026-07-13T09:07:19+00:00,payment-api-7f8d1,payment-api,0,760.59,0.7428,0,
payment-api-7f8d1_440,2026-07-13T09:07:20+00:00,payment-api-7f8d1,payment-api,0,764.82,0.7469,0,
payment-api-7f8d1_441,2026-07-13T09:07:21+00:00,payment-api-7f8d1,payment-api,0,755.64,0.7379,0,
payment-api-7f8d1_442,2026-07-13T09:07:22+00:00,payment-api-7f8d1,payment-api,0,764.81,0.7469,0,
payment-api-7f8d1_443,2026-07-13T09:07:23+00:00,payment-api-7f8d1,payment-api,0,769.53,0.7515,0,
payment-api-7f8d1_444,2026-07-13T09:07:24+00:00,payment-api-7f8d1,payment-api,0,775.27,0.7571,0,
payment-api-7f8d1_445,2026-07-13T09:07:25+00:00,payment-api-7f8d1,payment-api,0,768.33,0.7503,0,
payment-api-7f8d1_446,2026-07-13T09:07:26+00:00,payment-api-7f8d1,payment-api,0,766.03,0.7481,0,
payment-api-7f8d1_447,2026-07-13T09:07:27+00:00,payment-api-7f8d1,payment-api,0,768.58,0.7506,0,
payment-api-7f8d1_448,2026-07-13T09:07:28+00:00,payment-api-7f8d1,payment-api,0,769.59,0.7516,0,
payment-api-7f8d1_449,2026-07-13T09:07:29+00:00,payment-api-7f8d1,payment-api,0,801.21,0.7824,0,
payment-api-7f8d1_450,2026-07-13T09:07:30+00:00,payment-api-7f8d1,payment-api,0,782.32,0.764,0,
payment-api-7f8d1_451,2026-07-13T09:07:31+00:00,payment-api-7f8d1,payment-api,0,769.56,0.7515,0,
payment-api-7f8d1_452,2026-07-13T09:07:32+00:00,payment-api-7f8d1,payment-api,0,782.19,0.7639,0,
payment-api-7f8d1_453,2026-07-13T09:07:33+00:00,payment-api-7f8d1,payment-api,0,775.14,0.757,0,
payment-api-7f8d1_454,2026-07-13T09:07:34+00:00,payment-api-7f8d1,payment-api,0,797.47,0.7788,0,
payment-api-7f8d1_455,2026-07-13T09:07:35+00:00,payment-api-7f8d1,payment-api,0,777.74,0.7595,0,
payment-api-7f8d1_456,2026-07-13T09:07:36+00:00,payment-api-7f8d1,payment-api,0,780.34,0.7621,0,
payment-api-7f8d1_457,2026-07-13T09:07:37+00:00,payment-api-7f8d1,payment-api,0,794.53,0.7759,0,
payment-api-7f8d1_458,2026-07-13T09:07:38+00:00,payment-api-7f8d1,payment-api,0,790.09,0.7716,0,
payment-api-7f8d1_459,2026-07-13T09:07:39+00:00,payment-api-7f8d1,payment-api,0,783.24,0.7649,0,
payment-api-7f8d1_460,2026-07-13T09:07:40+00:00,payment-api-7f8d1,payment-api,0,789.3,0.7708,0,
payment-api-7f8d1_461,2026-07-13T09:07:41+00:00,payment-api-7f8d1,payment-api,0,781.03,0.7627,0,
payment-api-7f8d1_462,2026-07-13T09:07:42+00:00,payment-api-7f8d1,payment-api,0,806.22,0.7873,0,
payment-api-7f8d1_463,2026-07-13T09:07:43+00:00,payment-api-7f8d1,payment-api,0,803.23,0.7844,0,
payment-api-7f8d1_464,2026-07-13T09:07:44+00:00,payment-api-7f8d1,payment-api,0,801.28,0.7825,0,
payment-api-7f8d1_465,2026-07-13T09:07:45+00:00,payment-api-7f8d1,payment-api,0,802.11,0.7833,0,
payment-api-7f8d1_466,2026-07-13T09:07:46+00:00,payment-api-7f8d1,payment-api,0,816.31,0.7972,0,
payment-api-7f8d1_467,2026-07-13T09:07:47+00:00,payment-api-7f8d1,payment-api,0,811.05,0.792,0,
payment-api-7f8d1_468,2026-07-13T09:07:48+00:00,payment-api-7f8d1,payment-api,0,800.95,0.7822,0,
payment-api-7f8d1_469,2026-07-13T09:07:49+00:00,payment-api-7f8d1,payment-api,0,814.22,0.7951,0,
payment-api-7f8d1_470,2026-07-13T09:07:50+00:00,payment-api-7f8d1,payment-api,0,813.95,0.7949,0,
payment-api-7f8d1_471,2026-07-13T09:07:51+00:00,payment-api-7f8d1,payment-api,0,813.68,0.7946,0,
payment-api-7f8d1_472,2026-07-13T09:07:52+00:00,payment-api-7f8d1,payment-api,0,825.77,0.8064,0,
payment-api-7f8d1_473,2026-07-13T09:07:53+00:00,payment-api-7f8d1,payment-api,0,822.77,0.8035,0,
payment-api-7f8d1_474,2026-07-13T09:07:54+00:00,payment-api-7f8d1,payment-api,0,818.86,0.7997,0,
payment-api-7f8d1_475,2026-07-13T09:07:55+00:00,payment-api-7f8d1,payment-api,0,825.91,0.8066,0,
payment-api-7f8d1_476,2026-07-13T09:07:56+00:00,payment-api-7f8d1,payment-api,0,828.57,0.8092,0,
payment-api-7f8d1_477,2026-07-13T09:07:57+00:00,payment-api-7f8d1,payment-api,0,828.88,0.8095,0,
payment-api-7f8d1_478,2026-07-13T09:07:58+00:00,payment-api-7f8d1,payment-api,0,820.27,0.801,0,
payment-api-7f8d1_479,2026-07-13T09:07:59+00:00,payment-api-7f8d1,payment-api,0,826.71,0.8073,0,
payment-api-7f8d1_480,2026-07-13T09:08:00+00:00,payment-api-7f8d1,payment-api,0,818.46,0.7993,0,
payment-api-7f8d1_481,2026-07-13T09:08:01+00:00,payment-api-7f8d1,payment-api,0,824.24,0.8049,0,
payment-api-7f8d1_482,2026-07-13T09:08:02+00:00,payment-api-7f8d1,payment-api,0,832.68,0.8132,0,
payment-api-7f8d1_483,2026-07-13T09:08:03+00:00,payment-api-7f8d1,payment-api,0,840.36,0.8207,0,
payment-api-7f8d1_484,2026-07-13T09:08:04+00:00,payment-api-7f8d1,payment-api,0,835.96,0.8164,0,
payment-api-7f8d1_485,2026-07-13T09:08:05+00:00,payment-api-7f8d1,payment-api,0,827.18,0.8078,0,
payment-api-7f8d1_486,2026-07-13T09:08:06+00:00,payment-api-7f8d1,payment-api,0,830.42,0.811,0,
payment-api-7f8d1_487,2026-07-13T09:08:07+00:00,payment-api-7f8d1,payment-api,0,817.86,0.7987,0,
payment-api-7f8d1_488,2026-07-13T09:08:08+00:00,payment-api-7f8d1,payment-api,0,849.59,0.8297,0,
payment-api-7f8d1_489,2026-07-13T09:08:09+00:00,payment-api-7f8d1,payment-api,0,826.42,0.8071,0,
payment-api-7f8d1_490,2026-07-13T09:08:10+00:00,payment-api-7f8d1,payment-api,0,852.09,0.8321,0,
payment-api-7f8d1_491,2026-07-13T09:08:11+00:00,payment-api-7f8d1,payment-api,0,826.41,0.807,0,
payment-api-7f8d1_492,2026-07-13T09:08:12+00:00,payment-api-7f8d1,payment-api,0,839.17,0.8195,0,
payment-api-7f8d1_493,2026-07-13T09:08:13+00:00,payment-api-7f8d1,payment-api,0,836.52,0.8169,0,
payment-api-7f8d1_494,2026-07-13T09:08:14+00:00,payment-api-7f8d1,payment-api,0,841.72,0.822,0,
payment-api-7f8d1_495,2026-07-13T09:08:15+00:00,payment-api-7f8d1,payment-api,0,847.37,0.8275,0,
payment-api-7f8d1_496,2026-07-13T09:08:16+00:00,payment-api-7f8d1,payment-api,0,854.11,0.8341,0,
payment-api-7f8d1_497,2026-07-13T09:08:17+00:00,payment-api-7f8d1,payment-api,0,845.46,0.8256,0,
payment-api-7f8d1_498,2026-07-13T09:08:18+00:00,payment-api-7f8d1,payment-api,0,855.69,0.8356,0,
payment-api-7f8d1_499,2026-07-13T09:08:19+00:00,payment-api-7f8d1,payment-api,0,832.78,0.8133,0,
payment-api-7f8d1_500,2026-07-13T09:08:20+00:00,payment-api-7f8d1,payment-api,0,868.06,0.8477,0,
payment-api-7f8d1_501,2026-07-13T09:08:21+00:00,payment-api-7f8d1,payment-api,0,854.94,0.8349,0,
payment-api-7f8d1_502,2026-07-13T09:08:22+00:00,payment-api-7f8d1,payment-api,0,864.15,0.8439,0,
payment-api-7f8d1_503,2026-07-13T09:08:23+00:00,payment-api-7f8d1,payment-api,0,858.03,0.8379,0,
payment-api-7f8d1_504,2026-07-13T09:08:24+00:00,payment-api-7f8d1,payment-api,0,858.45,0.8383,0,
payment-api-7f8d1_505,2026-07-13T09:08:25+00:00,payment-api-7f8d1,payment-api,0,860.32,0.8402,0,
payment-api-7f8d1_506,2026-07-13T09:08:26+00:00,payment-api-7f8d1,payment-api,0,849.83,0.8299,0,
payment-api-7f8d1_507,2026-07-13T09:08:27+00:00,payment-api-7f8d1,payment-api,0,857.49,0.8374,0,
payment-api-7f8d1_508,2026-07-13T09:08:28+00:00,payment-api-7f8d1,payment-api,0,855.44,0.8354,0,
payment-api-7f8d1_509,2026-07-13T09:08:29+00:00,payment-api-7f8d1,payment-api,0,880.61,0.86,0,
payment-api-7f8d1_510,2026-07-13T09:08:30+00:00,payment-api-7f8d1,payment-api,0,858.14,0.838,0,
payment-api-7f8d1_511,2026-07-13T09:08:31+00:00,payment-api-7f8d1,payment-api,0,872.92,0.8525,0,
payment-api-7f8d1_512,2026-07-13T09:08:32+00:00,payment-api-7f8d1,payment-api,0,877.23,0.8567,0,
payment-api-7f8d1_513,2026-07-13T09:08:33+00:00,payment-api-7f8d1,payment-api,0,874.15,0.8537,0,
payment-api-7f8d1_514,2026-07-13T09:08:34+00:00,payment-api-7f8d1,payment-api,0,886.99,0.8662,0,
payment-api-7f8d1_515,2026-07-13T09:08:35+00:00,payment-api-7f8d1,payment-api,0,887.78,0.867,0,
payment-api-7f8d1_516,2026-07-13T09:08:36+00:00,payment-api-7f8d1,payment-api,0,874.54,0.854,0,
payment-api-7f8d1_517,2026-07-13T09:08:37+00:00,payment-api-7f8d1,payment-api,0,889.64,0.8688,0,
payment-api-7f8d1_518,2026-07-13T09:08:38+00:00,payment-api-7f8d1,payment-api,0,894.87,0.8739,0,
payment-api-7f8d1_519,2026-07-13T09:08:39+00:00,payment-api-7f8d1,payment-api,0,887.67,0.8669,0,
payment-api-7f8d1_520,2026-07-13T09:08:40+00:00,payment-api-7f8d1,payment-api,0,885.32,0.8646,0,
payment-api-7f8d1_521,2026-07-13T09:08:41+00:00,payment-api-7f8d1,payment-api,0,885.36,0.8646,0,
payment-api-7f8d1_522,2026-07-13T09:08:42+00:00,payment-api-7f8d1,payment-api,0,894.26,0.8733,0,
payment-api-7f8d1_523,2026-07-13T09:08:43+00:00,payment-api-7f8d1,payment-api,0,890.62,0.8697,0,
payment-api-7f8d1_524,2026-07-13T09:08:44+00:00,payment-api-7f8d1,payment-api,0,889.59,0.8687,0,
payment-api-7f8d1_525,2026-07-13T09:08:45+00:00,payment-api-7f8d1,payment-api,0,908.08,0.8868,0,
payment-api-7f8d1_526,2026-07-13T09:08:46+00:00,payment-api-7f8d1,payment-api,0,893.06,0.8721,0,
payment-api-7f8d1_527,2026-07-13T09:08:47+00:00,payment-api-7f8d1,payment-api,0,910.82,0.8895,0,
payment-api-7f8d1_528,2026-07-13T09:08:48+00:00,payment-api-7f8d1,payment-api,0,898.86,0.8778,0,
payment-api-7f8d1_529,2026-07-13T09:08:49+00:00,payment-api-7f8d1,payment-api,0,914.11,0.8927,0,
payment-api-7f8d1_530,2026-07-13T09:08:50+00:00,payment-api-7f8d1,payment-api,0,901.33,0.8802,0,
payment-api-7f8d1_531,2026-07-13T09:08:51+00:00,payment-api-7f8d1,payment-api,0,911.77,0.8904,0,
payment-api-7f8d1_532,2026-07-13T09:08:52+00:00,payment-api-7f8d1,payment-api,0,908.83,0.8875,0,
payment-api-7f8d1_533,2026-07-13T09:08:53+00:00,payment-api-7f8d1,payment-api,0,897.59,0.8766,0,
payment-api-7f8d1_534,2026-07-13T09:08:54+00:00,payment-api-7f8d1,payment-api,0,909.34,0.888,0,
payment-api-7f8d1_535,2026-07-13T09:08:55+00:00,payment-api-7f8d1,payment-api,1,927.04,0.9053,1,30
payment-api-7f8d1_536,2026-07-13T09:08:56+00:00,payment-api-7f8d1,payment-api,1,927.88,0.9061,1,29
payment-api-7f8d1_537,2026-07-13T09:08:57+00:00,payment-api-7f8d1,payment-api,0,913.58,0.8922,1,28
payment-api-7f8d1_538,2026-07-13T09:08:58+00:00,payment-api-7f8d1,payment-api,0,909.54,0.8882,1,27
payment-api-7f8d1_539,2026-07-13T09:08:59+00:00,payment-api-7f8d1,payment-api,0,910.16,0.8888,1,26
payment-api-7f8d1_540,2026-07-13T09:09:00+00:00,payment-api-7f8d1,payment-api,1,924.45,0.9028,1,25
payment-api-7f8d1_541,2026-07-13T09:09:01+00:00,payment-api-7f8d1,payment-api,1,927.66,0.9059,1,24
payment-api-7f8d1_542,2026-07-13T09:09:02+00:00,payment-api-7f8d1,payment-api,0,906.97,0.8857,1,23
payment-api-7f8d1_543,2026-07-13T09:09:03+00:00,payment-api-7f8d1,payment-api,1,926.82,0.9051,1,22
payment-api-7f8d1_544,2026-07-13T09:09:04+00:00,payment-api-7f8d1,payment-api,1,929.53,0.9077,1,21
payment-api-7f8d1_545,2026-07-13T09:09:05+00:00,payment-api-7f8d1,payment-api,0,913.62,0.8922,1,20
payment-api-7f8d1_546,2026-07-13T09:09:06+00:00,payment-api-7f8d1,payment-api,1,936.91,0.915,1,19
payment-api-7f8d1_547,2026-07-13T09:09:07+00:00,payment-api-7f8d1,payment-api,0,918.9,0.8974,1,18
payment-api-7f8d1_548,2026-07-13T09:09:08+00:00,payment-api-7f8d1,payment-api,1,932.95,0.9111,1,17
payment-api-7f8d1_549,2026-07-13T09:09:09+00:00,payment-api-7f8d1,payment-api,1,927.48,0.9057,1,16
payment-api-7f8d1_550,2026-07-13T09:09:10+00:00,payment-api-7f8d1,payment-api,1,943.83,0.9217,1,15
payment-api-7f8d1_551,2026-07-13T09:09:11+00:00,payment-api-7f8d1,payment-api,1,937.81,0.9158,1,14
payment-api-7f8d1_552,2026-07-13T09:09:12+00:00,payment-api-7f8d1,payment-api,1,925.57,0.9039,1,13
payment-api-7f8d1_553,2026-07-13T09:09:13+00:00,payment-api-7f8d1,payment-api,1,945.68,0.9235,1,12
payment-api-7f8d1_554,2026-07-13T09:09:14+00:00,payment-api-7f8d1,payment-api,1,934.22,0.9123,1,11
payment-api-7f8d1_555,2026-07-13T09:09:15+00:00,payment-api-7f8d1,payment-api,1,929.87,0.9081,1,10
payment-api-7f8d1_556,2026-07-13T09:09:16+00:00,payment-api-7f8d1,payment-api,1,942.75,0.9207,1,9
payment-api-7f8d1_557,2026-07-13T09:09:17+00:00,payment-api-7f8d1,payment-api,1,944.73,0.9226,1,8
payment-api-7f8d1_558,2026-07-13T09:09:18+00:00,payment-api-7f8d1,payment-api,1,962.3,0.9397,1,7
payment-api-7f8d1_559,2026-07-13T09:09:19+00:00,payment-api-7f8d1,payment-api,1,937.73,0.9158,1,6
payment-api-7f8d1_560,2026-07-13T09:09:20+00:00,payment-api-7f8d1,payment-api,1,942.42,0.9203,1,5
payment-api-7f8d1_561,2026-07-13T09:09:21+00:00,payment-api-7f8d1,payment-api,1,953.42,0.9311,1,4
payment-api-7f8d1_562,2026-07-13T09:09:22+00:00,payment-api-7f8d1,payment-api,1,954.1,0.9317,1,3
payment-api-7f8d1_563,2026-07-13T09:09:23+00:00,payment-api-7f8d1,payment-api,1,953.11,0.9308,1,2
payment-api-7f8d1_564,2026-07-13T09:09:24+00:00,payment-api-7f8d1,payment-api,1,970.67,0.9479,1,1
payment-api-7f8d1_565,2026-07-13T09:09:25+00:00,payment-api-7f8d1,payment-api,1,957.88,0.9354,1,1
payment-api-7f8d1_566,2026-07-13T09:09:26+00:00,payment-api-7f8d1,payment-api,1,965.3,0.9427,1,4
payment-api-7f8d1_567,2026-07-13T09:09:27+00:00,payment-api-7f8d1,payment-api,1,956.85,0.9344,1,3
payment-api-7f8d1_568,2026-07-13T09:09:28+00:00,payment-api-7f8d1,payment-api,1,953.1,0.9308,1,2
payment-api-7f8d1_569,2026-07-13T09:09:29+00:00,payment-api-7f8d1,payment-api,1,961.21,0.9387,1,1
payment-api-7f8d1_570,2026-07-13T09:09:30+00:00,payment-api-7f8d1,payment-api,1,977.99,0.9551,1,1
payment-api-7f8d1_571,2026-07-13T09:09:31+00:00,payment-api-7f8d1,payment-api,1,964.58,0.942,1,2
payment-api-7f8d1_572,2026-07-13T09:09:32+00:00,payment-api-7f8d1,payment-api,1,974.42,0.9516,1,1
payment-api-7f8d1_573,2026-07-13T09:09:33+00:00,payment-api-7f8d1,payment-api,1,954.53,0.9322,1,1
payment-api-7f8d1_574,2026-07-13T09:09:34+00:00,payment-api-7f8d1,payment-api,1,979.85,0.9569,1,2
payment-api-7f8d1_575,2026-07-13T09:09:35+00:00,payment-api-7f8d1,payment-api,1,965.95,0.9433,1,1
payment-api-7f8d1_576,2026-07-13T09:09:36+00:00,payment-api-7f8d1,payment-api,1,970.34,0.9476,1,2
payment-api-7f8d1_577,2026-07-13T09:09:37+00:00,payment-api-7f8d1,payment-api,1,973.85,0.951,1,1
payment-api-7f8d1_578,2026-07-13T09:09:38+00:00,payment-api-7f8d1,payment-api,1,980.01,0.957,1,1
payment-api-7f8d1_579,2026-07-13T09:09:39+00:00,payment-api-7f8d1,payment-api,1,972.3,0.9495,1,1
payment-api-7f8d1_580,2026-07-13T09:09:40+00:00,payment-api-7f8d1,payment-api,1,985.78,0.9627,1,1
payment-api-7f8d1_581,2026-07-13T09:09:41+00:00,payment-api-7f8d1,payment-api,1,964.39,0.9418,1,1
payment-api-7f8d1_582,2026-07-13T09:09:42+00:00,payment-api-7f8d1,payment-api,1,979.94,0.957,1,1
payment-api-7f8d1_583,2026-07-13T09:09:43+00:00,payment-api-7f8d1,payment-api,1,1001.29,0.9778,1,1
payment-api-7f8d1_584,2026-07-13T09:09:44+00:00,payment-api-7f8d1,payment-api,1,993.18,0.9699,1,1
payment-api-7f8d1_585,2026-07-13T09:09:45+00:00,payment-api-7f8d1,payment-api,1,981.06,0.9581,1,1
payment-api-7f8d1_586,2026-07-13T09:09:46+00:00,payment-api-7f8d1,payment-api,1,977.63,0.9547,1,1
payment-api-7f8d1_587,2026-07-13T09:09:47+00:00,payment-api-7f8d1,payment-api,1,975.07,0.9522,1,1
payment-api-7f8d1_588,2026-07-13T09:09:48+00:00,payment-api-7f8d1,payment-api,1,997.84,0.9745,1,1
payment-api-7f8d1_589,2026-07-13T09:09:49+00:00,payment-api-7f8d1,payment-api,1,991.15,0.9679,1,1
payment-api-7f8d1_590,2026-07-13T09:09:50+00:00,payment-api-7f8d1,payment-api,1,985.57,0.9625,1,1
payment-api-7f8d1_591,2026-07-13T09:09:51+00:00,payment-api-7f8d1,payment-api,1,998.85,0.9754,1,1
payment-api-7f8d1_592,2026-07-13T09:09:52+00:00,payment-api-7f8d1,payment-api,1,991.09,0.9679,1,1
payment-api-7f8d1_593,2026-07-13T09:09:53+00:00,payment-api-7f8d1,payment-api,1,995.1,0.9718,1,1
payment-api-7f8d1_594,2026-07-13T09:09:54+00:00,payment-api-7f8d1,payment-api,1,1003.04,0.9795,1,1
payment-api-7f8d1_595,2026-07-13T09:09:55+00:00,payment-api-7f8d1,payment-api,1,1000.94,0.9775,1,1
payment-api-7f8d1_596,2026-07-13T09:09:56+00:00,payment-api-7f8d1,payment-api,1,1003.52,0.98,1,1
payment-api-7f8d1_597,2026-07-13T09:09:57+00:00,payment-api-7f8d1,payment-api,1,1003.52,0.98,1,1
payment-api-7f8d1_598,2026-07-13T09:09:58+00:00,payment-api-7f8d1,payment-api,1,1003.52,0.98,1,1
payment-api-7f8d1_599,2026-07-13T09:09:59+00:00,payment-api-7f8d1,payment-api,1,1003.52,0.98,1,1
payment-api-7f8d1_600,2026-07-13T09:10:00+00:00,payment-api-7f8d1,payment-api,1,1001.59,0.9781,1,1
payment-api-7f8d1_601,2026-07-13T09:10:01+00:00,payment-api-7f8d1,payment-api,1,1003.52,0.98,1,1
payment-api-7f8d1_602,2026-07-13T09:10:02+00:00,payment-api-7f8d1,payment-api,1,1003.52,0.98,1,1
payment-api-7f8d1_603,2026-07-13T09:10:03+00:00,payment-api-7f8d1,payment-api,1,1003.52,0.98,1,1
payment-api-7f8d1_604,2026-07-13T09:10:04+00:00,payment-api-7f8d1,payment-api,1,1003.52,0.98,1,1
payment-api-7f8d1_605,2026-07-13T09:10:05+00:00,payment-api-7f8d1,payment-api,1,1003.52,0.98,1,1
payment-api-7f8d1_606,2026-07-13T09:10:06+00:00,payment-api-7f8d1,payment-api,1,1003.52,0.98,1,1
payment-api-7f8d1_607,2026-07-13T09:10:07+00:00,payment-api-7f8d1,payment-api,1,1002.62,0.9791,1,1
payment-api-7f8d1_608,2026-07-13T09:10:08+00:00,payment-api-7f8d1,payment-api,1,1003.52,0.98,1,1
payment-api-7f8d1_609,2026-07-13T09:10:09+00:00,payment-api-7f8d1,payment-api,1,1003.52,0.98,1,1
payment-api-7f8d1_610,2026-07-13T09:10:10+00:00,payment-api-7f8d1,payment-api,1,1003.52,0.98,1,1
payment-api-7f8d1_611,2026-07-13T09:10:11+00:00,payment-api-7f8d1,payment-api,1,1003.52,0.98,1,1
payment-api-7f8d1_612,2026-07-13T09:10:12+00:00,payment-api-7f8d1,payment-api,1,1003.52,0.98,1,1
payment-api-7f8d1_613,2026-07-13T09:10:13+00:00,payment-api-7f8d1,payment-api,1,1003.52,0.98,1,1
payment-api-7f8d1_614,2026-07-13T09:10:14+00:00,payment-api-7f8d1,payment-api,1,1003.52,0.98,1,1
payment-api-7f8d1_615,2026-07-13T09:10:15+00:00,payment-api-7f8d1,payment-api,1,1003.52,0.98,1,1
payment-api-7f8d1_616,2026-07-13T09:10:16+00:00,payment-api-7f8d1,payment-api,1,1003.52,0.98,1,1
payment-api-7f8d1_617,2026-07-13T09:10:17+00:00,payment-api-7f8d1,payment-api,1,1003.52,0.98,1,1
payment-api-7f8d1_618,2026-07-13T09:10:18+00:00,payment-api-7f8d1,payment-api,1,1003.52,0.98,1,1
payment-api-7f8d1_619,2026-07-13T09:10:19+00:00,payment-api-7f8d1,payment-api,1,1003.52,0.98,1,1
payment-api-7f8d1_620,2026-07-13T09:10:20+00:00,payment-api-7f8d1,payment-api,1,1003.52,0.98,1,1
payment-api-7f8d1_621,2026-07-13T09:10:21+00:00,payment-api-7f8d1,payment-api,1,1003.52,0.98,1,1
payment-api-7f8d1_622,2026-07-13T09:10:22+00:00,payment-api-7f8d1,payment-api,1,1003.52,0.98,1,1
payment-api-7f8d1_623,2026-07-13T09:10:23+00:00,payment-api-7f8d1,payment-api,1,1003.52,0.98,1,1
payment-api-7f8d1_624,2026-07-13T09:10:24+00:00,payment-api-7f8d1,payment-api,1,1003.52,0.98,1,1
payment-api-7f8d1_625,2026-07-13T09:10:25+00:00,payment-api-7f8d1,payment-api,1,1003.52,0.98,1,1
payment-api-7f8d1_626,2026-07-13T09:10:26+00:00,payment-api-7f8d1,payment-api,1,1003.52,0.98,1,1
payment-api-7f8d1_627,2026-07-13T09:10:27+00:00,payment-api-7f8d1,payment-api,1,1003.52,0.98,1,1
payment-api-7f8d1_628,2026-07-13T09:10:28+00:00,payment-api-7f8d1,payment-api,1,1003.52,0.98,1,1
payment-api-7f8d1_629,2026-07-13T09:10:29+00:00,payment-api-7f8d1,payment-api,1,1003.52,0.98,1,1
payment-api-7f8d1_630,2026-07-13T09:10:30+00:00,payment-api-7f8d1,payment-api,1,1003.52,0.98,1,1
payment-api-7f8d1_631,2026-07-13T09:10:31+00:00,payment-api-7f8d1,payment-api,1,1003.52,0.98,1,1
payment-api-7f8d1_632,2026-07-13T09:10:32+00:00,payment-api-7f8d1,payment-api,1,1003.52,0.98,1,1
payment-api-7f8d1_633,2026-07-13T09:10:33+00:00,payment-api-7f8d1,payment-api,1,1003.52,0.98,1,1
payment-api-7f8d1_634,2026-07-13T09:10:34+00:00,payment-api-7f8d1,payment-api,1,1003.52,0.98,1,1
payment-api-7f8d1_635,2026-07-13T09:10:35+00:00,payment-api-7f8d1,payment-api,1,1003.52,0.98,1,1
payment-api-7f8d1_636,2026-07-13T09:10:36+00:00,payment-api-7f8d1,payment-api,1,1003.52,0.98,1,1
payment-api-7f8d1_637,2026-07-13T09:10:37+00:00,payment-api-7f8d1,payment-api,1,1003.52,0.98,1,1
payment-api-7f8d1_638,2026-07-13T09:10:38+00:00,payment-api-7f8d1,payment-api,1,1003.52,0.98,1,1
payment-api-7f8d1_639,2026-07-13T09:10:39+00:00,payment-api-7f8d1,payment-api,1,1003.52,0.98,1,1
payment-api-7f8d1_640,2026-07-13T09:10:40+00:00,payment-api-7f8d1,payment-api,1,1003.52,0.98,1,1
payment-api-7f8d1_641,2026-07-13T09:10:41+00:00,payment-api-7f8d1,payment-api,1,1003.52,0.98,1,1
payment-api-7f8d1_642,2026-07-13T09:10:42+00:00,payment-api-7f8d1,payment-api,1,1003.52,0.98,1,1
payment-api-7f8d1_643,2026-07-13T09:10:43+00:00,payment-api-7f8d1,payment-api,1,1003.52,0.98,1,1
payment-api-7f8d1_644,2026-07-13T09:10:44+00:00,payment-api-7f8d1,payment-api,1,1003.52,0.98,1,1
payment-api-7f8d1_645,2026-07-13T09:10:45+00:00,payment-api-7f8d1,payment-api,1,1003.52,0.98,1,1
payment-api-7f8d1_646,2026-07-13T09:10:46+00:00,payment-api-7f8d1,payment-api,1,1003.52,0.98,1,1
payment-api-7f8d1_647,2026-07-13T09:10:47+00:00,payment-api-7f8d1,payment-api,1,1003.52,0.98,1,1
payment-api-7f8d1_648,2026-07-13T09:10:48+00:00,payment-api-7f8d1,payment-api,1,1003.52,0.98,1,1
payment-api-7f8d1_649,2026-07-13T09:10:49+00:00,payment-api-7f8d1,payment-api,1,1003.52,0.98,1,1
payment-api-7f8d1_650,2026-07-13T09:10:50+00:00,payment-api-7f8d1,payment-api,1,1003.52,0.98,1,1
payment-api-7f8d1_651,2026-07-13T09:10:51+00:00,payment-api-7f8d1,payment-api,1,1003.52,0.98,1,1
payment-api-7f8d1_652,2026-07-13T09:10:52+00:00,payment-api-7f8d1,payment-api,1,1003.52,0.98,1,1
payment-api-7f8d1_653,2026-07-13T09:10:53+00:00,payment-api-7f8d1,payment-api,1,1003.52,0.98,1,1
payment-api-7f8d1_654,2026-07-13T09:10:54+00:00,payment-api-7f8d1,payment-api,1,1003.52,0.98,1,1
payment-api-7f8d1_655,2026-07-13T09:10:55+00:00,payment-api-7f8d1,payment-api,1,1003.52,0.98,1,1
payment-api-7f8d1_656,2026-07-13T09:10:56+00:00,payment-api-7f8d1,payment-api,1,1003.52,0.98,1,1
payment-api-7f8d1_657,2026-07-13T09:10:57+00:00,payment-api-7f8d1,payment-api,1,1003.52,0.98,1,1
payment-api-7f8d1_658,2026-07-13T09:10:58+00:00,payment-api-7f8d1,payment-api,1,1003.52,0.98,1,1
payment-api-7f8d1_659,2026-07-13T09:10:59+00:00,payment-api-7f8d1,payment-api,1,1003.52,0.98,1,1
payment-api-7f8d1_660,2026-07-13T09:11:00+00:00,payment-api-7f8d1,payment-api,1,1003.52,0.98,1,1
payment-api-7f8d1_661,2026-07-13T09:11:01+00:00,payment-api-7f8d1,payment-api,1,1003.52,0.98,1,1
payment-api-7f8d1_662,2026-07-13T09:11:02+00:00,payment-api-7f8d1,payment-api,1,1003.52,0.98,1,1
payment-api-7f8d1_663,2026-07-13T09:11:03+00:00,payment-api-7f8d1,payment-api,1,1003.52,0.98,1,1
payment-api-7f8d1_664,2026-07-13T09:11:04+00:00,payment-api-7f8d1,payment-api,1,1003.52,0.98,1,1
payment-api-7f8d1_665,2026-07-13T09:11:05+00:00,payment-api-7f8d1,payment-api,1,1003.52,0.98,1,1
payment-api-7f8d1_666,2026-07-13T09:11:06+00:00,payment-api-7f8d1,payment-api,1,1003.52,0.98,1,1
payment-api-7f8d1_667,2026-07-13T09:11:07+00:00,payment-api-7f8d1,payment-api,1,1003.52,0.98,1,1
payment-api-7f8d1_668,2026-07-13T09:11:08+00:00,payment-api-7f8d1,payment-api,1,1003.52,0.98,1,1
payment-api-7f8d1_669,2026-07-13T09:11:09+00:00,payment-api-7f8d1,payment-api,1,1003.52,0.98,1,1
payment-api-7f8d1_670,2026-07-13T09:11:10+00:00,payment-api-7f8d1,payment-api,1,1003.52,0.98,1,1
payment-api-7f8d1_671,2026-07-13T09:11:11+00:00,payment-api-7f8d1,payment-api,1,1003.52,0.98,1,1
payment-api-7f8d1_672,2026-07-13T09:11:12+00:00,payment-api-7f8d1,payment-api,1,1003.52,0.98,1,1
payment-api-7f8d1_673,2026-07-13T09:11:13+00:00,payment-api-7f8d1,payment-api,1,1003.52,0.98,1,1
payment-api-7f8d1_674,2026-07-13T09:11:14+00:00,payment-api-7f8d1,payment-api,1,1003.52,0.98,1,1
payment-api-7f8d1_675,2026-07-13T09:11:15+00:00,payment-api-7f8d1,payment-api,1,1003.52,0.98,1,1
payment-api-7f8d1_676,2026-07-13T09:11:16+00:00,payment-api-7f8d1,payment-api,1,1003.52,0.98,1,1
payment-api-7f8d1_677,2026-07-13T09:11:17+00:00,payment-api-7f8d1,payment-api,1,1003.52,0.98,1,1
payment-api-7f8d1_678,2026-07-13T09:11:18+00:00,payment-api-7f8d1,payment-api,1,1003.52,0.98,1,1
payment-api-7f8d1_679,2026-07-13T09:11:19+00:00,payment-api-7f8d1,payment-api,1,1003.52,0.98,1,1
payment-api-7f8d1_680,2026-07-13T09:11:20+00:00,payment-api-7f8d1,payment-api,1,1003.52,0.98,1,1
payment-api-7f8d1_681,2026-07-13T09:11:21+00:00,payment-api-7f8d1,payment-api,1,1003.52,0.98,1,1
payment-api-7f8d1_682,2026-07-13T09:11:22+00:00,payment-api-7f8d1,payment-api,1,1003.52,0.98,1,1
payment-api-7f8d1_683,2026-07-13T09:11:23+00:00,payment-api-7f8d1,payment-api,1,1003.52,0.98,1,1
payment-api-7f8d1_684,2026-07-13T09:11:24+00:00,payment-api-7f8d1,payment-api,1,1003.52,0.98,1,1
payment-api-7f8d1_685,2026-07-13T09:11:25+00:00,payment-api-7f8d1,payment-api,1,1003.52,0.98,1,1
payment-api-7f8d1_686,2026-07-13T09:11:26+00:00,payment-api-7f8d1,payment-api,1,1003.52,0.98,1,1
payment-api-7f8d1_687,2026-07-13T09:11:27+00:00,payment-api-7f8d1,payment-api,1,1003.52,0.98,1,1
payment-api-7f8d1_688,2026-07-13T09:11:28+00:00,payment-api-7f8d1,payment-api,1,1003.52,0.98,1,1
payment-api-7f8d1_689,2026-07-13T09:11:29+00:00,payment-api-7f8d1,payment-api,1,1003.52,0.98,1,1
payment-api-7f8d1_690,2026-07-13T09:11:30+00:00,payment-api-7f8d1,payment-api,1,1003.52,0.98,1,1
payment-api-7f8d1_691,2026-07-13T09:11:31+00:00,payment-api-7f8d1,payment-api,1,1003.52,0.98,1,1
payment-api-7f8d1_692,2026-07-13T09:11:32+00:00,payment-api-7f8d1,payment-api,1,1003.52,0.98,1,1
payment-api-7f8d1_693,2026-07-13T09:11:33+00:00,payment-api-7f8d1,payment-api,1,1003.52,0.98,1,1
payment-api-7f8d1_694,2026-07-13T09:11:34+00:00,payment-api-7f8d1,payment-api,1,1003.52,0.98,1,1
payment-api-7f8d1_695,2026-07-13T09:11:35+00:00,payment-api-7f8d1,payment-api,1,1003.52,0.98,1,1
payment-api-7f8d1_696,2026-07-13T09:11:36+00:00,payment-api-7f8d1,payment-api,1,1003.52,0.98,1,1
payment-api-7f8d1_697,2026-07-13T09:11:37+00:00,payment-api-7f8d1,payment-api,1,1003.52,0.98,1,1
payment-api-7f8d1_698,2026-07-13T09:11:38+00:00,payment-api-7f8d1,payment-api,1,1003.52,0.98,1,1
payment-api-7f8d1_699,2026-07-13T09:11:39+00:00,payment-api-7f8d1,payment-api,1,1003.52,0.98,1,1
payment-api-7f8d1_700,2026-07-13T09:11:40+00:00,payment-api-7f8d1,payment-api,1,1003.52,0.98,1,1
payment-api-7f8d1_701,2026-07-13T09:11:41+00:00,payment-api-7f8d1,payment-api,1,1003.52,0.98,1,1
payment-api-7f8d1_702,2026-07-13T09:11:42+00:00,payment-api-7f8d1,payment-api,1,1003.52,0.98,1,1
payment-api-7f8d1_703,2026-07-13T09:11:43+00:00,payment-api-7f8d1,payment-api,1,1003.52,0.98,1,1
payment-api-7f8d1_704,2026-07-13T09:11:44+00:00,payment-api-7f8d1,payment-api,1,1003.52,0.98,1,1
payment-api-7f8d1_705,2026-07-13T09:11:45+00:00,payment-api-7f8d1,payment-api,1,1003.52,0.98,1,1
payment-api-7f8d1_706,2026-07-13T09:11:46+00:00,payment-api-7f8d1,payment-api,1,1003.52,0.98,1,1
payment-api-7f8d1_707,2026-07-13T09:11:47+00:00,payment-api-7f8d1,payment-api,1,1003.52,0.98,1,1
payment-api-7f8d1_708,2026-07-13T09:11:48+00:00,payment-api-7f8d1,payment-api,1,1003.52,0.98,1,1
payment-api-7f8d1_709,2026-07-13T09:11:49+00:00,payment-api-7f8d1,payment-api,1,1003.52,0.98,1,1
payment-api-7f8d1_710,2026-07-13T09:11:50+00:00,payment-api-7f8d1,payment-api,1,1003.52,0.98,1,1
payment-api-7f8d1_711,2026-07-13T09:11:51+00:00,payment-api-7f8d1,payment-api,1,1003.52,0.98,1,1
payment-api-7f8d1_712,2026-07-13T09:11:52+00:00,payment-api-7f8d1,payment-api,1,1003.52,0.98,1,1
payment-api-7f8d1_713,2026-07-13T09:11:53+00:00,payment-api-7f8d1,payment-api,1,1003.52,0.98,1,1
payment-api-7f8d1_714,2026-07-13T09:11:54+00:00,payment-api-7f8d1,payment-api,1,1003.52,0.98,1,1
payment-api-7f8d1_715,2026-07-13T09:11:55+00:00,payment-api-7f8d1,payment-api,1,1003.52,0.98,1,1
payment-api-7f8d1_716,2026-07-13T09:11:56+00:00,payment-api-7f8d1,payment-api,1,1003.52,0.98,1,1
payment-api-7f8d1_717,2026-07-13T09:11:57+00:00,payment-api-7f8d1,payment-api,1,1003.52,0.98,1,1
payment-api-7f8d1_718,2026-07-13T09:11:58+00:00,payment-api-7f8d1,payment-api,1,1003.52,0.98,1,1
payment-api-7f8d1_719,2026-07-13T09:11:59+00:00,payment-api-7f8d1,payment-api,1,1003.52,0.98,1,1
payment-api-7f8d1_720,2026-07-13T09:12:00+00:00,payment-api-7f8d1,payment-api,1,1003.52,0.98,1,1
payment-api-7f8d1_721,2026-07-13T09:12:01+00:00,payment-api-7f8d1,payment-api,1,1003.52,0.98,1,1
payment-api-7f8d1_722,2026-07-13T09:12:02+00:00,payment-api-7f8d1,payment-api,1,1003.52,0.98,1,1
payment-api-7f8d1_723,2026-07-13T09:12:03+00:00,payment-api-7f8d1,payment-api,1,1003.52,0.98,1,1
payment-api-7f8d1_724,2026-07-13T09:12:04+00:00,payment-api-7f8d1,payment-api,1,1003.52,0.98,1,1
payment-api-7f8d1_725,2026-07-13T09:12:05+00:00,payment-api-7f8d1,payment-api,1,1003.52,0.98,1,1
payment-api-7f8d1_726,2026-07-13T09:12:06+00:00,payment-api-7f8d1,payment-api,1,1003.52,0.98,1,1
payment-api-7f8d1_727,2026-07-13T09:12:07+00:00,payment-api-7f8d1,payment-api,1,1003.52,0.98,1,1
payment-api-7f8d1_728,2026-07-13T09:12:08+00:00,payment-api-7f8d1,payment-api,1,1003.52,0.98,1,1
payment-api-7f8d1_729,2026-07-13T09:12:09+00:00,payment-api-7f8d1,payment-api,1,1003.52,0.98,1,1
payment-api-7f8d1_730,2026-07-13T09:12:10+00:00,payment-api-7f8d1,payment-api,1,1003.52,0.98,1,1
payment-api-7f8d1_731,2026-07-13T09:12:11+00:00,payment-api-7f8d1,payment-api,1,1003.52,0.98,1,1
payment-api-7f8d1_732,2026-07-13T09:12:12+00:00,payment-api-7f8d1,payment-api,1,1003.52,0.98,1,1
payment-api-7f8d1_733,2026-07-13T09:12:13+00:00,payment-api-7f8d1,payment-api,1,1003.52,0.98,1,1
payment-api-7f8d1_734,2026-07-13T09:12:14+00:00,payment-api-7f8d1,payment-api,1,1003.52,0.98,1,1
payment-api-7f8d1_735,2026-07-13T09:12:15+00:00,payment-api-7f8d1,payment-api,1,1003.52,0.98,1,1
payment-api-7f8d1_736,2026-07-13T09:12:16+00:00,payment-api-7f8d1,payment-api,1,1003.52,0.98,1,1
payment-api-7f8d1_737,2026-07-13T09:12:17+00:00,payment-api-7f8d1,payment-api,1,1003.52,0.98,1,1
payment-api-7f8d1_738,2026-07-13T09:12:18+00:00,payment-api-7f8d1,payment-api,1,1003.52,0.98,1,1
payment-api-7f8d1_739,2026-07-13T09:12:19+00:00,payment-api-7f8d1,payment-api,1,1003.52,0.98,1,1
payment-api-7f8d1_740,2026-07-13T09:12:20+00:00,payment-api-7f8d1,payment-api,1,1003.52,0.98,1,1
payment-api-7f8d1_741,2026-07-13T09:12:21+00:00,payment-api-7f8d1,payment-api,1,1003.52,0.98,1,1
payment-api-7f8d1_742,2026-07-13T09:12:22+00:00,payment-api-7f8d1,payment-api,1,1003.52,0.98,1,1
payment-api-7f8d1_743,2026-07-13T09:12:23+00:00,payment-api-7f8d1,payment-api,1,1003.52,0.98,1,1
payment-api-7f8d1_744,2026-07-13T09:12:24+00:00,payment-api-7f8d1,payment-api,1,1003.52,0.98,1,1
payment-api-7f8d1_745,2026-07-13T09:12:25+00:00,payment-api-7f8d1,payment-api,1,1003.52,0.98,1,1
payment-api-7f8d1_746,2026-07-13T09:12:26+00:00,payment-api-7f8d1,payment-api,1,1003.52,0.98,1,1
payment-api-7f8d1_747,2026-07-13T09:12:27+00:00,payment-api-7f8d1,payment-api,1,1003.52,0.98,1,1
payment-api-7f8d1_748,2026-07-13T09:12:28+00:00,payment-api-7f8d1,payment-api,1,1003.52,0.98,1,1
payment-api-7f8d1_749,2026-07-13T09:12:29+00:00,payment-api-7f8d1,payment-api,1,1003.52,0.98,1,1
payment-api-7f8d1_750,2026-07-13T09:12:30+00:00,payment-api-7f8d1,payment-api,1,1003.52,0.98,1,1
payment-api-7f8d1_751,2026-07-13T09:12:31+00:00,payment-api-7f8d1,payment-api,1,1003.52,0.98,1,1
payment-api-7f8d1_752,2026-07-13T09:12:32+00:00,payment-api-7f8d1,payment-api,1,1003.52,0.98,1,1
payment-api-7f8d1_753,2026-07-13T09:12:33+00:00,payment-api-7f8d1,payment-api,1,1003.52,0.98,1,1
payment-api-7f8d1_754,2026-07-13T09:12:34+00:00,payment-api-7f8d1,payment-api,1,1003.52,0.98,1,1
payment-api-7f8d1_755,2026-07-13T09:12:35+00:00,payment-api-7f8d1,payment-api,1,1003.52,0.98,1,1
payment-api-7f8d1_756,2026-07-13T09:12:36+00:00,payment-api-7f8d1,payment-api,1,1003.52,0.98,1,1
payment-api-7f8d1_757,2026-07-13T09:12:37+00:00,payment-api-7f8d1,payment-api,1,1003.52,0.98,1,1
payment-api-7f8d1_758,2026-07-13T09:12:38+00:00,payment-api-7f8d1,payment-api,1,1003.52,0.98,1,1
payment-api-7f8d1_759,2026-07-13T09:12:39+00:00,payment-api-7f8d1,payment-api,1,1003.52,0.98,1,1
payment-api-7f8d1_760,2026-07-13T09:12:40+00:00,payment-api-7f8d1,payment-api,1,1003.52,0.98,1,1
payment-api-7f8d1_761,2026-07-13T09:12:41+00:00,payment-api-7f8d1,payment-api,1,1003.52,0.98,1,1
payment-api-7f8d1_762,2026-07-13T09:12:42+00:00,payment-api-7f8d1,payment-api,1,1003.52,0.98,1,1
payment-api-7f8d1_763,2026-07-13T09:12:43+00:00,payment-api-7f8d1,payment-api,1,1003.52,0.98,1,1
payment-api-7f8d1_764,2026-07-13T09:12:44+00:00,payment-api-7f8d1,payment-api,1,1003.52,0.98,1,1
payment-api-7f8d1_765,2026-07-13T09:12:45+00:00,payment-api-7f8d1,payment-api,1,1003.52,0.98,1,1
payment-api-7f8d1_766,2026-07-13T09:12:46+00:00,payment-api-7f8d1,payment-api,1,1003.52,0.98,1,1
payment-api-7f8d1_767,2026-07-13T09:12:47+00:00,payment-api-7f8d1,payment-api,1,1003.52,0.98,1,1
payment-api-7f8d1_768,2026-07-13T09:12:48+00:00,payment-api-7f8d1,payment-api,1,1003.52,0.98,1,1
payment-api-7f8d1_769,2026-07-13T09:12:49+00:00,payment-api-7f8d1,payment-api,1,1003.52,0.98,1,1
payment-api-7f8d1_770,2026-07-13T09:12:50+00:00,payment-api-7f8d1,payment-api,1,1003.52,0.98,1,1
payment-api-7f8d1_771,2026-07-13T09:12:51+00:00,payment-api-7f8d1,payment-api,1,1003.52,0.98,1,1
payment-api-7f8d1_772,2026-07-13T09:12:52+00:00,payment-api-7f8d1,payment-api,1,1003.52,0.98,1,1
payment-api-7f8d1_773,2026-07-13T09:12:53+00:00,payment-api-7f8d1,payment-api,1,1003.52,0.98,1,1
payment-api-7f8d1_774,2026-07-13T09:12:54+00:00,payment-api-7f8d1,payment-api,1,1003.52,0.98,1,1
payment-api-7f8d1_775,2026-07-13T09:12:55+00:00,payment-api-7f8d1,payment-api,1,1003.52,0.98,1,1
payment-api-7f8d1_776,2026-07-13T09:12:56+00:00,payment-api-7f8d1,payment-api,1,1003.52,0.98,1,1
payment-api-7f8d1_777,2026-07-13T09:12:57+00:00,payment-api-7f8d1,payment-api,1,1003.52,0.98,1,1
payment-api-7f8d1_778,2026-07-13T09:12:58+00:00,payment-api-7f8d1,payment-api,1,1003.52,0.98,1,1
payment-api-7f8d1_779,2026-07-13T09:12:59+00:00,payment-api-7f8d1,payment-api,1,1003.52,0.98,1,1
payment-api-7f8d1_780,2026-07-13T09:13:00+00:00,payment-api-7f8d1,payment-api,1,1003.52,0.98,1,1
payment-api-7f8d1_781,2026-07-13T09:13:01+00:00,payment-api-7f8d1,payment-api,1,1003.52,0.98,1,1
payment-api-7f8d1_782,2026-07-13T09:13:02+00:00,payment-api-7f8d1,payment-api,1,1003.52,0.98,1,1
payment-api-7f8d1_783,2026-07-13T09:13:03+00:00,payment-api-7f8d1,payment-api,1,1003.52,0.98,1,1
payment-api-7f8d1_784,2026-07-13T09:13:04+00:00,payment-api-7f8d1,payment-api,1,1003.52,0.98,1,1
payment-api-7f8d1_785,2026-07-13T09:13:05+00:00,payment-api-7f8d1,payment-api,1,1003.52,0.98,1,1
payment-api-7f8d1_786,2026-07-13T09:13:06+00:00,payment-api-7f8d1,payment-api,1,1003.52,0.98,1,1
payment-api-7f8d1_787,2026-07-13T09:13:07+00:00,payment-api-7f8d1,payment-api,1,1003.52,0.98,1,1
payment-api-7f8d1_788,2026-07-13T09:13:08+00:00,payment-api-7f8d1,payment-api,1,1003.52,0.98,1,1
payment-api-7f8d1_789,2026-07-13T09:13:09+00:00,payment-api-7f8d1,payment-api,1,1003.52,0.98,1,1
payment-api-7f8d1_790,2026-07-13T09:13:10+00:00,payment-api-7f8d1,payment-api,1,1003.52,0.98,1,1
payment-api-7f8d1_791,2026-07-13T09:13:11+00:00,payment-api-7f8d1,payment-api,1,1003.52,0.98,1,1
payment-api-7f8d1_792,2026-07-13T09:13:12+00:00,payment-api-7f8d1,payment-api,1,1003.52,0.98,1,1
payment-api-7f8d1_793,2026-07-13T09:13:13+00:00,payment-api-7f8d1,payment-api,1,1003.52,0.98,1,1
payment-api-7f8d1_794,2026-07-13T09:13:14+00:00,payment-api-7f8d1,payment-api,1,1003.52,0.98,1,1
payment-api-7f8d1_795,2026-07-13T09:13:15+00:00,payment-api-7f8d1,payment-api,1,1003.52,0.98,1,1
payment-api-7f8d1_796,2026-07-13T09:13:16+00:00,payment-api-7f8d1,payment-api,1,1003.52,0.98,1,1
payment-api-7f8d1_797,2026-07-13T09:13:17+00:00,payment-api-7f8d1,payment-api,1,1003.52,0.98,1,1
payment-api-7f8d1_798,2026-07-13T09:13:18+00:00,payment-api-7f8d1,payment-api,1,1003.52,0.98,1,1
payment-api-7f8d1_799,2026-07-13T09:13:19+00:00,payment-api-7f8d1,payment-api,1,1003.52,0.98,1,1
payment-api-7f8d1_800,2026-07-13T09:13:20+00:00,payment-api-7f8d1,payment-api,1,1003.52,0.98,1,1
payment-api-7f8d1_801,2026-07-13T09:13:21+00:00,payment-api-7f8d1,payment-api,1,1003.52,0.98,1,1
payment-api-7f8d1_802,2026-07-13T09:13:22+00:00,payment-api-7f8d1,payment-api,1,1003.52,0.98,1,1
payment-api-7f8d1_803,2026-07-13T09:13:23+00:00,payment-api-7f8d1,payment-api,1,1003.52,0.98,1,1
payment-api-7f8d1_804,2026-07-13T09:13:24+00:00,payment-api-7f8d1,payment-api,1,1003.52,0.98,1,1
payment-api-7f8d1_805,2026-07-13T09:13:25+00:00,payment-api-7f8d1,payment-api,1,1003.52,0.98,1,1
payment-api-7f8d1_806,2026-07-13T09:13:26+00:00,payment-api-7f8d1,payment-api,1,1003.52,0.98,1,1
payment-api-7f8d1_807,2026-07-13T09:13:27+00:00,payment-api-7f8d1,payment-api,1,1003.52,0.98,1,1
payment-api-7f8d1_808,2026-07-13T09:13:28+00:00,payment-api-7f8d1,payment-api,1,1003.52,0.98,1,1
payment-api-7f8d1_809,2026-07-13T09:13:29+00:00,payment-api-7f8d1,payment-api,1,1003.52,0.98,1,1
payment-api-7f8d1_810,2026-07-13T09:13:30+00:00,payment-api-7f8d1,payment-api,1,1003.52,0.98,1,1
payment-api-7f8d1_811,2026-07-13T09:13:31+00:00,payment-api-7f8d1,payment-api,1,1003.52,0.98,1,1
payment-api-7f8d1_812,2026-07-13T09:13:32+00:00,payment-api-7f8d1,payment-api,1,1003.52,0.98,1,1
payment-api-7f8d1_813,2026-07-13T09:13:33+00:00,payment-api-7f8d1,payment-api,1,1003.52,0.98,1,1
payment-api-7f8d1_814,2026-07-13T09:13:34+00:00,payment-api-7f8d1,payment-api,1,1003.52,0.98,1,1
payment-api-7f8d1_815,2026-07-13T09:13:35+00:00,payment-api-7f8d1,payment-api,1,1003.52,0.98,1,1
payment-api-7f8d1_816,2026-07-13T09:13:36+00:00,payment-api-7f8d1,payment-api,1,1003.52,0.98,1,1
payment-api-7f8d1_817,2026-07-13T09:13:37+00:00,payment-api-7f8d1,payment-api,1,1003.52,0.98,1,1
payment-api-7f8d1_818,2026-07-13T09:13:38+00:00,payment-api-7f8d1,payment-api,1,1003.52,0.98,1,1
payment-api-7f8d1_819,2026-07-13T09:13:39+00:00,payment-api-7f8d1,payment-api,1,1003.52,0.98,1,1
payment-api-7f8d1_820,2026-07-13T09:13:40+00:00,payment-api-7f8d1,payment-api,1,1003.52,0.98,1,1
payment-api-7f8d1_821,2026-07-13T09:13:41+00:00,payment-api-7f8d1,payment-api,1,1003.52,0.98,1,1
payment-api-7f8d1_822,2026-07-13T09:13:42+00:00,payment-api-7f8d1,payment-api,1,1003.52,0.98,1,1
payment-api-7f8d1_823,2026-07-13T09:13:43+00:00,payment-api-7f8d1,payment-api,1,1003.52,0.98,1,1
payment-api-7f8d1_824,2026-07-13T09:13:44+00:00,payment-api-7f8d1,payment-api,1,1003.52,0.98,1,1
payment-api-7f8d1_825,2026-07-13T09:13:45+00:00,payment-api-7f8d1,payment-api,1,1003.52,0.98,1,1
payment-api-7f8d1_826,2026-07-13T09:13:46+00:00,payment-api-7f8d1,payment-api,1,1003.52,0.98,1,1
payment-api-7f8d1_827,2026-07-13T09:13:47+00:00,payment-api-7f8d1,payment-api,1,1003.52,0.98,1,1
payment-api-7f8d1_828,2026-07-13T09:13:48+00:00,payment-api-7f8d1,payment-api,1,1003.52,0.98,1,1
payment-api-7f8d1_829,2026-07-13T09:13:49+00:00,payment-api-7f8d1,payment-api,1,1003.52,0.98,1,1
payment-api-7f8d1_830,2026-07-13T09:13:50+00:00,payment-api-7f8d1,payment-api,1,1003.52,0.98,1,1
payment-api-7f8d1_831,2026-07-13T09:13:51+00:00,payment-api-7f8d1,payment-api,1,1003.52,0.98,1,1
payment-api-7f8d1_832,2026-07-13T09:13:52+00:00,payment-api-7f8d1,payment-api,1,1003.52,0.98,1,1
payment-api-7f8d1_833,2026-07-13T09:13:53+00:00,payment-api-7f8d1,payment-api,1,1003.52,0.98,1,1
payment-api-7f8d1_834,2026-07-13T09:13:54+00:00,payment-api-7f8d1,payment-api,1,1003.52,0.98,1,1
payment-api-7f8d1_835,2026-07-13T09:13:55+00:00,payment-api-7f8d1,payment-api,1,1003.52,0.98,1,1
payment-api-7f8d1_836,2026-07-13T09:13:56+00:00,payment-api-7f8d1,payment-api,1,1003.52,0.98,1,1
payment-api-7f8d1_837,2026-07-13T09:13:57+00:00,payment-api-7f8d1,payment-api,1,1003.52,0.98,1,1
payment-api-7f8d1_838,2026-07-13T09:13:58+00:00,payment-api-7f8d1,payment-api,1,1003.52,0.98,1,1
payment-api-7f8d1_839,2026-07-13T09:13:59+00:00,payment-api-7f8d1,payment-api,1,1003.52,0.98,1,1
payment-api-7f8d1_840,2026-07-13T09:14:00+00:00,payment-api-7f8d1,payment-api,1,1003.52,0.98,1,1
payment-api-7f8d1_841,2026-07-13T09:14:01+00:00,payment-api-7f8d1,payment-api,1,1003.52,0.98,1,1
payment-api-7f8d1_842,2026-07-13T09:14:02+00:00,payment-api-7f8d1,payment-api,1,1003.52,0.98,1,1
payment-api-7f8d1_843,2026-07-13T09:14:03+00:00,payment-api-7f8d1,payment-api,1,1003.52,0.98,1,1
payment-api-7f8d1_844,2026-07-13T09:14:04+00:00,payment-api-7f8d1,payment-api,1,1003.52,0.98,1,1
payment-api-7f8d1_845,2026-07-13T09:14:05+00:00,payment-api-7f8d1,payment-api,1,1003.52,0.98,1,1
payment-api-7f8d1_846,2026-07-13T09:14:06+00:00,payment-api-7f8d1,payment-api,1,1003.52,0.98,1,1
payment-api-7f8d1_847,2026-07-13T09:14:07+00:00,payment-api-7f8d1,payment-api,1,1003.52,0.98,1,1
payment-api-7f8d1_848,2026-07-13T09:14:08+00:00,payment-api-7f8d1,payment-api,1,1003.52,0.98,1,1
payment-api-7f8d1_849,2026-07-13T09:14:09+00:00,payment-api-7f8d1,payment-api,1,1003.52,0.98,1,1
payment-api-7f8d1_850,2026-07-13T09:14:10+00:00,payment-api-7f8d1,payment-api,1,1003.52,0.98,1,1
payment-api-7f8d1_851,2026-07-13T09:14:11+00:00,payment-api-7f8d1,payment-api,1,1003.52,0.98,1,1
payment-api-7f8d1_852,2026-07-13T09:14:12+00:00,payment-api-7f8d1,payment-api,1,1003.52,0.98,1,1
payment-api-7f8d1_853,2026-07-13T09:14:13+00:00,payment-api-7f8d1,payment-api,1,1003.52,0.98,1,1
payment-api-7f8d1_854,2026-07-13T09:14:14+00:00,payment-api-7f8d1,payment-api,1,1003.52,0.98,1,1
payment-api-7f8d1_855,2026-07-13T09:14:15+00:00,payment-api-7f8d1,payment-api,1,1003.52,0.98,1,1
payment-api-7f8d1_856,2026-07-13T09:14:16+00:00,payment-api-7f8d1,payment-api,1,1003.52,0.98,1,1
payment-api-7f8d1_857,2026-07-13T09:14:17+00:00,payment-api-7f8d1,payment-api,1,1003.52,0.98,1,1
payment-api-7f8d1_858,2026-07-13T09:14:18+00:00,payment-api-7f8d1,payment-api,1,1003.52,0.98,1,1
payment-api-7f8d1_859,2026-07-13T09:14:19+00:00,payment-api-7f8d1,payment-api,1,1003.52,0.98,1,1
payment-api-7f8d1_860,2026-07-13T09:14:20+00:00,payment-api-7f8d1,payment-api,1,1003.52,0.98,1,1
payment-api-7f8d1_861,2026-07-13T09:14:21+00:00,payment-api-7f8d1,payment-api,1,1003.52,0.98,1,1
payment-api-7f8d1_862,2026-07-13T09:14:22+00:00,payment-api-7f8d1,payment-api,1,1003.52,0.98,1,1
payment-api-7f8d1_863,2026-07-13T09:14:23+00:00,payment-api-7f8d1,payment-api,1,1003.52,0.98,1,1
payment-api-7f8d1_864,2026-07-13T09:14:24+00:00,payment-api-7f8d1,payment-api,1,1003.52,0.98,1,1
payment-api-7f8d1_865,2026-07-13T09:14:25+00:00,payment-api-7f8d1,payment-api,1,1003.52,0.98,1,1
payment-api-7f8d1_866,2026-07-13T09:14:26+00:00,payment-api-7f8d1,payment-api,1,1003.52,0.98,1,1
payment-api-7f8d1_867,2026-07-13T09:14:27+00:00,payment-api-7f8d1,payment-api,1,1003.52,0.98,1,1
payment-api-7f8d1_868,2026-07-13T09:14:28+00:00,payment-api-7f8d1,payment-api,1,1003.52,0.98,1,1
payment-api-7f8d1_869,2026-07-13T09:14:29+00:00,payment-api-7f8d1,payment-api,1,1003.52,0.98,1,1
